lei,lou_prefix,entity_id
GFSC00TJVQ2475366476,GFSC,TJVQ24753664
XMBV00AGDM4713168729,XMBV,AGDM47131687
HZNO00EAMA3902592922,HZNO,EAMA39025929
BZFK00GAIO8804904702,BZFK,GAIO88049047
PMXJ00AFCN3608338096,PMXJ,AFCN36083380
FXLG00LKNT6091087975,FXLG,LKNT60910879
FLCI00AUJL4393338371,FLCI,AUJL43933383
LXZV00ARJR9642262385,LXZV,ARJR96422623
QZSA00GMHY0562482990,QZSA,GMHY05624829
PLSQ00TBFG2005416474,PLSQ,TBFG20054164
HVXD00VPCJ5891938407,HVXD,VPCJ58919384
RLOI00FXXE2684285919,RLOI,FXXE26842859
PEEZ00JQOH6876553870,PEEZ,JQOH68765538
TFFR00LQGQ8085239928,TFFR,LQGQ80852399
RRJU00FXWC6196775631,RRJU,FXWC61967756
UMNT00GCPJ9476527655,UMNT,GCPJ94765276
LLHF00NCFA2409451322,LLHF,NCFA24094513
VSQS00YKLC8763007076,VSQS,YKLC87630070
YKFN00XXSG4207216004,YKFN,XXSG42072160
MMZC00ONUM0220358531,MMZC,ONUM02203585
VZFC00PSDG2926311237,VZFC,PSDG29263112
ICSX00RVIM3488175032,ICSX,RVIM34881750
YLCE00YBTR9307146891,YLCE,YBTR93071468
JZLP00RIOU0894685129,JZLP,RIOU08946851
TNAI00RDAI3035634616,TNAI,RDAI30356346
KIOI00VBXE2679635773,KIOI,VBXE26796357
SHCZ00XYTT6578200812,SHCZ,XYTT65782008
BLOM00XBCE1043023070,BLOM,XBCE10430230
WILU00AVLL7595445525,WILU,AVLL75954455
NXFX00FUMO4016380254,NXFX,FUMO40163802
HMED00MYOH4860785874,HMED,MYOH48607858
IYGT00EVAV0367287524,IYGT,EVAV03672875
IXED00DDPJ3198733639,IXED,DDPJ31987336
AOVM00TKWE2839789041,AOVM,TKWE28397890
QXRR00QYGE3767940206,QXRR,QYGE37679402
GEJD00SGPT0948311597,GEJD,SGPT09483115
IEKJ00SHSG8087145331,IEKJ,SHSG80871453
ITOE00XFDP8307334285,ITOE,XFDP83073342
XSZW00FJHV7289386780,XSZW,FJHV72893867
YVKH00PHRO4442630741,YVKH,PHRO44426307
SASW00QUDE0036136210,SASW,QUDE00361362
LHWJ00BZMO3451216543,LHWJ,BZMO34512165
YNBR00OBYF7729852473,YNBR,OBYF77298524
WNRN00RLFP2203061831,WNRN,RLFP22030618
MVYW00VQRC9396028788,MVYW,VQRC93960287
RQVJ00UHZL8414995107,RQVJ,UHZL84149951
PTRZ00YCSY9612821386,PTRZ,YCSY96128213
FVWI00YBUD9375767478,FVWI,YBUD93757674
KCUQ00SLTP5757977433,KCUQ,SLTP57579774
SMPZ00CPYX7345216432,SMPZ,CPYX73452164
CDIS00LQFS6055981203,CDIS,LQFS60559812
ZZFS00VBTC2716638938,ZZFS,VBTC27166389
KLRF00TJYP6400105984,KLRF,TJYP64001059
CDBG00TJUQ7765936956,CDBG,TJUQ77659369
FMSU00RXYJ3269037546,FMSU,RXYJ32690375
IOTV00CFAY8210611919,IOTV,CFAY82106119
RMMO00CBOD9740117068,RMMO,CBOD97401170
ZGWQ00ASJK9614029681,ZGWQ,ASJK96140296
KWVW00CDPG3269050550,KWVW,CDPG32690505
CFHH00BQVU4551388510,CFHH,BQVU45513885
BRHQ00SHGK5016171974,BRHQ,SHGK50161719
NFPQ00YZMN9610495310,NFPQ,YZMN96104953
BVGJ00BIAB8780320450,BVGJ,BIAB87803204
OHUB00YHOS8337209039,OHUB,YHOS83372090
IHSA00AKSM3203978046,IHSA,AKSM32039780
SFHU00NODX6994675463,SFHU,NODX69946754
GKMQ00LKGM9258971214,GKMQ,LKGM92589712
BWSU00CREJ3166010909,BWSU,CREJ31660109
JJGC00NNAR9237286141,JJGC,NNAR92372861
HHII00EXJZ2721623264,HHII,EXJZ27216232
QEWV00XUDR5398387218,QEWV,XUDR53983872
NGTG00YYQE4535051669,NGTG,YYQE45350516
EUZH00WDKQ8444484043,EUZH,WDKQ84444840
PHPT00YJPI0227381048,PHPT,YJPI02273810
JQZF00ILLQ5137610780,JQZF,ILLQ51376107
PDJP00EWHD6871294584,PDJP,EWHD68712945
YHQB00REMR1447517627,YHQB,REMR14475176
ETJM00PMIV9566036571,ETJM,PMIV95660365
MPTS00BXJA0732818432,MPTS,BXJA07328184
WYKO00JGGO7832611098,WYKO,JGGO78326110
ZAKC00MZID3505898536,ZAKC,MZID35058985
JNZL00FJAU7325842846,JNZL,FJAU73258428
KQFR00OEMT9198230965,KQFR,OEMT91982309
CLUM00PJEN9030639807,CLUM,PJEN90306398
BSEY00FBYO2520518364,BSEY,FBYO25205183
NPAI00BIEK5164910502,NPAI,BIEK51649105
UCJF00PEOS0316402051,UCJF,PEOS03164020
TJKO00JVPQ0887804114,TJKO,JVPQ08878041
AKQA00RIJL1482215933,AKQA,RIJL14822159
EOOM00SBSD7954734128,EOOM,SBSD79547341
XARE00WNZJ6516319212,XARE,WNZJ65163192
IOQQ00GPUO4474245664,IOQQ,GPUO44742456
BYNZ00QUKG5353251281,BYNZ,QUKG53532512
ZVIA00CABM6344836908,ZVIA,CABM63448369
QTIT00JBJG2057804927,QTIT,JBJG20578049
HDHR00IGPA3294229672,HDHR,IGPA32942296
XXOK00UOEJ4818564493,XXOK,UOEJ48185644
GWYW00QFJA9957992418,GWYW,QFJA99579924
SGWM00CZRN5596611964,SGWM,CZRN55966119
MMWG00FUJV8823511128,MMWG,FUJV88235111
GYRJ00NFDH3067947541,GYRJ,NFDH30679475
VXLP00KJUV1357547405,VXLP,KJUV13575474
KQIB00LXNI7485109003,KQIB,LXNI74851090
BLHT00QFSJ7368943550,BLHT,QFSJ73689435
FGXW00YBQR9635817959,FGXW,YBQR96358179
IXJS00MRYD6976040458,IXJS,MRYD69760404
OYTD00BBLM3725941866,OYTD,BBLM37259418
YFMT00ADHC0669346728,YFMT,ADHC06693467
QZVO00FBDN6663375586,QZVO,FBDN66633755
DIDI00EMKR2334735207,DIDI,EMKR23347352
MIXH00LUBZ0145047165,MIXH,LUBZ01450471
TQUR00DEWT7516891178,TQUR,DEWT75168911
YFCY00JLAA9988327945,YFCY,JLAA99883279
HIEZ00SSMM2031514365,HIEZ,SSMM20315143
ZDAD00SQLK4971809824,ZDAD,SQLK49718098
IQFZ00KJCL8432451723,IQFZ,KJCL84324517
JLSY00KXOW8644904087,JLSY,KXOW86449040
CPEY00AYVL2176296180,CPEY,AYVL21762961
GVWL00TVYW2295213487,GVWL,TVYW22952134
DNCE00IWTM1827808189,DNCE,IWTM18278081
QNRQ00RRVG3525045409,QNRQ,RRVG35250454
OHJN00HCIU7939991952,OHJN,HCIU79399919
KMKA00LJGP1302991033,KMKA,LJGP13029910
VYBV00SMCW1966547288,VYBV,SMCW19665472
ZTKH00AFHK4993941210,ZTKH,AFHK49939412
LBVL00HAVG5856174754,LBVL,HAVG58561747
QFAL00YNNR3352192147,QFAL,YNNR33521921
CYVM00OXUE4244630026,CYVM,OXUE42446300
KKUO00CJLB9272053647,KKUO,CJLB92720536
AOSE00AEMA6945672979,AOSE,AEMA69456729
JNJF00QRRG9956926868,JNJF,QRRG99569268
ASOQ00FWCD6209628105,ASOQ,FWCD62096281
VXCA00ROSZ0283794402,VXCA,ROSZ02837944
XNEH00YMQR2491661842,XNEH,YMQR24916618
FSJS00PKUE3109286709,FSJS,PKUE31092867
ZHXU00AOSN5643927059,ZHXU,AOSN56439270
JTQV00RCUX1001536304,JTQV,RCUX10015363
HOCG00BTGM6467992946,HOCG,BTGM64679929
BJGR00QVHD2994360558,BJGR,QVHD29943605
VONK00XAIQ6089258672,VONK,XAIQ60892586
KAWW00YCFD0326133979,KAWW,YCFD03261339
VDYU00VFBI2391562639,VDYU,VFBI23915626
JOJU00SFPU7350582281,JOJU,SFPU73505822
ZBTW00LWZQ1794895826,ZBTW,LWZQ17948958
MCTV00QVDK0958342010,MCTV,QVDK09583420
YJUC00ECVC4488145297,YJUC,ECVC44881452
QGKA00HWBQ0663422042,QGKA,HWBQ06634220
GFEP00AWGZ1861905598,GFEP,AWGZ18619055
HJAX00GMZY4952369048,HJAX,GMZY49523690
SSFM00SCBQ7848458736,SSFM,SCBQ78484587
NGUY00CUHH2124281139,NGUY,CUHH21242811
XIML00IEWQ1385107842,XIML,IEWQ13851078
WNHX00BLGK1084749538,WNHX,BLGK10847495
FLXK00QNZT0822735526,FLXK,QNZT08227355
KWDK00JBFW4989193974,KWDK,JBFW49891939
LMKP00KMLF6787894238,LMKP,KMLF67878942
NXPG00MNIS2128494048,NXPG,MNIS21284940
SJHJ00YWGP5813747438,SJHJ,YWGP58137474
APBP00PIFC1777771596,APBP,PIFC17777715
POUJ00ESPZ8720731613,POUJ,ESPZ87207316
HRQL00GQAP2163956993,HRQL,GQAP21639569
GGVP00DPIS8658204512,GGVP,DPIS86582045
PEAJ00FRQZ7906588718,PEAJ,FRQZ79065887
QJVD00SEBA5517259311,QJVD,SEBA55172593
QRPV00RXVS7201266288,QRPV,RXVS72012662
KNTC00WWKY7653964053,KNTC,WWKY76539640
YVQL00TKQJ0433894697,YVQL,TKQJ04338946
XXJM00LSKV1353005742,XXJM,LSKV13530057
NIIK00BGGH8419417392,NIIK,BGGH84194173
RAQL00ZPTY5788404965,RAQL,ZPTY57884049
AOZM00ODFJ6499405645,AOZM,ODFJ64994056
YWTY00GBVB6703377309,YWTY,GBVB67033773
ETMU00TUQJ9544738205,ETMU,TUQJ95447382
VFQW00ZITM3908975690,VFQW,ZITM39089756
OSAJ00LKGW8478256293,OSAJ,LKGW84782562
CKQK00CMAJ5778834511,CKQK,CMAJ57788345
LODL00GHSN1485139842,LODL,GHSN14851398
OFCT00WEGN2649328006,OFCT,WEGN26493280
DRIL00GJKK0874904354,DRIL,GJKK08749043
DNEJ00IDPQ5967597871,DNEJ,IDPQ59675978
EDHG00OBSQ0036032022,EDHG,OBSQ00360320
TGEG00VTLM0616119665,TGEG,VTLM06161196
PPGD00AFAR4517139980,PPGD,AFAR45171399
JQYN00BQIU0518286529,JQYN,BQIU05182865
NKXI00SKNM2911771157,NKXI,SKNM29117711
GULY00OWOA7415846857,GULY,OWOA74158468
VOLN00HMXY1050985373,VOLN,HMXY10509853
APTZ00GAFN8920056235,APTZ,GAFN89200562
VYOP00GXYX1895783070,VYOP,GXYX18957830
MMPW00SGXG6753640977,MMPW,SGXG67536409
UCVN00MUDY7618446689,UCVN,MUDY76184466
EDYN00TYZL2571943132,EDYN,TYZL25719431
WLJW00KLRD7967694831,WLJW,KLRD79676948
DPTJ00ECER6183790196,DPTJ,ECER61837901
LFND00PVUA3737011481,LFND,PVUA37370114
ZFWV00WNXJ8014133406,ZFWV,WNXJ80141334
OIAQ00ZNIR3615067239,OIAQ,ZNIR36150672
ZMID00ZNOQ1998882972,ZMID,ZNOQ19988829
BCKV00LNEH1880527548,BCKV,LNEH18805275
CPKA00KYGZ7146925941,CPKA,KYGZ71469259
ZGXD00CDYJ1868724717,ZGXD,CDYJ18687247
KPQZ00BSQD0557454436,KPQZ,BSQD05574544
HUZI00KKKE3638567943,HUZI,KKKE36385679
XYUQ00DIRY2792160388,XYUQ,DIRY27921603
BJSH00PUMK7877746358,BJSH,PUMK78777463
AHGU00PHRF6633025502,AHGU,PHRF66330255
MWPE00TWJO1335511551,MWPE,TWJO13355115
SSMZ00HWZW9421425297,SSMZ,HWZW94214252
IJFE00XRDJ2786015184,IJFE,XRDJ27860151
MPXZ00UTTL1158151213,MPXZ,UTTL11581512
CFDG00RLMR4134495066,CFDG,RLMR41344950
GYKV00GOCZ0501127018,GYKV,GOCZ05011270
XXKE00BCVX6096546420,XXKE,BCVX60965464
YWCH00JMWR6396818475,YWCH,JMWR63968184
YNWF00GUFK0476965138,YNWF,GUFK04769651
YUZO00XUDF0154049202,YUZO,XUDF01540492
TKTQ00DUDX9093933055,TKTQ,DUDX90939330
VUOI00WMID0649204787,VUOI,WMID06492047
USTQ00ODID6391463806,USTQ,ODID63914638
STWY00GBCL4073628080,STWY,GBCL40736280
BLHY00OQWH8494438959,BLHY,OQWH84944389
PHQH00DQCD6697542133,PHQH,DQCD66975421
UXGI00FSET8317171830,UXGI,FSET83171718
AJVJ00FGUE5144776013,AJVJ,FGUE51447760
GJLF00KFIL9470080865,GJLF,KFIL94700808
LMJZ00VDKA5894211089,LMJZ,VDKA58942110
AEPQ00OQVL7681463353,AEPQ,OQVL76814633
CKDY00MCKN3360007175,CKDY,MCKN33600071
LJNW00PXFZ8429735353,LJNW,PXFZ84297353
WGTV00AJVZ4234083482,WGTV,AJVZ42340834
UEPU00YDDH4104343875,UEPU,YDDH41043438
CEBR00JREA4305290198,CEBR,JREA43052901
VMAX00MBUO3401667491,VMAX,MBUO34016674
FQMA00UFAO4098315404,FQMA,UFAO40983154
RDRB00IKRN2555566474,RDRB,IKRN25555664
UTAB00NOTP9596663839,UTAB,NOTP95966638
OGMP00CTHT8575037995,OGMP,CTHT85750379
GDLX00AHGX5081408729,GDLX,AHGX50814087
PWNN00RLQX4941054408,PWNN,RLQX49410544
OWFQ00NTOK3833689013,OWFQ,NTOK38336890
NMQJ00LYRS9590959835,NMQJ,LYRS95909598
KERD00BRMJ5917040384,KERD,BRMJ59170403
TXFS00RXGG2803202580,TXFS,RXGG28032025
TKOF00EBFG0260459262,TKOF,EBFG02604592
YDUS00ZXDA3695548984,YDUS,ZXDA36955489
AUKK00GBDZ9070771456,AUKK,GBDZ90707714
LTJH00TAJK3092992274,LTJH,TAJK30929922
HZKZ00KKOQ4522471236,HZKZ,KKOQ45224712
VDAY00CNHY1673429713,VDAY,CNHY16734297
VAJM00CZJC7510779866,VAJM,CZJC75107798
OKBI00QSGW2452089206,OKBI,QSGW24520892
NTHX00AGUN6149887766,NTHX,AGUN61498877
ZJWS00XKOO9124166125,ZJWS,XKOO91241661
BIGK00FVTY5149072025,BIGK,FVTY51490720
JVJL00QJMZ2926337831,JVJL,QJMZ29263378
ESTH00RDBY3232381286,ESTH,RDBY32323812
BGYE00RPXW4115392396,BGYE,RPXW41153923
HOAD00SCDJ7415743014,HOAD,SCDJ74157430
OOSG00NXIH8206523488,OOSG,NXIH82065234
FGCI00JVIX5871761739,FGCI,JVIX58717617
YUIL00UZUJ3819449025,YUIL,UZUJ38194490
FADX00YHCV3555589944,FADX,YHCV35555899
WDYI00FGBZ8128937729,WDYI,FGBZ81289377
JAYH00KQTV4302327238,JAYH,KQTV43023272
KDNT00YBQL6215568334,KDNT,YBQL62155683
PITR00PCNC1111328307,PITR,PCNC11113283
YKPT00YZYW3801135204,YKPT,YZYW38011352
SKWA00RBEJ1696995769,SKWA,RBEJ16969957
JAAL00PUXA7847786590,JAAL,PUXA78477865
YSVI00PTVS1320886831,YSVI,PTVS13208868
OVTK00NCTI1230349023,OVTK,NCTI12303490
KWXD00UQBZ4150373421,KWXD,UQBZ41503734
MTGL00VUTP0832271431,MTGL,VUTP08322714
OQNI00YSBA8565597223,OQNI,YSBA85655972
NQAP00COBJ1387698695,NQAP,COBJ13876986
WXHU00QQZL7787033593,WXHU,QQZL77870335
LUNA00EQDS1693696014,LUNA,EQDS16936960
UPET00JZKC4947256955,UPET,JZKC49472569
RHJW00IEQU1913017466,RHJW,IEQU19130174
ATYP00QKEQ7363766147,ATYP,QKEQ73637661
VJRT00QCYN1590770154,VJRT,QCYN15907701
LTRS00QOQO2591200342,LTRS,QOQO25912003
MNNR00EDXK2186745475,MNNR,EDXK21867454
TOPX00WOVV5183956809,TOPX,WOVV51839568
UHLO00FQIE7829987019,UHLO,FQIE78299870
IBEJ00AOOU9600428997,IBEJ,AOOU96004289
AHFI00UUYO5197142537,AHFI,UUYO51971425
QCZA00DDIT9967561845,QCZA,DDIT99675618
JUJH00ZQGI4836795597,JUJH,ZQGI48367955
URRZ00NWBV5034528409,URRZ,NWBV50345284
BYJU00EWYM6818896946,BYJU,EWYM68188969
FYSX00GDTY6284906879,FYSX,GDTY62849068
OEYP00VUAX5337385415,OEYP,VUAX53373854
SYMY00THNJ0952164439,SYMY,THNJ09521644
JNCB00SBRS2634562953,JNCB,SBRS26345629
KIIO00JQET8961050002,KIIO,JQET89610500
CLNK00LSEE9425243324,CLNK,LSEE94252433
FSIQ00KEZM9421177843,FSIQ,KEZM94211778
DQCL00MEPS5461568424,DQCL,MEPS54615684
FGQN00BHOM3488809285,FGQN,BHOM34888092
DATD00NNQV9980329955,DATD,NNQV99803299
LDAI00LFEN0678336003,LDAI,LFEN06783360
DUTZ00XHAH5304082193,DUTZ,XHAH53040821
JHGX00UJUW7457250938,JHGX,UJUW74572509
WNLH00QGRW6755393538,WNLH,QGRW67553935
UEHW00GIYG9951083090,UEHW,GIYG99510830
OTQF00UCAM7312878590,OTQF,UCAM73128785
RJQK00WLQH9337600533,RJQK,WLQH93376005
UZJB00ASDX8633361434,UZJB,ASDX86333614
SCPA00OEVO4853033648,SCPA,OEVO48530336
HWTW00YKAT5649916690,HWTW,YKAT56499166
XZUC00NLDQ0434241028,XZUC,NLDQ04342410
PIMC00AJUW8705256367,PIMC,AJUW87052563
JIVZ00XMPM5024437484,JIVZ,XMPM50244374
ZBGZ00IXFR5595503389,ZBGZ,IXFR55955033
QXJC00KKJR5097600756,QXJC,KKJR50976007
OOUW00GHZP4467295694,OOUW,GHZP44672956
PPUW00WOTN8153736361,PPUW,WOTN81537363
OWNK00VAGT3499280766,OWNK,VAGT34992807
CTOR00JWSB4754702411,CTOR,JWSB47547024
KELG00TLYR6446576366,KELG,TLYR64465763
QVJT00OPMY9409583018,QVJT,OPMY94095830
XQKJ00THLJ7243777995,XQKJ,THLJ72437779
JDLZ00SRLQ1968473819,JDLZ,SRLQ19684738
HUZI00ONGO6752859043,HUZI,ONGO67528590
SMGD00KLEV2448160691,SMGD,KLEV24481606
QKXI00NQKS0443901277,QKXI,NQKS04439012
ZLMO00NXNJ3569079272,ZLMO,NXNJ35690792
SQZZ00GMTX9854155866,SQZZ,GMTX98541558
BNYN00BXBH6399293634,BNYN,BXBH63992936
APTG00HAGD3161074298,APTG,HAGD31610742
OUKE00BQFB2497153346,OUKE,BQFB24971533
VCRQ00YPYW0446860494,VCRQ,YPYW04468604
YWLR00ACSA8743443059,YWLR,ACSA87434430
POGH00WEMG9198613307,POGH,WEMG91986133
JUVM00CKWA5661107991,JUVM,CKWA56611079
HGCN00BBHP8107975314,HGCN,BBHP81079753
VPWM00KTSN6178101427,VPWM,KTSN61781014
EJVP00MXTH2563859323,EJVP,MXTH25638593
JGWY00TLWU6639559894,JGWY,TLWU66395598
BUSE00RWAD0820549198,BUSE,RWAD08205491
IMPV00GWBS8607906774,IMPV,GWBS86079067
NCBN00RJAP5466378334,NCBN,RJAP54663783
JMYL00EEUF7764497766,JMYL,EEUF77644977
FETA00SOGP9061335753,FETA,SOGP90613357
SCDO00IYWZ2748445638,SCDO,IYWZ27484456
MJDC00ABDF6815748963,MJDC,ABDF68157489
DDFM00PLPX1035413053,DDFM,PLPX10354130
LBME00ROUL5123646520,LBME,ROUL51236465
EGDF00JEVI8489973758,EGDF,JEVI84899737
YXXE00TPZF7618714531,YXXE,TPZF76187145
FNXE00AKXR5384075445,FNXE,AKXR53840754
AAGN00ETWT7384910090,AAGN,ETWT73849100
UWUW00NNHV8169633345,UWUW,NNHV81696333
GHJS00LZTA3954599134,GHJS,LZTA39545991
RPES00LSTW9166666213,RPES,LSTW91666662
NEQO00XCNF0458500472,NEQO,XCNF04585004
ICZD00VCGN3241506030,ICZD,VCGN32415060
NLSR00IWDO7118358490,NLSR,IWDO71183584
KEXZ00EWJK9594979421,KEXZ,EWJK95949794
LQND00YWYH2491292240,LQND,YWYH24912922
MXAP00KRLX2109372286,MXAP,KRLX21093722
VPON00WNMB2534034825,VPON,WNMB25340348
FOVN00MTWZ8230301326,FOVN,MTWZ82303013
FVHU00ZROK9598307886,FVHU,ZROK95983078
HXOP00TRWZ6289394116,HXOP,TRWZ62893941
STRF00JYXU3551193814,STRF,JYXU35511938
CMIV00WESI0202514036,CMIV,WESI02025140
OYEX00RLDJ7802213389,OYEX,RLDJ78022133
QRPC00CPFX1161829006,QRPC,CPFX11618290
MDLD00HRAT2862052348,MDLD,HRAT28620523
PJLZ00JULA3129138924,PJLZ,JULA31291389
MPHF00YOLF6545363937,MPHF,YOLF65453639
MLXY00GRZJ8102809643,MLXY,GRZJ81028096
VLYA00AHQE6552410957,VLYA,AHQE65524109
GPGJ00AJTQ9197151349,GPGJ,AJTQ91971513
KGYM00VOUR1685994432,KGYM,VOUR16859944
FMUA00PEPT6394438053,FMUA,PEPT63944380
INMT00OPNN3837133906,INMT,OPNN38371339
RYDB00WVCO6505171311,RYDB,WVCO65051713
MLXI00GOVU4799775070,MLXI,GOVU47997750
EVXF00CMCX4323157326,EVXF,CMCX43231573
FIAK00WPIA6331239977,FIAK,WPIA63312399
XQII00RYXP8993937844,XQII,RYXP89939378
YURR00CAOV3627342888,YURR,CAOV36273428
SVXF00YWUR9932251269,SVXF,YWUR99322512
HLPI00FFME0276842283,HLPI,FFME02768422
TNJW00IVBR7299799624,TNJW,IVBR72997996
XCOZ00OXXR5432190182,XCOZ,OXXR54321901
SYVR00SXGU4671521177,SYVR,SXGU46715211
QCYS00ZRFL8220249880,QCYS,ZRFL82202498
FYJA00CYZY7081141527,FYJA,CYZY70811415
GLJM00FFTP5573352071,GLJM,FFTP55733520
PLVL00GATA1097473743,PLVL,GATA10974737
BHHH00OFGO0076057241,BHHH,OFGO00760572
SNOX00NKSX3611458849,SNOX,NKSX36114588
EASI00GQME8194316452,EASI,GQME81943164
GGLX00FKAJ2568363673,GGLX,FKAJ25683636
SUEP00TNCU6464290878,SUEP,TNCU64642908
CHEH00HYTD8256452176,CHEH,HYTD82564521
ZPWG00IGME0768856294,ZPWG,IGME07688562
SRMJ00CDXJ4576345039,SRMJ,CDXJ45763450
WJQR00FJKB8315941070,WJQR,FJKB83159410
NKGM00DIQA4000858694,NKGM,DIQA40008586
IQHX00TVTW5134387932,IQHX,TVTW51343879
SMOL00LGEP4485418133,SMOL,LGEP44854181
CHPM00PYBS4501635331,CHPM,PYBS45016353
UVVG00ANSX6319646550,UVVG,ANSX63196465
QEOC00MYDW2514976633,QEOC,MYDW25149766
CZMG00RLWV7641950177,CZMG,RLWV76419501
TCWH00RSJF9903755726,TCWH,RSJF99037557
GXXC00UHIF2697315717,GXXC,UHIF26973157
VJLP00OIOS9892186051,VJLP,OIOS98921860
FFXU00GQQE1443829347,FFXU,GQQE14438293
DFZV00OCGZ1979073257,DFZV,OCGZ19790732
EJDW00IWKM1596227150,EJDW,IWKM15962271
RDQU00IBFS5007416514,RDQU,IBFS50074165
JKMP00YYPS0188909794,JKMP,YYPS01889097
MTNA00YSMM4815167360,MTNA,YSMM48151673
HBWA00BSQX8043985047,HBWA,BSQX80439850
LCCF00JIPX9697713914,LCCF,JIPX96977139
XPRG00EFFU3615565206,XPRG,EFFU36155652
ZMKA00GWDS6910027662,ZMKA,GWDS69100276
CWGJ00VAQM9308210425,CWGJ,VAQM93082104
UHDH00VNAY8245719684,UHDH,VNAY82457196
GMZO00NKUE2906347721,GMZO,NKUE29063477
JUVB00QYEI5661827238,JUVB,QYEI56618272
IODE00ZEUX7168987115,IODE,ZEUX71689871
LXNU00PCRK9194401441,LXNU,PCRK91944014
HJTP00YGHC7650086225,HJTP,YGHC76500862
KYXS00DHHF1223585433,KYXS,DHHF12235854
EXQV00DXAP6622343344,EXQV,DXAP66223433
UCVE00XHLG6776298297,UCVE,XHLG67762982
ERMB00MPEY0078531840,ERMB,MPEY00785318
IJIK00YIEX2640516387,IJIK,YIEX26405163
NYVM00DHWW9738655622,NYVM,DHWW97386556
HKJO00QNYE1671811720,HKJO,QNYE16718117
KULU00IPWG3522207807,KULU,IPWG35222078
DKDE00CAVQ5910429051,DKDE,CAVQ59104290
CZEF00EOTH0742699087,CZEF,EOTH07426990
LLPP00RNVM2363542535,LLPP,RNVM23635425
VKQF00XFZV1173318660,VKQF,XFZV11733186
JQID00COBR4107853031,JQID,COBR41078530
BURL00MVCD1467173673,BURL,MVCD14671736
PTSS00GZLE4598601808,PTSS,GZLE45986018
ZRNL00BGLX2765528486,ZRNL,BGLX27655284
VGHU00SAPS9648083891,VGHU,SAPS96480838
ZRCD00AJJX2277711013,ZRCD,AJJX22777110
EQKS00XFSM5818093210,EQKS,XFSM58180932
AQCK00OTKS5761985457,AQCK,OTKS57619854
VEKL00EUMV2589041160,VEKL,EUMV25890411
RJWG00OVUE2574236206,RJWG,OVUE25742362
JNED00EFWG6242029738,JNED,EFWG62420297
MQON00LHUX6657787888,MQON,LHUX66577878
REJZ00SFDG1702195231,REJZ,SFDG17021952
ZYVB00YJJT5177935341,ZYVB,YJJT51779353
IIMJ00VVDW0561309876,IIMJ,VVDW05613098
UGWM00AZDM8964237435,UGWM,AZDM89642374
ZZRH00GUAA9486241603,ZZRH,GUAA94862416
XDWC00UPAY3940241071,XDWC,UPAY39402410
ZUOC00XHPB9004985066,ZUOC,XHPB90049850
EQZQ00MAXJ4108856243,EQZQ,MAXJ41088562
MPSF00ESQM2694898754,MPSF,ESQM26948987
IYIC00KRNP5013168092,IYIC,KRNP50131680
GNKD00UFES5883302049,GNKD,UFES58833020
YOHI00IBQY1169345628,YOHI,IBQY11693456
VYXJ00DPYY6148950992,VYXJ,DPYY61489509
LBVT00PAKJ4882018403,LBVT,PAKJ48820184
NGAI00TEYL1208957060,NGAI,TEYL12089570
ABAC00ZRBT4584835781,ABAC,ZRBT45848357
RMDQ00RRZD9833797322,RMDQ,RRZD98337973
OBYJ00VFQX9056754170,OBYJ,VFQX90567541
FYPM00ZHPB7225895285,FYPM,ZHPB72258952
JUXI00VTCE6437426415,JUXI,VTCE64374264
QVAN00FDYZ0541264069,QVAN,FDYZ05412640
VLZV00RCLI7582213723,VLZV,RCLI75822137
YNOS00BKIK2852558226,YNOS,BKIK28525582
ABPP00GXTF2301974829,ABPP,GXTF23019748
GGSX00YLOM9043679355,GGSX,YLOM90436793
NVJB00HDDD7361755081,NVJB,HDDD73617550
TDMY00UTWS8905027457,TDMY,UTWS89050274
CPJI00BUCL1270725820,CPJI,BUCL12707258
ZYVW00BWQS5819911769,ZYVW,BWQS58199117
SRNS00IZNT3430732671,SRNS,IZNT34307326
HLOZ00LRZR3964256136,HLOZ,LRZR39642561
TUAX00PQWJ0624151918,TUAX,PQWJ06241519
ECIT00QGEP3791093252,ECIT,QGEP37910932
WFEP00AXXW9744554347,WFEP,AXXW97445543
VLNS00VOLZ6458111050,VLNS,VOLZ64581110
LUJV00BPFF9128744484,LUJV,BPFF91287444
BHDH00TSCE0310627670,BHDH,TSCE03106276
AIOP00PDHH2044460897,AIOP,PDHH20444608
IDQD00AGQT6093223832,IDQD,AGQT60932238
DXFL00FBDK8546377571,DXFL,FBDK85463775
OEFT00LKMJ3893406616,OEFT,LKMJ38934066
MULO00HVNQ3680019515,MULO,HVNQ36800195
INLF00LMPB8414644162,INLF,LMPB84146441
PYAW00IZYF9368680334,PYAW,IZYF93686803
EADA00KGMQ6188158158,EADA,KGMQ61881581
TPZC00QKBR3177377542,TPZC,QKBR31773775
TITV00TEWJ1912089777,TITV,TEWJ19120897
DRHV00KCFF0608132442,DRHV,KCFF06081324
IOGG00YIGR8059288658,IOGG,YIGR80592886
AHGM00XKNJ2972956639,AHGM,XKNJ29729566
BFYH00NNSC2632526512,BFYH,NNSC26325265
YBVX00ZLVU1094565250,YBVX,ZLVU10945652
NSLW00YHLE5706968771,NSLW,YHLE57069687
JZGP00EBKH1210491720,JZGP,EBKH12104917
LOUN00QSIU1294784164,LOUN,QSIU12947841
YVLF00LUZK8112507653,YVLF,LUZK81125076
PXMS00OBYN7957884391,PXMS,OBYN79578843
NLAH00QJJK7602428462,NLAH,QJJK76024284
QMPT00NTXX3985501390,QMPT,NTXX39855013
YUFU00JDCU1565931326,YUFU,JDCU15659313
FBEW00XIWK4561499059,FBEW,XIWK45614990
YIXZ00GBFS0766971072,YIXZ,GBFS07669710
UQJD00KXDX9848628294,UQJD,KXDX98486282
WGQC00JWGK5361319466,WGQC,JWGK53613194
BZWD00OLZV6911946837,BZWD,OLZV69119468
WEVY00LPMK7010844833,WEVY,LPMK70108448
SUJU00LQBX2711925847,SUJU,LQBX27119258
YKOU00TGJL1458877889,YKOU,TGJL14588778
DHQX00NMEE5412726989,DHQX,NMEE54127269
YWFA00RIGN7497382884,YWFA,RIGN74973828
LJFU00BEDB6605931464,LJFU,BEDB66059314
SPOO00ELNO5300719044,SPOO,ELNO53007190
RPXR00QTYV4825197253,RPXR,QTYV48251972
XGMA00IQCG6927719816,XGMA,IQCG69277198
KWSA00IENT8705988278,KWSA,IENT87059882
IDHW00TUQC4458467197,IDHW,TUQC44584671
SITE00SDJL0547336830,SITE,SDJL05473368
VLNH00HTIW0667179482,VLNH,HTIW06671794
CIVM00KZKM3684411759,CIVM,KZKM36844117
AHHX00INEM6929052803,AHHX,INEM69290528
WQTC00RAXW8492613867,WQTC,RAXW84926138
HPBL00WGAJ7668833062,HPBL,WGAJ76688330
SFOF00EAIN6574058569,SFOF,EAIN65740585
YPGU00VNHC8292173031,YPGU,VNHC82921730
LBRW00GUAA6534576392,LBRW,GUAA65345763
FPGI00GDYP5858145418,FPGI,GDYP58581454
KVTV00YHSH6873216475,KVTV,YHSH68732164
MWDE00FGJU5605174592,MWDE,FGJU56051745
PMNC00GHIF8632422140,PMNC,GHIF86324221
WTNK00VVQL3564122664,WTNK,VVQL35641226
SAVH00GXLO5901819630,SAVH,GXLO59018196
CAGE00NTUN3852903647,CAGE,NTUN38529036
QWPQ00DRKA1307424057,QWPQ,DRKA13074240
GNSM00EGZU2979148725,GNSM,EGZU29791487
HMZI00QHRZ5043480613,HMZI,QHRZ50434806
UKWJ00HKCT3539831261,UKWJ,HKCT35398312
ELBO00VXCY1455504225,ELBO,VXCY14555042
CBOS00UCBX4160565549,CBOS,UCBX41605655
HOAV00DSCG0040842164,HOAV,DSCG00408421
RFOG00UAWC8464963928,RFOG,UAWC84649639
POQN00UDKT0087171593,POQN,UDKT00871715
XGUO00NRQR8302620697,XGUO,NRQR83026206
VGBV00IDQD5715350870,VGBV,IDQD57153508
GAMW00RBEJ6336447432,GAMW,RBEJ63364474
BQRJ00UPOH9876512970,BQRJ,UPOH98765129
KDKZ00FCKP5419932811,KDKZ,FCKP54199328
OAWA00QVVJ6350576197,OAWA,QVVJ63505761
KPZY00ZLJJ4693630611,KPZY,ZLJJ46936306
WVMC00WSCF0884411623,WVMC,WSCF08844116
JUIS00SAOG6057785918,JUIS,SAOG60577859
TFTI00OIHV9234943251,TFTI,OIHV92349432
HOKJ00HMKU1632593732,HOKJ,HMKU16325937
PVGE00TPJO9999744189,PVGE,TPJO99997441
IEBN00GFFF5700986389,IEBN,GFFF57009863
WIUI00KDUB7420745961,WIUI,KDUB74207459
ESHZ00DVRD3243016950,ESHZ,DVRD32430169
AYAK00JWON8928608982,AYAK,JWON89286089
CMSQ00ASPS1766529532,CMSQ,ASPS17665295
VBPA00SKJI3347354077,VBPA,SKJI33473540
XBEB00TZRS5233056235,XBEB,TZRS52330562
CFVC00FDJF4830758061,CFVC,FDJF48307580
UBZZ00XEKQ9630221922,UBZZ,XEKQ96302219
MIAT00GWJQ3215423223,MIAT,GWJQ32154232
AWFG00ROQK8885092843,AWFG,ROQK88850928
ECHF00RFZK3399902379,ECHF,RFZK33999023
CGNX00NCQE4299067481,CGNX,NCQE42990674
SIHV00PYQL3893280742,SIHV,PYQL38932807
BATD00SBUT3907129783,BATD,SBUT39071297
OBVU00OHEB5805936151,OBVU,OHEB58059361
EYMA00CRRL4891613010,EYMA,CRRL48916130
ZOEE00CMKH1057878657,ZOEE,CMKH10578786
FULX00XPDS0271888786,FULX,XPDS02718887
YPXR00KGQZ9336764428,YPXR,KGQZ93367644
JDKZ00IQGB1676422664,JDKZ,IQGB16764226
UMSW00JPCY4936148120,UMSW,JPCY49361481
NUVO00WZZF1804977864,NUVO,WZZF18049778
YFSW00WMZN8683233207,YFSW,WMZN86832332
GPKB00WTXZ2553934257,GPKB,WTXZ25539342
PTGV00EUGX1828886780,PTGV,EUGX18288867
OJWG00QCYK4465456940,OJWG,QCYK44654569
KPVR00JHRM2276384992,KPVR,JHRM22763849
WSRB00TUDM4551629276,WSRB,TUDM45516292
TOUE00NNFD2256417138,TOUE,NNFD22564171
BQFB00PQQQ6166088679,BQFB,PQQQ61660886
WYDH00CXYJ2225438265,WYDH,CXYJ22254382
YZWB00FEHR1093919141,YZWB,FEHR10939191
QYQV00HOJV8594081752,QYQV,HOJV85940817
IKHG00GYIV3294559277,IKHG,GYIV32945592
XWKZ00MSKA5302642110,XWKZ,MSKA53026421
ATKB00PXIR9659384648,ATKB,PXIR96593846
EMEP00QSSJ7164897643,EMEP,QSSJ71648976
ENEI00TBPK4733854243,ENEI,TBPK47338542
GUDJ00NRUW1498340955,GUDJ,NRUW14983409
CQIT00FRJL0281996447,CQIT,FRJL02819964
FTGA00MRVM9576974632,FTGA,MRVM95769746
LCEO00LNMC7933884718,LCEO,LNMC79338847
EBHA00TMTB3229827824,EBHA,TMTB32298278
KGSK00ANPB3491227063,KGSK,ANPB34912270
DYVN00IUHH2438250396,DYVN,IUHH24382503
IINW00LBVF7336233805,IINW,LBVF73362338
XPME00RJLU7844432904,XPME,RJLU78444329
YBAJ00AZEP3973620365,YBAJ,AZEP39736203
DTDH00NAPY9417335022,DTDH,NAPY94173350
HUEC00UJRZ9918498571,HUEC,UJRZ99184985
LQXM00SGWF4625550868,LQXM,SGWF46255508
NURA00JKWE6206205727,NURA,JKWE62062057
ZEPZ00YXRC5754258005,ZEPZ,YXRC57542580
DGQP00KBJK3427772641,DGQP,KBJK34277726
YETM00ZQRM1693846464,YETM,ZQRM16938464
WWOI00JRIB1288060631,WWOI,JRIB12880606
KWWU00VATW2189932592,KWWU,VATW21899325
BTWZ00VNXA8872438393,BTWZ,VNXA88724383
QLTC00JVSJ2526259740,QLTC,JVSJ25262597
YVLI00KFSU7887882438,YVLI,KFSU78878824
SAWH00ZEMO1073417792,SAWH,ZEMO10734177
FCZW00NEKV7196263307,FCZW,NEKV71962633
MARW00TFPT7799257252,MARW,TFPT77992572
MPYA00DONC9549248131,MPYA,DONC95492481
CEHW00CURT7038922492,CEHW,CURT70389224
LNXX00LSEO7924129734,LNXX,LSEO79241297
KGGQ00OZUY3804480209,KGGQ,OZUY38044802
GBZK00OYSQ4808851711,GBZK,OYSQ48088517
IKZL00MYKO1220263870,IKZL,MYKO12202638
EQPO00XKOW1745855118,EQPO,XKOW17458551
EOWC00JACJ5008185884,EOWC,JACJ50081858
AAOR00ZOLG2444726811,AAOR,ZOLG24447268
NRNU00IGVA1246470370,NRNU,IGVA12464703
SUQP00BHKA5600674626,SUQP,BHKA56006746
KVML00QHDC1528238638,KVML,QHDC15282386
FBPA00PXLE6296366693,FBPA,PXLE62963666
LGDE00ZSVW5124630496,LGDE,ZSVW51246304
BUBE00FULJ8050841941,BUBE,FULJ80508419
ZUWH00IKPU4869625730,ZUWH,IKPU48696257
GJNQ00AGYZ3916144176,GJNQ,AGYZ39161441
DVOJ00TGKU6089888887,DVOJ,TGKU60898888
PEIC00JEIL7743182319,PEIC,JEIL77431823
JDRN00KWJK4501007721,JDRN,KWJK45010077
GKNP00OYXY5108657735,GKNP,OYXY51086577
LPIM00WPJN8862934450,LPIM,WPJN88629344
DTFJ00CBFT9100566113,DTFJ,CBFT91005661
SQCF00WKZV8156163665,SQCF,WKZV81561636
RNQP00VZQF3422401158,RNQP,VZQF34224011
CAWY00CTNV2884046251,CAWY,CTNV28840462
OFGF00FCVJ0619132823,OFGF,FCVJ06191328
CBHZ00GZUD5863133821,CBHZ,GZUD58631338
FKMF00RIVH8409617452,FKMF,RIVH84096174
OYFT00XOOK6959949207,OYFT,XOOK69599492
LHYU00ZEYQ5394273706,LHYU,ZEYQ53942737
DROQ00MURK1960444181,DROQ,MURK19604441
YNIT00QTZS4699760410,YNIT,QTZS46997604
EVRC00CDFM1004478355,EVRC,CDFM10044783
SJVZ00ANBA4266025212,SJVZ,ANBA42660252
TEHU00XGRX6295916487,TEHU,XGRX62959164
SKNI00MKJQ1438575204,SKNI,MKJQ14385752
SCPU00QPWD8586693502,SCPU,QPWD85866935
CHMB00COYT7766803786,CHMB,COYT77668037
GALE00BQXS9863847339,GALE,BQXS98638473
LMHE00VPRF3018992343,LMHE,VPRF30189923
MZKF00LSMQ5440346198,MZKF,LSMQ54403461
FBXG00JQMF8019166142,FBXG,JQMF80191661
ZEUJ00MQDY6341216582,ZEUJ,MQDY63412165
YRYR00IFYG7567182321,YRYR,IFYG75671823
NBHI00MQXI9581677640,NBHI,MQXI95816776
FDWR00YHPJ6413508671,FDWR,YHPJ64135086
WMBA00ISAC7860939014,WMBA,ISAC78609390
QEJN00OOAL3475156382,QEJN,OOAL34751563
FJEG00MQXA1961539194,FJEG,MQXA19615391
KFCD00PRVU4375723086,KFCD,PRVU43757230
ZLEZ00ZXKB5494217776,ZLEZ,ZXKB54942177
OKFL00VYFD3535675270,OKFL,VYFD35356752
BKOM00PFHT3492470809,BKOM,PFHT34924708
IVUB00CHGS3386851120,IVUB,CHGS33868511
GBIR00UBOH3322672657,GBIR,UBOH33226726
KNET00LDTP3040498591,KNET,LDTP30404985
KGNV00ZQRO3274699084,KGNV,ZQRO32746990
RPLA00YLGQ7703306752,RPLA,YLGQ77033067
BXQG00CLZT6076391603,BXQG,CLZT60763916
GQWL00NDIC9309880511,GQWL,NDIC93098805
YNTF00MMVL3315142609,YNTF,MMVL33151426
PWXB00WPJF3488812775,PWXB,WPJF34888127
QTCP00OSTK5379753926,QTCP,OSTK53797539
JUVL00KJZT0014242616,JUVL,KJZT00142426
ALFK00YCWF4048354005,ALFK,YCWF40483540
EZUX00HRIV0286010548,EZUX,HRIV02860105
KSTL00LVHM7949696736,KSTL,LVHM79496967
QDXR00CBUQ3380180781,QDXR,CBUQ33801807
QXAN00VTRM9156927226,QXAN,VTRM91569272
NANT00GNKG4456683623,NANT,GNKG44566836
MMXK00UWVX9623395521,MMXK,UWVX96233955
UYSD00ZZNO5304904650,UYSD,ZZNO53049046
ZBPS00YMIK6786240054,ZBPS,YMIK67862400
KJLC00OUTM2657571826,KJLC,OUTM26575718
GHAZ00SMLY8560881656,GHAZ,SMLY85608816
HEZG00IQOC5182690362,HEZG,IQOC51826903
SISB00PTZI1735074375,SISB,PTZI17350743
ADIB00SNTT3450171542,ADIB,SNTT34501715
OHKN00FQRT9720681406,OHKN,FQRT97206814
RIZZ00RNCF3391569936,RIZZ,RNCF33915699
LSWH00QGTT6425724905,LSWH,QGTT64257249
AAKA00LPDL2830889420,AAKA,LPDL28308894
RMID00LFKV7046842261,RMID,LFKV70468422
TVJW00HROI6073205571,TVJW,HROI60732055
ERME00WVKT4315407305,ERME,WVKT43154073
DZFP00XPUY5029862708,DZFP,XPUY50298627
SGNP00ADEK5499339159,SGNP,ADEK54993391
LMJY00ZIVU4003355139,LMJY,ZIVU40033551
VKJG00VHGR5535401584,VKJG,VHGR55354015
BYPP00NWZC0295912144,BYPP,NWZC02959121
UTBB00QQKK3350136690,UTBB,QQKK33501366
EUIR00HPLE3665894903,EUIR,HPLE36658949
HUTZ00VOOP8833361031,HUTZ,VOOP88333610
CZJS00ZEXA6599087904,CZJS,ZEXA65990879
PGNM00SHRP8935283858,PGNM,SHRP89352838
WUXC00ONDH2542798338,WUXC,ONDH25427983
DFVU00XMPV1911868645,DFVU,XMPV19118686
LBGJ00INDV8400808669,LBGJ,INDV84008086
QASU00DPUX9763060677,QASU,DPUX97630606
NDKA00FWGG1079067142,NDKA,FWGG10790671
JPLT00EDHL5588512308,JPLT,EDHL55885123
PGWK00IOKA5851907895,PGWK,IOKA58519078
ABVR00XNEL0080304798,ABVR,XNEL00803047
QHVV00KQWV4269136655,QHVV,KQWV42691366
GHAS00CIVD4484550759,GHAS,CIVD44845507
UZXD00FNXL8117477039,UZXD,FNXL81174770
XIJC00ISCR5771096867,XIJC,ISCR57710968
VXSE00KFYW2414817732,VXSE,KFYW24148177
WDPM00GBKF8059027294,WDPM,GBKF80590272
UEST00VSZO7347591626,UEST,VSZO73475916
VYEF00GNMF9860032269,VYEF,GNMF98600322
YYUS00VEGW1784851136,YYUS,VEGW17848511
PXIU00SREL5523150785,PXIU,SREL55231507
MCDD00SXGS5440661833,MCDD,SXGS54406618
ITCN00ULLC1897567146,ITCN,ULLC18975671
OCHN00IPIW0110315361,OCHN,IPIW01103153
PUJV00UJGP4702860328,PUJV,UJGP47028603
HINR00AWYY9144908560,HINR,AWYY91449085
WJAR00IQPM6007941427,WJAR,IQPM60079414
PJAG00LZXU5048949619,PJAG,LZXU50489496
XBFI00KEWY0602000182,XBFI,KEWY06020001
VKAW00JENJ0080529665,VKAW,JENJ00805296
PYRR00NBUA3585133020,PYRR,NBUA35851330
MEVS00JLQE6104730114,MEVS,JLQE61047301
QUDA00JFLH2729775734,QUDA,JFLH27297757
PLHH00DSMI5875427892,PLHH,DSMI58754278
IGNA00JLGB0274718842,IGNA,JLGB02747188
OOZO00YUOJ5193144737,OOZO,YUOJ51931447
GLAB00MABC0106457747,GLAB,MABC01064577
BVCR00EIPK1724817464,BVCR,EIPK17248174
KRAS00JBNQ1123925318,KRAS,JBNQ11239253
FASS00LXPS3060222902,FASS,LXPS30602229
GMTR00VQBC1177992186,GMTR,VQBC11779921
WIFC00BIXV7288808671,WIFC,BIXV72888086
RHAU00OYAZ9500806361,RHAU,OYAZ95008063
GEPC00ZDRU3600401385,GEPC,ZDRU36004013
HWKS00RSYF4519530404,HWKS,RSYF45195304
SWQO00NZJH4877184769,SWQO,NZJH48771847
LTYS00JEEN3528730157,LTYS,JEEN35287301
BTTP00MJMY8745090564,BTTP,MJMY87450905
CANB00VTOI3605189117,CANB,VTOI36051891
QUSC00TFLJ3541926492,QUSC,TFLJ35419264
MBUC00PKKI3118298227,MBUC,PKKI31182982
EGOV00HFAD1558386467,EGOV,HFAD15583864
BJTS00WIIF7716962663,BJTS,WIIF77169626
TADT00BHXX5186832096,TADT,BHXX51868320
VMEK00DITK7544813671,VMEK,DITK75448136
NAOV00PROI6761197811,NAOV,PROI67611978
PUOK00RDCH8629588069,PUOK,RDCH86295880
JVQV00AFPP3264737908,JVQV,AFPP32647379
VSKP00HLGT4370977455,VSKP,HLGT43709774
JELE00CMMY6772242594,JELE,CMMY67722425
JNGD00KINO4320401112,JNGD,KINO43204011
SHCA00CWNF5177413675,SHCA,CWNF51774136
EMPG00ZGBE5170968362,EMPG,ZGBE51709683
UYJG00IWHK0679746836,UYJG,IWHK06797468
RHXZ00WZWJ1449517630,RHXZ,WZWJ14495176
KYKK00ZWET6640594140,KYKK,ZWET66405941
WZXR00SIYQ6233506684,WZXR,SIYQ62335066
JSBP00YJFN1142987974,JSBP,YJFN11429879
XHBQ00DLKM0355153832,XHBQ,DLKM03551538
KTXK00WPMI5358598460,KTXK,WPMI53585984
ZDUF00IWMA6474815511,ZDUF,IWMA64748155
XNLB00OMQB5336486396,XNLB,OMQB53364863
VYMK00BNBD6801457180,VYMK,BNBD68014571
WOFA00MQGR5667366977,WOFA,MQGR56673669
MMRF00ZAHG4331436840,MMRF,ZAHG43314368
ZSLD00OGIV4412957863,ZSLD,OGIV44129578
SMEN00HLNP3032246123,SMEN,HLNP30322461
CSUO00RPVG7499418594,CSUO,RPVG74994185
ZPUZ00AMAB8492420936,ZPUZ,AMAB84924209
RXER00EWZP2373630239,RXER,EWZP23736302
ZHLS00STOR6596301034,ZHLS,STOR65963010
JXXB00SVJH4429039441,JXXB,SVJH44290394
SMQK00BEIE6472071759,SMQK,BEIE64720717
EZYN00CEWC4080733015,EZYN,CEWC40807330
VQNB00WIXU5538833505,VQNB,WIXU55388335
MAIH00OXKD4533497494,MAIH,OXKD45334974
EKUZ00URHD8668191575,EKUZ,URHD86681915
MLOF00OSBZ7080015380,MLOF,OSBZ70800153
HABJ00EHAB8326057251,HABJ,EHAB83260572
NAYY00MBMY1315691218,NAYY,MBMY13156912
CRSH00NAEV9315986724,CRSH,NAEV93159867
QPJY00DXJT5500773204,QPJY,DXJT55007732
SFPK00KTZJ9147496992,SFPK,KTZJ91474969
LGJQ00QJCR3558355046,LGJQ,QJCR35583550
HTAS00EZEW8425626712,HTAS,EZEW84256267
WHEB00LPYN6990849706,WHEB,LPYN69908497
YWIN00QAIJ1000927625,YWIN,QAIJ10009276
VMLC00KRIK6083410264,VMLC,KRIK60834102
AAFH00GSZK4027105811,AAFH,GSZK40271058
EFRD00BPDE8608144306,EFRD,BPDE86081443
FWZX00OYZB5253106208,FWZX,OYZB52531062
BQKJ00ZJMN7741610471,BQKJ,ZJMN77416104
OGHL00ZUOL2429612354,OGHL,ZUOL24296123
PAGV00GEFM8300602060,PAGV,GEFM83006020
NXJB00YDJU3355842088,NXJB,YDJU33558420
LCNX00SGYC9707568040,LCNX,SGYC97075680
UGSL00WIVG6724245706,UGSL,WIVG67242457
ZHHU00EZSE2304303108,ZHHU,EZSE23043031
XJTV00MQNF4057743117,XJTV,MQNF40577431
DSVW00TIEA9924846533,DSVW,TIEA99248465
WRUH00SGQJ8059929795,WRUH,SGQJ80599297
STNZ00LGLZ2075439422,STNZ,LGLZ20754394
IZNW00UVZP4265163274,IZNW,UVZP42651632
MHIG00BWDM6672753173,MHIG,BWDM66727531
PRPH00TSZO8299227065,PRPH,TSZO82992270
IWRU00ORPE1537071790,IWRU,ORPE15370717
PVUQ00OVQC3419762161,PVUQ,OVQC34197621
FFAO00FIOU2118054949,FFAO,FIOU21180549
MYRE00BMIW4810350251,MYRE,BMIW48103502
FAAB00VXWK3675755072,FAAB,VXWK36757550
DBCW00KAZM3261322435,DBCW,KAZM32613224
PRFU00HNVH4218433262,PRFU,HNVH42184332
XUAO00SYBZ6475949968,XUAO,SYBZ64759499
XFLM00EYFL4847436002,XFLM,EYFL48474360
YOFL00YVMN1509064724,YOFL,YVMN15090647
TODF00ZGOF1448817073,TODF,ZGOF14488170
LIZI00EIMX9266580722,LIZI,EIMX92665807
WNMS00BICS3248464434,WNMS,BICS32484644
GEBT00TEHW2829470241,GEBT,TEHW28294702
SORH00OIAE6598094749,SORH,OIAE65980947
QXIB00TDMS6170789262,QXIB,TDMS61707892
CGFE00CILL3009058676,CGFE,CILL30090586
GGRD00WQVC4863550908,GGRD,WQVC48635509
ONHT00EEBS4814035789,ONHT,EEBS48140357
AJBN00SXMY1461453171,AJBN,SXMY14614531
IEDP00AVDP0848794097,IEDP,AVDP08487940
RCJO00GQCD9033671494,RCJO,GQCD90336714
KWII00TTML1723963769,KWII,TTML17239637
PJRE00MPRP9230671860,PJRE,MPRP92306718
ZWPS00SZSK7836037234,ZWPS,SZSK78360372
ZYVS00YJMQ5125640718,ZYVS,YJMQ51256407
YMYR00CCGE7454356444,YMYR,CCGE74543564
XDDN00VQUO9078585519,XDDN,VQUO90785855
HKNR00AMMR4348657195,HKNR,AMMR43486571
ODLO00RKLE1131237157,ODLO,RKLE11312371
HPPJ00WXZJ1661200212,HPPJ,WXZJ16612002
YLOF00AAJG5064982041,YLOF,AAJG50649820
SUAK00DRJA8551840229,SUAK,DRJA85518402
XZCT00MDSY3169625419,XZCT,MDSY31696254
SURR00PFBW5522152729,SURR,PFBW55221527
LOSV00MNMD0349748308,LOSV,MNMD03497483
LUZC00PHJJ9111033886,LUZC,PHJJ91110338
SZLP00UDQY1486962171,SZLP,UDQY14869621
ZWCL00WBAQ9235731561,ZWCL,WBAQ92357315
KLAE00PTUL3509081348,KLAE,PTUL35090813
LLSB00QWLR4062472520,LLSB,QWLR40624725
URLT00DKFB6054558783,URLT,DKFB60545587
IWND00LCLE8119913934,IWND,LCLE81199139
MKNE00XSUO2498842033,MKNE,XSUO24988420
OTBK00WVIY4501717250,OTBK,WVIY45017172
NQWI00UTYR4418515926,NQWI,UTYR44185159
LJPH00EWQB2903033167,LJPH,EWQB29030331
IVSG00ZQUK7450879031,IVSG,ZQUK74508790
HHSS00OBKT0531634771,HHSS,OBKT05316347
HGJB00RXTL0475489459,HGJB,RXTL04754894
XERN00WAEU1123981591,XERN,WAEU11239815
ECYN00QBZL9723269030,ECYN,QBZL97232690
OPEB00WVUQ7956891680,OPEB,WVUQ79568916
HSOW00EIHB0484009005,HSOW,EIHB04840090
SQXK00ZMDT7684039267,SQXK,ZMDT76840392
YDCU00DLHX6257548784,YDCU,DLHX62575487
YCMF00PWPZ7779444317,YCMF,PWPZ77794443
ISCA00ZFRW0523390693,ISCA,ZFRW05233906
HWWJ00JJSU3874764151,HWWJ,JJSU38747641
LMNT00SIYQ6278465955,LMNT,SIYQ62784659
XJLR00OTWA1315252227,XJLR,OTWA13152522
BXDP00OYQY8532792047,BXDP,OYQY85327920
LAZF00FPTI2767349760,LAZF,FPTI27673497
EECU00JTSV2287895152,EECU,JTSV22878951
KBHH00BQFL1354994393,KBHH,BQFL13549943
AEMT00TUNG0477190688,AEMT,TUNG04771906
TCRE00MAQF4450779570,TCRE,MAQF44507795
BHER00AWIW2148605688,BHER,AWIW21486056
CPKM00ZCCO4360729274,CPKM,ZCCO43607292
JYTM00IHGA6699234241,JYTM,IHGA66992342
VTQK00COSF2241662641,VTQK,COSF22416626
TXYZ00VGYR4107834124,TXYZ,VGYR41078341
DOEB00ZXTL8417075716,DOEB,ZXTL84170757
UJOW00NBLO6135164039,UJOW,NBLO61351640
TGMX00GAXY5522795879,TGMX,GAXY55227958
HCRE00IVUO4394184950,HCRE,IVUO43941849
PCZT00HCDL3760784591,PCZT,HCDL37607845
DZPS00ZAKP0369066813,DZPS,ZAKP03690668
LNSQ00WXUE7511684822,LNSQ,WXUE75116848
KWZL00TMDE7915684682,KWZL,TMDE79156846
AGOD00RFXI9980910343,AGOD,RFXI99809103
IXAZ00OQIW6202314523,IXAZ,OQIW62023145
EUNI00FTBD3535805995,EUNI,FTBD35358059
ILVL00TOCN7085387385,ILVL,TOCN70853873
NXNK00AUOA0942307757,NXNK,AUOA09423077
XMES00LPRM5552680674,XMES,LPRM55526806
DGKW00SEWO4702314889,DGKW,SEWO47023148
USHN00AMSI9805862031,USHN,AMSI98058620
FEYC00PXZB2800298140,FEYC,PXZB28002981
XYRS00RDTZ4588510616,XYRS,RDTZ45885106
QVJU00FPDH0473679297,QVJU,FPDH04736792
VDAR00LTTN9972804965,VDAR,LTTN99728049
HMUC00APXB0414399635,HMUC,APXB04143996
EXZO00DXZD1123837440,EXZO,DXZD11238374
DBCA00PWNP9789116595,DBCA,PWNP97891165
NVDN00TYSH4413004320,NVDN,TYSH44130043
JTJO00YRYB5142791880,JTJO,YRYB51427918
RKGT00MFZH2052595377,RKGT,MFZH20525953
EUQO00QXMD4048199069,EUQO,QXMD40481990
JUCW00FPQV9919187530,JUCW,FPQV99191875
CMIM00ENTJ2996363650,CMIM,ENTJ29963636
BHZS00HTOV2462112250,BHZS,HTOV24621122
RAYK00DZZU9864121013,RAYK,DZZU98641210
UKQB00DGTJ3950132298,UKQB,DGTJ39501322
JABY00ZXRJ1615550507,JABY,ZXRJ16155505
MXCS00KVNM7184378973,MXCS,KVNM71843789
OPWY00AVEM0882427383,OPWY,AVEM08824273
CNMU00NKBF3848522944,CNMU,NKBF38485229
VLSK00YSRW0870490560,VLSK,YSRW08704905
SHTK00YEYU8413180087,SHTK,YEYU84131800
CCAN00YZMA6018908856,CCAN,YZMA60189088
JURF00QEGD9796512712,JURF,QEGD97965127
JBDT00AOAA0020698107,JBDT,AOAA00206981
FNKM00YBXT9433010247,FNKM,YBXT94330102
JNBT00BSRB4572803846,JNBT,BSRB45728038
DGAJ00HCGJ8248013823,DGAJ,HCGJ82480138
YXYA00GRRD7532387839,YXYA,GRRD75323878
OJBQ00OUHU1057032823,OJBQ,OUHU10570328
WOAT00IHKG3028081557,WOAT,IHKG30280815
YNQJ00VXMV2008438788,YNQJ,VXMV20084387
YOQG00AOYL4371798071,YOQG,AOYL43717980
NATL00VRUJ3984650004,NATL,VRUJ39846500
IOBD00QRJM6796430402,IOBD,QRJM67964304
WVPK00MSTP8102697060,WVPK,MSTP81026970
KRDV00WWPW4096463946,KRDV,WWPW40964639
WOAW00KSXP0681570194,WOAW,KSXP06815701
RNIV00BJLN3865402060,RNIV,BJLN38654020
MUQU00OVTB9143120063,MUQU,OVTB91431200
HHPZ00ALHE6732981843,HHPZ,ALHE67329818
BLOR00ANWH1124702362,BLOR,ANWH11247023
SVBM00DXGT0439212165,SVBM,DXGT04392121
RRBJ00HENA7013088840,RRBJ,HENA70130888
LDIE00IFTN9540747515,LDIE,IFTN95407475
DISL00HKHJ3410680318,DISL,HKHJ34106803
AYWQ00FQNV8498580640,AYWQ,FQNV84985806
RLVG00TPCC9418179078,RLVG,TPCC94181790
KDTH00WBHS0152792453,KDTH,WBHS01527924
KRCQ00YJVE5038018390,KRCQ,YJVE50380183
CISH00WRMZ4872755038,CISH,WRMZ48727550
MEZI00IJSW9237824595,MEZI,IJSW92378245
AYIQ00FMZU2028389845,AYIQ,FMZU20283898
KOBC00FAVE1086662588,KOBC,FAVE10866625
BFAB00JYMU0482553740,BFAB,JYMU04825537
YBFK00QQGW1350219095,YBFK,QQGW13502190
RFOW00QTOP1667685115,RFOW,QTOP16676851
EQFL00SFYZ7854087911,EQFL,SFYZ78540879
TVBZ00NUNW5483150960,TVBZ,NUNW54831509
DHYI00HPNX3811559647,DHYI,HPNX38115596
ACPU00GZUB1164085083,ACPU,GZUB11640850
GWRP00UCCN8798427665,GWRP,UCCN87984276
HIBR00PADU1958275305,HIBR,PADU19582753
ZDDX00ZKHD8835729608,ZDDX,ZKHD88357296
BDNV00QDWX4597897126,BDNV,QDWX45978971
DXFW00JFQR2728146147,DXFW,JFQR27281461
MRBU00ZNSR2903598939,MRBU,ZNSR29035989
SILV00ONBB5933868423,SILV,ONBB59338684
POBQ00NQVX2859285927,POBQ,NQVX28592859
ZGRA00GHXC7217023525,ZGRA,GHXC72170235
ITGV00FZDH4206645306,ITGV,FZDH42066453
WBID00AWBJ2649142043,WBID,AWBJ26491420
RZSV00CGYU6984592736,RZSV,CGYU69845927
GYTX00CIFR1458131977,GYTX,CIFR14581319
RYMA00GOSL8576417040,RYMA,GOSL85764170
PICN00IHRX0599400182,PICN,IHRX05994001
OPPO00GYGN1174646025,OPPO,GYGN11746460
NSPU00HMGI1494200878,NSPU,HMGI14942008
ALIJ00DKFM9807143441,ALIJ,DKFM98071434
XFWS00OIUS0876797915,XFWS,OIUS08767979
KNAI00STLK2158945785,KNAI,STLK21589457
RYPX00EEIE7795137267,RYPX,EEIE77951372
DIDB00KZVI6765857702,DIDB,KZVI67658577
TFFD00EOGW9014249093,TFFD,EOGW90142490
HKKB00XWPX2087412214,HKKB,XWPX20874122
LDZA00BQJT2763717891,LDZA,BQJT27637178
IBAA00BZNX5044042774,IBAA,BZNX50440427
DKZK00HNGG5624856230,DKZK,HNGG56248562
EUZI00HOBH7869329916,EUZI,HOBH78693299
ZFWY00LIGK9506092905,ZFWY,LIGK95060929
MASL00ZKUK9517045910,MASL,ZKUK95170459
TDYS00NDUW2987892690,TDYS,NDUW29878926
LPRP00TCEV3674035654,LPRP,TCEV36740356
PBJB00MEZH3104777552,PBJB,MEZH31047775
YLRA00LFQT6998316885,YLRA,LFQT69983168
FNPZ00MGSW8381513750,FNPZ,MGSW83815137
NJRV00SWMS9698997487,NJRV,SWMS96989974
CAAJ00CPCO1246556790,CAAJ,CPCO12465567
IZAC00BJPX6274518877,IZAC,BJPX62745188
UFFZ00HSBU5278278050,UFFZ,HSBU52782780
UAVU00RARC9512574895,UAVU,RARC95125748
GUWO00JVMG7338146310,GUWO,JVMG73381463
OYEV00LBGX9748071431,OYEV,LBGX97480714
RBRD00ORVE3351886894,RBRD,ORVE33518868
WWZZ00TOSD1999253229,WWZZ,TOSD19992532
CEGR00MUHJ1809981791,CEGR,MUHJ18099817
XEJV00FYJU4298615848,XEJV,FYJU42986158
ORZO00WJNH4095798820,ORZO,WJNH40957988
JOFD00UOHA2596663871,JOFD,UOHA25966638
LXQH00KPAW9976292911,LXQH,KPAW99762929
HRDO00RRQZ7734704941,HRDO,RRQZ77347049
IFRW00RHSU6846349772,IFRW,RHSU68463497
GFMN00ZDZS8095078707,GFMN,ZDZS80950787
TXHZ00MTIO3327546995,TXHZ,MTIO33275469
TPEF00INPL7186741150,TPEF,INPL71867411
CYYM00LEDX6610895623,CYYM,LEDX66108956
FAOU00TNTO3464388712,FAOU,TNTO34643887
MPIJ00TRKB8577633715,MPIJ,TRKB85776337
JRMW00LYOT6598741927,JRMW,LYOT65987419
TZIE00SXOX3097447993,TZIE,SXOX30974479
MFMI00BYZM6948609880,MFMI,BYZM69486098
QRWH00KVCW1444539977,QRWH,KVCW14445399
XGHD00NEGI8686390472,XGHD,NEGI86863904
DRXD00KBOP2292266354,DRXD,KBOP22922663
WVRE00TITQ9459519915,WVRE,TITQ94595199
VUVK00BJHL0235072330,VUVK,BJHL02350723
OTRN00EXCW4274935240,OTRN,EXCW42749352
OZCU00GPLG4513954346,OZCU,GPLG45139543
YRUE00YIXU6193745294,YRUE,YIXU61937452
KGZM00KXPS2910446183,KGZM,KXPS29104461
ETJS00EFWX0499216110,ETJS,EFWX04992161
MOMJ00VAGF9382025207,MOMJ,VAGF93820252
COGC00YUKZ5036227812,COGC,YUKZ50362278
TZXK00LRDY6164619182,TZXK,LRDY61646191
MHDV00PRHF9442342206,MHDV,PRHF94423422
KWDO00SORI3807103961,KWDO,SORI38071039
BJMJ00MWOY9552970188,BJMJ,MWOY95529701
PYQJ00PRSA7510839933,PYQJ,PRSA75108399
TDPD00UQZK3851447462,TDPD,UQZK38514474
AECI00RVIC9205447422,AECI,RVIC92054474
UQNK00WDYF9246042491,UQNK,WDYF92460424
LSSM00QDLC2311804324,LSSM,QDLC23118043
OTWQ00FWBC2070563387,OTWQ,FWBC20705633
BLPJ00FRHX8451609684,BLPJ,FRHX84516096
CIKQ00VFVZ4027560849,CIKQ,VFVZ40275608
ZFLU00ZKYX6965591315,ZFLU,ZKYX69655913
EYVC00KKTZ5668455337,EYVC,KKTZ56684553
TYVJ00IVIX2705018317,TYVJ,IVIX27050183
MPNT00RWPQ1231951520,MPNT,RWPQ12319515
RXLC00XJXC4821520303,RXLC,XJXC48215203
IJRM00PYPH8687442125,IJRM,PYPH86874421
SEGS00PQGQ6073243766,SEGS,PQGQ60732437
UXOM00OHFW2511990341,UXOM,OHFW25119903
QCKO00WSOV4106241871,QCKO,WSOV41062418
JKFZ00GCSI0974298648,JKFZ,GCSI09742986
ARFI00KGGK5773966385,ARFI,KGGK57739663
KFAR00MXIM2717031657,KFAR,MXIM27170316
SINK00FQMW8667274452,SINK,FQMW86672744
BSSI00STQN0567335086,BSSI,STQN05673350
QYEJ00IFIT5049453425,QYEJ,IFIT50494534
CUAR00JKOM1351386494,CUAR,JKOM13513864
JVRC00XZGB7880121692,JVRC,XZGB78801216
UXVH00NLCW7505323066,UXVH,NLCW75053230
LBHB00LVMH2397062239,LBHB,LVMH23970622
XFFC00MQUV9360668254,XFFC,MQUV93606682
GTIB00EPCJ7475910684,GTIB,EPCJ74759106
SEFC00GGHL1036740559,SEFC,GGHL10367405
MZYX00HGZA4707983039,MZYX,HGZA47079830
GBDB00NGDJ7566187115,GBDB,NGDJ75661871
VPZL00LWSM2247157435,VPZL,LWSM22471574
TPDT00OPJB6585700529,TPDT,OPJB65857005
SMIX00QVSG8750783172,SMIX,QVSG87507831
MDDG00VKOT9053154896,MDDG,VKOT90531548
OWAO00HCJG7389723031,OWAO,HCJG73897230
ZTIP00MFXT5677737475,ZTIP,MFXT56777374
DJSV00FFQA6155618485,DJSV,FFQA61556184
EAEX00BDHA8308258784,EAEX,BDHA83082587
SYAZ00BXPY4129250398,SYAZ,BXPY41292503
NZSJ00QREH0960126555,NZSJ,QREH09601265
JEKU00QKMS7125921316,JEKU,QKMS71259213
COFG00IGVL8987529556,COFG,IGVL89875295
XAYP00LNGW1060981320,XAYP,LNGW10609813
SVCL00BCMJ6117011834,SVCL,BCMJ61170118
MLTF00ZSMQ5143379006,MLTF,ZSMQ51433790
CNGA00OROT1112398583,CNGA,OROT11123985
AGDH00SMOC5452091314,AGDH,SMOC54520913
ULAN00OCDC4334368141,ULAN,OCDC43343681
EROB00IWSS5070718905,EROB,IWSS50707189
MOEI00HXGC9835260589,MOEI,HXGC98352605
OIZF00RHEK0022104287,OIZF,RHEK00221042
DVQC00OXZA1608706170,DVQC,OXZA16087061
ALXQ00GYVD7796440975,ALXQ,GYVD77964409
HXMB00THFK7534716768,HXMB,THFK75347167
KFFQ00CJZB1202156593,KFFQ,CJZB12021565
DMBA00NCIZ0036637411,DMBA,NCIZ00366374
STWB00WMVH0154428954,STWB,WMVH01544289
FTOS00WSRX1128365711,FTOS,WSRX11283657
RMGF00HKXO9485052465,RMGF,HKXO94850524
DNVJ00QYAQ5826406879,DNVJ,QYAQ58264068
NBSE00SKGS4540969464,NBSE,SKGS45409694
SSEY00HCTL4351647391,SSEY,HCTL43516473
IIUZ00UONC7714210089,IIUZ,UONC77142100
YKKE00BSDG7321465025,YKKE,BSDG73214650
RJDJ00RYAE2845119414,RJDJ,RYAE28451194
QOMS00HECS7616295621,QOMS,HECS76162956
VKVK00PTDW2494581389,VKVK,PTDW24945813
BIFG00AEKB7633740218,BIFG,AEKB76337402
SRHL00LNOR2213519145,SRHL,LNOR22135191
NQMW00YACM0808739082,NQMW,YACM08087390
YKSA00TVAT5548898062,YKSA,TVAT55488980
QABH00OKNN3945672259,QABH,OKNN39456722
JFZB00JKMJ5751128451,JFZB,JKMJ57511284
RSLD00KWUO3406606504,RSLD,KWUO34066065
YJOF00XPON5155359612,YJOF,XPON51553596
ZQVV00URPU2830828545,ZQVV,URPU28308285
ADFS00KMTS9203224581,ADFS,KMTS92032245
RXHF00HNCH9139025622,RXHF,HNCH91390256
RLIV00UXQP3356965712,RLIV,UXQP33569657
TQLN00CLIB2947472549,TQLN,CLIB29474725
XXQF00PGRH2953329098,XXQF,PGRH29533290
RXZO00WDWB6448061049,RXZO,WDWB64480610
YIPX00VNJK7068958097,YIPX,VNJK70689580
YGWO00VQZV7672926664,YGWO,VQZV76729266
GJNV00QUKB5192429310,GJNV,QUKB51924293
VEZX00ZMVP7918546250,VEZX,ZMVP79185462
KSXE00XQVQ7267143244,KSXE,XQVQ72671432
ZRIE00XEYR8278102692,ZRIE,XEYR82781026
LAGX00IQAW2765797819,LAGX,IQAW27657978
MZJU00KAEY0402659494,MZJU,KAEY04026594
FIXB00EPPS9486875759,FIXB,EPPS94868757
IFZS00BTEA2578102416,IFZS,BTEA25781024
MVMS00QPMG0541373642,MVMS,QPMG05413736
KFKV00WRQI0036946411,KFKV,WRQI00369464
WXVI00EZMG6116699355,WXVI,EZMG61166993
CQEK00QBVR7422028736,CQEK,QBVR74220287
SRYT00PAJM3082619866,SRYT,PAJM30826198
EGLP00DVQT0521375547,EGLP,DVQT05213755
HOHB00FZPY9831814424,HOHB,FZPY98318144
GSRW00VFCF1362120311,GSRW,VFCF13621203
VWMZ00TEXL5056721409,VWMZ,TEXL50567214
BLUD00MFOO2068610553,BLUD,MFOO20686105
PXVA00NGHN1393944239,PXVA,NGHN13939442
AFKU00KJLO9244793295,AFKU,KJLO92447932
CIKF00OCST9642229209,CIKF,OCST96422292
RIVU00HLSX4638511914,RIVU,HLSX46385119
SFQO00HXZU9453964312,SFQO,HXZU94539643
OPPJ00HLBC4163865184,OPPJ,HLBC41638651
HRHY00OEIK0056784708,HRHY,OEIK00567847
SILB00QDTU8457671785,SILB,QDTU84576717
SJOX00RXAI2555527159,SJOX,RXAI25555271
JZGW00QPHN7035704784,JZGW,QPHN70357047
PPTM00YBNL3728693818,PPTM,YBNL37286938
PONV00ZVYE6802030745,PONV,ZVYE68020307
FBJO00DSET5841136715,FBJO,DSET58411367
LECG00QGNX0889932267,LECG,QGNX08899322
DWTY00WJRD7805288595,DWTY,WJRD78052885
FLRO00TXOL2492136068,FLRO,TXOL24921360
PLRL00CHRW3167874304,PLRL,CHRW31678743
AGBI00OEBF8166070792,AGBI,OEBF81660707
XPRS00RFWB6599105804,XPRS,RFWB65991058
YPMW00SJOV3588029006,YPMW,SJOV35880290
QDEQ00XAKH7966131404,QDEQ,XAKH79661314
VXQA00WCYU4841992521,VXQA,WCYU48419925
DTEX00MEKG8424111556,DTEX,MEKG84241115
GATI00RXNY9937160812,GATI,RXNY99371608
ZINU00CKAX8611947894,ZINU,CKAX86119478
XLHF00XRXD7981945907,XLHF,XRXD79819459
RYYD00WEBS3893069938,RYYD,WEBS38930699
ZEOT00HHYM8485615115,ZEOT,HHYM84856151
DMSJ00FZSA5434277670,DMSJ,FZSA54342776
ETJH00OPHC0523705095,ETJH,OPHC05237050
EQGC00OUQG6550831277,EQGC,OUQG65508312
FNZX00NLKL0890325702,FNZX,NLKL08903257
VZMT00VXVH7472183650,VZMT,VXVH74721836
OZUK00FAJV9738526653,OZUK,FAJV97385266
XKGT00PGPK5768596338,XKGT,PGPK57685963
QYFB00ZANX4690704457,QYFB,ZANX46907044
KSBI00YMOG0943613030,KSBI,YMOG09436130
GLKA00BOTL2091729464,GLKA,BOTL20917294
ZDLV00SFZJ1198674910,ZDLV,SFZJ11986749
LDHB00GCYD3996025455,LDHB,GCYD39960254
BNMN00TRRE8252505710,BNMN,TRRE82525057
HVTY00JJXI7624330651,HVTY,JJXI76243306
NKPJ00GPGZ0423710418,NKPJ,GPGZ04237104
BXFW00BNFQ0170687657,BXFW,BNFQ01706876
UYBO00WLNV7007424219,UYBO,WLNV70074242
PPNA00PSDC4964437806,PPNA,PSDC49644378
HOMK00RGKV7311786312,HOMK,RGKV73117863
VIOX00NDGI7328877585,VIOX,NDGI73288775
THQA00RDLU3408531115,THQA,RDLU34085311
MQEX00EUOT4683890708,MQEX,EUOT46838907
ZSJN00YUVL3920582788,ZSJN,YUVL39205827
RGZO00IEDN3736619785,RGZO,IEDN37366197
LDCI00OWXC7804327711,LDCI,OWXC78043277
QQWV00UQEK0973016634,QQWV,UQEK09730166
HWKE00RPHJ8450246361,HWKE,RPHJ84502463
WMMI00ZEGI6938021049,WMMI,ZEGI69380210
WQCS00ZMEH0724978807,WQCS,ZMEH07249788
EJHA00YDHI6681540735,EJHA,YDHI66815407
CJYL00XTPV5758019079,CJYL,XTPV57580190
GIVH00BEGW8712753313,GIVH,BEGW87127533
WVXP00MYYJ7536474726,WVXP,MYYJ75364747
ZXMV00BXER3832582558,ZXMV,BXER38325825
VBYL00UFTV5838787159,VBYL,UFTV58387871
BHYT00KWUL6989836046,BHYT,KWUL69898360
JAYU00QLGS3888390052,JAYU,QLGS38883900
HPXN00WPVK2887352754,HPXN,WPVK28873527
LHYC00GUXV7418427893,LHYC,GUXV74184278
XINK00VEOM3144905057,XINK,VEOM31449050
CVZC00EIGA6037769178,CVZC,EIGA60377691
JACN00JMLN6187280528,JACN,JMLN61872805
QTYZ00ATWQ1262778913,QTYZ,ATWQ12627789
ZEQU00RKCX9616498489,ZEQU,RKCX96164984
JZUC00MYZI4873518071,JZUC,MYZI48735180
CACY00EQJZ1097277690,CACY,EQJZ10972776
PCLS00JVKP4084707756,PCLS,JVKP40847077
UGLY00CXVY0364068276,UGLY,CXVY03640682
WMXP00PFYN9639065874,WMXP,PFYN96390658
ETNC00YXJY3539023507,ETNC,YXJY35390235
XEOA00TLZB7348358706,XEOA,TLZB73483587
OSKW00XLJE9714701516,OSKW,XLJE97147015
KDTV00GIOW9867153229,KDTV,GIOW98671532
JWMB00HSYT6355662994,JWMB,HSYT63556629
ECEW00BQHI0728887922,ECEW,BQHI07288879
VHPI00BDTH9795832149,VHPI,BDTH97958321
NPLA00GHKJ4080133210,NPLA,GHKJ40801332
GDXF00XFTX7844650556,GDXF,XFTX78446505
JWUD00JMUR2353010326,JWUD,JMUR23530103
UREJ00AIET1725289486,UREJ,AIET17252894
IFBE00KUUO8482871308,IFBE,KUUO84828713
LEDY00XRBZ3313532352,LEDY,XRBZ33135323
RSKH00UMUS9869992304,RSKH,UMUS98699923
GTXB00NGKP2950454365,GTXB,NGKP29504543
CTIT00XBQJ5945838603,CTIT,XBQJ59458386
KYFY00BXUL6583813962,KYFY,BXUL65838139
QVBA00PMDR3347805041,QVBA,PMDR33478050
ZIBB00FVIR9240189867,ZIBB,FVIR92401898
XPPS00VSHW1035899625,XPPS,VSHW10358996
THGP00FDWJ2298586581,THGP,FDWJ22985865
EYUD00DKTV6995945733,EYUD,DKTV69959457
UTGE00FXNV2139394578,UTGE,FXNV21393945
AFAC00ZQOD8310419719,AFAC,ZQOD83104197
JKPZ00XMNS4831475384,JKPZ,XMNS48314753
AAVM00KEYZ1798205778,AAVM,KEYZ17982057
NWKP00LSQT5496861492,NWKP,LSQT54968614
KJRX00DPCI6773451595,KJRX,DPCI67734515
COLM00LOHW9231479251,COLM,LOHW92314792
AWEW00JOXF5187627564,AWEW,JOXF51876275
APAI00PVBA6696414664,APAI,PVBA66964146
TOHT00RSQT8116482602,TOHT,RSQT81164826
UVHP00QARM0555432490,UVHP,QARM05554324
MDHQ00MHRV4516411767,MDHQ,MHRV45164117
IGWM00CFMC1626544870,IGWM,CFMC16265448
FCUJ00THAC5517739451,FCUJ,THAC55177394
JIXS00FMOT1888309652,JIXS,FMOT18883096
SOGY00QKYW8278628693,SOGY,QKYW82786286
PDGU00VFCB1024134198,PDGU,VFCB10241341
XHPZ00OLOL0685859427,XHPZ,OLOL06858594
UELY00GWGG3367685533,UELY,GWGG33676855
KEAP00PTGR1667141686,KEAP,PTGR16671416
TMVH00UESX5509797106,TMVH,UESX55097971
OUBC00XDZY5653034372,OUBC,XDZY56530343
JTWH00DACB7572590855,JTWH,DACB75725908
CEHQ00NVND5541417973,CEHQ,NVND55414179
HCIJ00ENUD4089053218,HCIJ,ENUD40890532
MGUC00SKOE5495036670,MGUC,SKOE54950366
CFTN00RMGS3726459585,CFTN,RMGS37264595
XPGQ00JISY2335461226,XPGQ,JISY23354612
YCRC00NFVK5301610650,YCRC,NFVK53016106
RZSW00NKVD8511277983,RZSW,NKVD85112779
IBKE00OZCF4728344427,IBKE,OZCF47283444
NTCJ00TSMU4619282640,NTCJ,TSMU46192826
PMAP00VZMW9622514574,PMAP,VZMW96225145
ROQG00GENE5661633559,ROQG,GENE56616335
ALAQ00JRXF2600143098,ALAQ,JRXF26001430
CELS00YMSY6961162757,CELS,YMSY69611627
IMHO00LHKM8457426088,IMHO,LHKM84574260
FISZ00SGMN0519940384,FISZ,SGMN05199403
GGDJ00VMXO5733292370,GGDJ,VMXO57332923
VIDQ00VBKM5873668841,VIDQ,VBKM58736688
MVRJ00JRDY7969148488,MVRJ,JRDY79691484
GVMN00ACHT7323277927,GVMN,ACHT73232779
HAUK00FJEP3518822755,HAUK,FJEP35188227
VYFA00WIFY4176976192,VYFA,WIFY41769761
XKJW00MCRK1651981332,XKJW,MCRK16519813
ATNK00MVFY3493054827,ATNK,MVFY34930548
YKDY00YJBQ3066611624,YKDY,YJBQ30666116
JZZK00ZWXQ8541303941,JZZK,ZWXQ85413039
GNCM00KRTU2477458650,GNCM,KRTU24774586
YZCO00JMQL6881321693,YZCO,JMQL68813216
TNEI00HVBL9715523465,TNEI,HVBL97155234
ZTEH00TCKS9032115565,ZTEH,TCKS90321155
STYU00CGWV4755452619,STYU,CGWV47554526
EIFZ00OGCB0290523593,EIFZ,OGCB02905235
ZZNI00PHBQ8823630823,ZZNI,PHBQ88236308
TKZS00JUMS8415782581,TKZS,JUMS84157825
KRYC00JGGN8156366075,KRYC,JGGN81563660
KPFP00DULH8648743245,KPFP,DULH86487432
GODB00UDGU7146450850,GODB,UDGU71464508
NUHM00TBFJ0893757287,NUHM,TBFJ08937572
EJGG00QPOR7147753789,EJGG,QPOR71477537
KBSY00QRZH3845881929,KBSY,QRZH38458819
AVJU00INIH0067671995,AVJU,INIH00676719
NBKZ00CQJX7659223918,NBKZ,CQJX76592239
FTTC00OIOC3115348678,FTTC,OIOC31153486
LGMJ00VIBX5210671508,LGMJ,VIBX52106715
NBTM00UAGA2877386096,NBTM,UAGA28773860
ZHKK00LECC9835917967,ZHKK,LECC98359179
UIDH00JWEB5331821306,UIDH,JWEB53318213
OCHG00PCRF6715317528,OCHG,PCRF67153175
VZVL00HEHD3787098968,VZVL,HEHD37870989
TILS00KMLF6032366284,TILS,KMLF60323662
KLAB00JSFF1534692171,KLAB,JSFF15346921
JNBA00NHYX4360720807,JNBA,NHYX43607208
LZQJ00ZUYN0010747050,LZQJ,ZUYN00107470
CFNW00OTPV4922956885,CFNW,OTPV49229568
ITZI00JJTA5226260647,ITZI,JJTA52262606
MJAJ00HZNJ2132946092,MJAJ,HZNJ21329460
NCRI00GUPF6258203397,NCRI,GUPF62582033
TCRW00FVWF6513257916,TCRW,FVWF65132579
ALXJ00HLGP1386854159,ALXJ,HLGP13868541
QIMH00CDDK9979788812,QIMH,CDDK99797888
UIEN00FEJK2493650048,UIEN,FEJK24936500
AHBM00HGMM2146988321,AHBM,HGMM21469883
BZDH00WQTC4161605610,BZDH,WQTC41616056
SKCE00FRXT4641356489,SKCE,FRXT46413564
FUCI00OVIL4728274430,FUCI,OVIL47282744
YXYP00FADY2457830729,YXYP,FADY24578307
MARN00TJGT6984982335,MARN,TJGT69849823
ABLI00JYPN0120360134,ABLI,JYPN01203601
RFAE00VTXO7210416709,RFAE,VTXO72104167
YLVZ00GFOQ4800481660,YLVZ,GFOQ48004816
VNPK00BKPS9721539707,VNPK,BKPS97215397
DKUM00YIDZ5569759415,DKUM,YIDZ55697594
QYMC00ODGY9917509972,QYMC,ODGY99175099
HCSA00QPKV6561949732,HCSA,QPKV65619497
SBCK00DKUG9424268346,SBCK,DKUG94242683
GVYL00MXXJ5786347563,GVYL,MXXJ57863475
VOUB00ACCI4041788367,VOUB,ACCI40417883
RXBH00UYQA1072619116,RXBH,UYQA10726191
RMHA00HJBK9432357740,RMHA,HJBK94323577
TVJT00OMCT0718413705,TVJT,OMCT07184137
BUCG00AISX7356621022,BUCG,AISX73566210
YEYB00GPYA8183514689,YEYB,GPYA81835146
XBXU00TWNM0856260505,XBXU,TWNM08562605
KUHL00HRRR4496775864,KUHL,HRRR44967758
PBYK00QTMA0520635845,PBYK,QTMA05206358
OPHC00NGYK8947812775,OPHC,NGYK89478127
EXGI00ZWSA6948131244,EXGI,ZWSA69481312
NXUS00ROOF8963784843,NXUS,ROOF89637848
YNBG00BCCB6415188232,YNBG,BCCB64151882
ELCV00OIPP1718925087,ELCV,OIPP17189250
VHFM00OWLD9935749510,VHFM,OWLD99357495
VDRN00KDPT0458349091,VDRN,KDPT04583490
DOZE00FXAK2622925383,DOZE,FXAK26229253
FQYG00VRAP7208105207,FQYG,VRAP72081052
FGFF00VNHL5896670637,FGFF,VNHL58966706
VFQX00YSQU4750752353,VFQX,YSQU47507523
YNZV00RVOD7065841022,YNZV,RVOD70658410
EXQS00HTWA1275083720,EXQS,HTWA12750837
HGYO00WLXQ5085966207,HGYO,WLXQ50859662
VJLI00WHOS4676829120,VJLI,WHOS46768291
XXEQ00SAJR3117972072,XXEQ,SAJR31179720
WWIG00ESOL1249025169,WWIG,ESOL12490251
IGQO00MNJU8220374954,IGQO,MNJU82203749
ELPA00TXSJ2930156671,ELPA,TXSJ29301566
OGNW00PQDU5676369667,OGNW,PQDU56763696
FSTD00LTBF3232888148,FSTD,LTBF32328881
WOAL00GFLA7160320251,WOAL,GFLA71603202
ZPCT00TJTQ4627078924,ZPCT,TJTQ46270789
IHQS00RSTP0914017149,IHQS,RSTP09140171
ZBJJ00EKMV4178830737,ZBJJ,EKMV41788307
ITLX00EGTU4410405583,ITLX,EGTU44104055
CNCM00GWBN8007154229,CNCM,GWBN80071542
LBPU00TDOD7461098011,LBPU,TDOD74610980
TDMJ00TKAB9001964482,TDMJ,TKAB90019644
WGBY00XRTJ1143889145,WGBY,XRTJ11438891
NBIK00DJKO4406003485,NBIK,DJKO44060034
AJRH00MZUW1018806380,AJRH,MZUW10188063
EEON00SQHH5108448426,EEON,SQHH51084484
EGPR00UOVD9319657332,EGPR,UOVD93196573
KVZX00FYEA5534236968,KVZX,FYEA55342369
LTPD00FNUK3761308174,LTPD,FNUK37613081
CWEW00HPFA0673148129,CWEW,HPFA06731481
SKXL00BVNJ0235761591,SKXL,BVNJ02357615
JMYJ00TTNM2261625957,JMYJ,TTNM22616259
YPHX00ZJLN7440862958,YPHX,ZJLN74408629
REBB00BYSR4159872040,REBB,BYSR41598720
PFSE00VWCA7659799983,PFSE,VWCA76597999
VFLJ00BQIU7166370779,VFLJ,BQIU71663707
LRCZ00SSJC8566283588,LRCZ,SSJC85662835
GOED00MOQG1441792023,GOED,MOQG14417920
MXHN00PIJS2088782191,MXHN,PIJS20887821
PQNZ00ATMR1587485649,PQNZ,ATMR15874856
GXFC00APKT0632622309,GXFC,APKT06326223
OWXK00HRHA5557629609,OWXK,HRHA55576296
QXPY00UNUV8307865243,QXPY,UNUV83078652
DBYW00FTMH8395865181,DBYW,FTMH83958651
KONU00JBUK9531532130,KONU,JBUK95315321
GRLH00OPTQ1565476766,GRLH,OPTQ15654767
RCVC00RHLW5631567562,RCVC,RHLW56315675
GNTK00BQOS0307156595,GNTK,BQOS03071565
YJSU00MALN0298859977,YJSU,MALN02988599
QEUZ00BQZG9931563681,QEUZ,BQZG99315636
ZVRF00KGNU4400029423,ZVRF,KGNU44000294
MLWX00GVHF3020582925,MLWX,GVHF30205829
SYFU00BMDO0675728137,SYFU,BMDO06757281
NVOG00LPZD0203330020,NVOG,LPZD02033300
RZPA00OMQI9918567723,RZPA,OMQI99185677
PFPG00PGNW7456797225,PFPG,PGNW74567972
YWYP00EAHI6591676570,YWYP,EAHI65916765
WGDD00HCCD9493990052,WGDD,HCCD94939900
MMOB00LWUL0626764678,MMOB,LWUL06267646
UAWR00HEDU2686949252,UAWR,HEDU26869492
DLUJ00LDSG9587227562,DLUJ,LDSG95872275
MNYJ00JEDQ7220104839,MNYJ,JEDQ72201048
ELHE00CELJ3229058476,ELHE,CELJ32290584
CBWX00RXUM8047693728,CBWX,RXUM80476937
TUEY00QEEW9230088030,TUEY,QEEW92300880
DBJN00XEHS5500598351,DBJN,XEHS55005983
AIXS00EJYR1501536994,AIXS,EJYR15015369
LKKM00WBPH6080593622,LKKM,WBPH60805936
QUEV00DFOQ5017719747,QUEV,DFOQ50177197
QTMP00FDJX4948114107,QTMP,FDJX49481141
PCQW00IQYO4761471068,PCQW,IQYO47614710
KFMO00OVGV3400284570,KFMO,OVGV34002845
ETUT00LGZP4839295926,ETUT,LGZP48392959
GEUW00OIBR3090066607,GEUW,OIBR30900666
NVVR00XHVL6921921689,NVVR,XHVL69219216
TQZD00YTNA6278180504,TQZD,YTNA62781805
AOOW00OTNF9965331993,AOOW,OTNF99653319
MOBK00TRVK0244856922,MOBK,TRVK02448569
RMRN00MWBH2073313628,RMRN,MWBH20733136
EIIG00DSMN7089174905,EIIG,DSMN70891749
LYLL00EUMT8034862737,LYLL,EUMT80348627
ZEPN00DEFD6599474054,ZEPN,DEFD65994740
QCVA00QVGM6836475512,QCVA,QVGM68364755
CJFJ00FNGA7589206267,CJFJ,FNGA75892062
DCBA00XNYE3379097913,DCBA,XNYE33790979
SBBQ00NRRS4640555334,SBBQ,NRRS46405553
DCCM00CZPW0506088002,DCCM,CZPW05060880
MAPO00OCVJ3876713181,MAPO,OCVJ38767131
AJDK00SIAJ7115472950,AJDK,SIAJ71154729
OYWL00UKWN2976173767,OYWL,UKWN29761737
YDHH00OYXQ0224016151,YDHH,OYXQ02240161
DOWU00GFZM2054422257,DOWU,GFZM20544222
EZYG00AZII6486674480,EZYG,AZII64866744
QNCB00SGUT2687427757,QNCB,SGUT26874277
XDYV00XHDM9314874316,XDYV,XHDM93148743
XCMK00XDLC7863139458,XCMK,XDLC78631394
WEDQ00PNOG4138377837,WEDQ,PNOG41383778
EKTT00USXR4503960808,EKTT,USXR45039608
OHII00OLTC5959333049,OHII,OLTC59593330
UTTQ00SXVL2823706806,UTTQ,SXVL28237068
MXGE00FNUC0336522985,MXGE,FNUC03365229
MNFW00ZZZM3044589207,MNFW,ZZZM30445892
ELLL00HRUI0947380949,ELLL,HRUI09473809
DJSI00IJGX2559241656,DJSI,IJGX25592416
LOEE00IROS6778676882,LOEE,IROS67786768
XBIB00ZISM9655026172,XBIB,ZISM96550261
HGMH00VMJK0369562629,HGMH,VMJK03695626
CGOP00YVFG5002407595,CGOP,YVFG50024075
CJWF00KJXQ5267076588,CJWF,KJXQ52670765
FFFB00RRPY6943776758,FFFB,RRPY69437767
RVMW00ADJS2794439072,RVMW,ADJS27944390
GUUP00DYMD3388591924,GUUP,DYMD33885919
BMMC00PVNK3544891569,BMMC,PVNK35448915
AQHT00PQAN4535385694,AQHT,PQAN45353856
BOLX00FSZE8274427054,BOLX,FSZE82744270
KGFN00YPAV7890755890,KGFN,YPAV78907558
RUOS00UFFX9538228265,RUOS,UFFX95382282
PYHN00DJYH6377086155,PYHN,DJYH63770861
JRHS00EJIG4251192123,JRHS,EJIG42511921
IGBW00APFZ1524197618,IGBW,APFZ15241976
INOY00YVIK8642490349,INOY,YVIK86424903
XFSU00FXZG4151359084,XFSU,FXZG41513590
PXNI00NNBA6189959847,PXNI,NNBA61899598
XEKX00EIOR7676122728,XEKX,EIOR76761227
HCRE00DEGR2378397219,HCRE,DEGR23783972
NNTX00EMTG9337394946,NNTX,EMTG93373949
LWVK00LZFU6857634907,LWVK,LZFU68576349
DPPV00YVEW0856875661,DPPV,YVEW08568756
LNCZ00SYSO9816533089,LNCZ,SYSO98165330
JUIG00AKVV8505786644,JUIG,AKVV85057866
GACN00TMOC7669284705,GACN,TMOC76692847
HGEB00LKPD0556700025,HGEB,LKPD05567000
CTDE00SADR0119114270,CTDE,SADR01191142
JBJL00TNTU8478783631,JBJL,TNTU84787836
EFDQ00CSTR3230245351,EFDQ,CSTR32302453
LSIJ00BBQJ1290354302,LSIJ,BBQJ12903543
PHLE00ZZKM1791055434,PHLE,ZZKM17910554
WLKD00XNUK1948724605,WLKD,XNUK19487246
CUEI00ZJJG7356835815,CUEI,ZJJG73568358
SQSO00SQVH4097252453,SQSO,SQVH40972524
AQXM00ZOVS7710780749,AQXM,ZOVS77107807
XYYT00IGFN0993163987,XYYT,IGFN09931639
BXVP00GCHV3279077431,BXVP,GCHV32790774
YMYV00UFXV6849757432,YMYV,UFXV68497574
GBCA00UDCG9039857113,GBCA,UDCG90398571
RQZI00TTHI7347120419,RQZI,TTHI73471204
OREJ00YEEP0432723628,OREJ,YEEP04327236
HWSQ00ILHY8922512324,HWSQ,ILHY89225123
STET00CEND3512213875,STET,CEND35122138
VLZI00GTCN4123063320,VLZI,GTCN41230633
NBDB00LDIW4918944453,NBDB,LDIW49189444
NSII00MLEE5440851347,NSII,MLEE54408513
RVHA00XZNZ2009013051,RVHA,XZNZ20090130
EXAD00HFIU3035305877,EXAD,HFIU30353058
GNBX00GPNR1280348790,GNBX,GPNR12803487
ITQL00MZJQ0091142967,ITQL,MZJQ00911429
BLJQ00LPUD9797240820,BLJQ,LPUD97972408
CQVR00DRWL8780676156,CQVR,DRWL87806761
IENW00NFJU7282782851,IENW,NFJU72827828
DAVJ00RMGX2084849095,DAVJ,RMGX20848490
ANUK00CHHN5902898422,ANUK,CHHN59028984
IYTE00EGIG5737680844,IYTE,EGIG57376808
ECVA00FPUQ8732590084,ECVA,FPUQ87325900
ULQR00VFHA7755297473,ULQR,VFHA77552974
HNWY00IWQH4417263307,HNWY,IWQH44172633
JUCP00WWYT5636052762,JUCP,WWYT56360527
WTQN00RXYF7628920113,WTQN,RXYF76289201
RBCH00BDIE9164761809,RBCH,BDIE91647618
LDBS00AZSN2846834063,LDBS,AZSN28468340
ZAHK00IMBR8004794033,ZAHK,IMBR80047940
YKGV00RHRF4610993085,YKGV,RHRF46109930
VAIS00TTNK5823021193,VAIS,TTNK58230211
BSIX00KCYP7993159179,BSIX,KCYP79931591
RTDD00HHDN8382369785,RTDD,HHDN83823697
AOWE00IDIZ3846513748,AOWE,IDIZ38465137
OJVR00JKNW3934585610,OJVR,JKNW39345856
PVGV00CKDK6105722249,PVGV,CKDK61057222
VKPN00MCDR9190823810,VKPN,MCDR91908238
WBQJ00BMFQ8130203930,WBQJ,BMFQ81302039
TBZE00ARCH6564541131,TBZE,ARCH65645411
QNGL00NKXH5173846796,QNGL,NKXH51738467
TCYJ00GUWD5484316147,TCYJ,GUWD54843161
MPFO00QLJE3734200247,MPFO,QLJE37342002
KEFT00PCUQ4276216285,KEFT,PCUQ42762162
NYZC00CZCR2575667355,NYZC,CZCR25756673
MJWA00SAKC9251172831,MJWA,SAKC92511728
HISH00QJSN9152108556,HISH,QJSN91521085
HWRP00FUVD1598405240,HWRP,FUVD15984052
BPYU00CRRI7419426539,BPYU,CRRI74194265
FOAP00YTGK2992609986,FOAP,YTGK29926099
DFMJ00YIAD6918201893,DFMJ,YIAD69182018
YMXS00LROY6028127355,YMXS,LROY60281273
TQRF00FOBZ3692856090,TQRF,FOBZ36928560
WHZE00JHMU9909009407,WHZE,JHMU99090094
BXUL00PHQX5552121221,BXUL,PHQX55521212
JXPB00ENWL3030302997,JXPB,ENWL30303029
LOLX00SEJD0010911975,LOLX,SEJD00109119
OYRO00AXBL2199274630,OYRO,AXBL21992746
MCMU00EIYA6907028860,MCMU,EIYA69070288
REWJ00DEVP9305943557,REWJ,DEVP93059435
FDYI00CASX9298035649,FDYI,CASX92980356
AWTT00KAOB4822568652,AWTT,KAOB48225686
RXTR00LRUR4239347538,RXTR,LRUR42393475
NQGD00MUFK0246676564,NQGD,MUFK02466765
DTGZ00FHCO3686518832,DTGZ,FHCO36865188
MKUJ00ACFJ8716376176,MKUJ,ACFJ87163761
OIGD00RPCH4645159942,OIGD,RPCH46451599
OYLT00ETQD0627506391,OYLT,ETQD06275063
OGKT00WOCM7914908139,OGKT,WOCM79149081
IKDS00JLED0225318872,IKDS,JLED02253188
HMZT00CBPU0223706638,HMZT,CBPU02237066
VOTU00PVLI5637791384,VOTU,PVLI56377913
OBVQ00ALRN6909796734,OBVQ,ALRN69097967
RWHN00LRAG0903534585,RWHN,LRAG09035345
YXSS00WDHF9949786198,YXSS,WDHF99497861
NEIT00TZVN4048611716,NEIT,TZVN40486117
RNDD00KIDP7966826166,RNDD,KIDP79668261
WHJE00VBCQ4005895336,WHJE,VBCQ40058953
NATY00ZZQB1577562256,NATY,ZZQB15775622
AQMC00JCRW3952897365,AQMC,JCRW39528973
NYGD00VMNN6818360584,NYGD,VMNN68183605
IUGA00XHEA9207327277,IUGA,XHEA92073272
AGLY00AZCW7552264759,AGLY,AZCW75522647
YMNH00OULY9398059242,YMNH,OULY93980592
CUKV00GFVA1336046382,CUKV,GFVA13360463
DYDZ00MRWW5890445513,DYDZ,MRWW58904455
TOZU00WHOQ6931869905,TOZU,WHOQ69318699
VQZU00QFTU6429408367,VQZU,QFTU64294083
PSVU00LYWW9083337937,PSVU,LYWW90833379
WHWX00QOUS1863795366,WHWX,QOUS18637953
LTVN00FPPF3489437344,LTVN,FPPF34894373
IXPW00WSRA6996323122,IXPW,WSRA69963231
MWXX00RGEG2284458504,MWXX,RGEG22844585
TDVM00IZHY8985513770,TDVM,IZHY89855137
YENN00GTDS3355972260,YENN,GTDS33559722
JYUI00BCKA3707438690,JYUI,BCKA37074386
LFQJ00RNHA3103738591,LFQJ,RNHA31037385
FFTO00BIWR4561462741,FFTO,BIWR45614627
MJPW00FYNI1447271782,MJPW,FYNI14472717
FCLQ00ZJMF9178610187,FCLQ,ZJMF91786101
EENQ00IJIK7079894583,EENQ,IJIK70798945
BVEK00WYSJ4103728444,BVEK,WYSJ41037284
BTQF00ESNP5532549749,BTQF,ESNP55325497
QJKP00YSIP8308854528,QJKP,YSIP83088545
NXPH00NNLG0684194227,NXPH,NNLG06841942
CTXH00SYBH2820052552,CTXH,SYBH28200525
GOVP00UHGL1871878861,GOVP,UHGL18718788
QFSE00GAYA8030693834,QFSE,GAYA80306938
FHCC00HTVQ5401058370,FHCC,HTVQ54010583
OMKA00UFAO8874281292,OMKA,UFAO88742812
ILMC00UVBV4179228304,ILMC,UVBV41792283
WAUA00AESD0992215013,WAUA,AESD09922150
ATUE00MNMT6264129778,ATUE,MNMT62641297
BYZW00LLHA2696910632,BYZW,LLHA26969106
UJDR00CJDS9249707683,UJDR,CJDS92497076
HHOV00RSDT7503523465,HHOV,RSDT75035234
KFDF00AANL5896169159,KFDF,AANL58961691
MQOX00UGVW2511699162,MQOX,UGVW25116991
YVNE00UUKA0261949934,YVNE,UUKA02619499
GDWZ00GKNX0962072343,GDWZ,GKNX09620723
LIOD00BRJC4062489667,LIOD,BRJC40624896
GBPK00BSDP7583241967,GBPK,BSDP75832419
VXMM00ASWK7510907402,VXMM,ASWK75109074
CUQM00KHPC5928072715,CUQM,KHPC59280727
XQJE00YWQA3150525881,XQJE,YWQA31505258
FAPO00PANX9680233632,FAPO,PANX96802336
RGTO00AOLV1035063670,RGTO,AOLV10350636
YDBN00REMJ9976807261,YDBN,REMJ99768072
DYMB00MEMM9164838046,DYMB,MEMM91648380
XISS00VRLF8411994355,XISS,VRLF84119943
VKRI00RENG3796861328,VKRI,RENG37968613
TVCF00IVCQ7724439376,TVCF,IVCQ77244393
AYVJ00UNNH8861218986,AYVJ,UNNH88612189
EESQ00BYAW8074968215,EESQ,BYAW80749682
DFBO00XSUA9897618241,DFBO,XSUA98976182
KKWC00YZNU7255008398,KKWC,YZNU72550083
CXFS00IATN0231305830,CXFS,IATN02313058
VXBC00EFRR0846464779,VXBC,EFRR08464647
BETY00LAWT7693934811,BETY,LAWT76939348
JMCF00OQKM0704676635,JMCF,OQKM07046766
HJFT00ZOKW6097570470,HJFT,ZOKW60975704
QTFQ00QZRS1111950386,QTFQ,QZRS11119503
ZLFL00IXSZ7547248665,ZLFL,IXSZ75472486
CCMY00JBKV1759095244,CCMY,JBKV17590952
IEGQ00PCXZ5011340344,IEGQ,PCXZ50113403
SDQB00VCHV6420833446,SDQB,VCHV64208334
XNZS00NCJV0852740471,XNZS,NCJV08527404
HFJR00VNOD3012243863,HFJR,VNOD30122438
OMKM00TYAS8283444418,OMKM,TYAS82834444
HTUR00LWCS5931560560,HTUR,LWCS59315605
YWAB00WJPQ7564160850,YWAB,WJPQ75641608
PVLX00DSNI7160362611,PVLX,DSNI71603626
QMZW00EOSY0535077503,QMZW,EOSY05350775
TSVE00HQFX6732421391,TSVE,HQFX67324213
LXSC00FWLQ3558793570,LXSC,FWLQ35587935
MTKW00DUUZ4814564782,MTKW,DUUZ48145647
OWUK00QZDV6596988887,OWUK,QZDV65969888
LYYC00MIPR8406705188,LYYC,MIPR84067051
QTLQ00UJUL9982329623,QTLQ,UJUL99823296
QGCN00BWBV2460210620,QGCN,BWBV24602106
TOBH00FWZX0788508322,TOBH,FWZX07885083
WKBC00KLTY4889226516,WKBC,KLTY48892265
OGQU00TWIC2832584138,OGQU,TWIC28325841
VXZI00JHMJ8775384811,VXZI,JHMJ87753848
SBLP00LCGL5510345881,SBLP,LCGL55103458
DNVV00WOBN2540847866,DNVV,WOBN25408478
NKTD00IXUH4536273904,NKTD,IXUH45362739
RDLF00NPDD7343275584,RDLF,NPDD73432755
EWRF00PIQF7404878320,EWRF,PIQF74048783
RYQW00JGFX7392525978,RYQW,JGFX73925259
CVWX00UECU1995094832,CVWX,UECU19950948
YODF00GHYW6518464092,YODF,GHYW65184640
XEBX00BDKW8144561482,XEBX,BDKW81445614
MVCA00OMSK5598768268,MVCA,OMSK55987682
DSJK00SYAP8959588815,DSJK,SYAP89595888
SSMD00KGNA0454524397,SSMD,KGNA04545243
DGLF00BOYP0854637171,DGLF,BOYP08546371
XJOV00MHLN2080038751,XJOV,MHLN20800387
OEPB00GIUS6281195921,OEPB,GIUS62811959
UCSS00LYDI0055683729,UCSS,LYDI00556837
SJCA00DSHO1004041205,SJCA,DSHO10040412
OZMK00WQPW6995607878,OZMK,WQPW69956078
YGBZ00MUJK8042440841,YGBZ,MUJK80424408
SBYQ00GCCK9225363010,SBYQ,GCCK92253630
EYRJ00OKGR0738454097,EYRJ,OKGR07384540
GFDZ00GNJY4430906538,GFDZ,GNJY44309065
YSOZ00NDJA6005992584,YSOZ,NDJA60059925
PQCS00SCDP6840459785,PQCS,SCDP68404597
FEQI00BTUD1375866162,FEQI,BTUD13758661
TJIU00PMJJ7937616064,TJIU,PMJJ79376160
BEBL00PKLP6578064862,BEBL,PKLP65780648
NVYE00HQFU7748781410,NVYE,HQFU77487814
WUUI00OMQN7458222517,WUUI,OMQN74582225
MATF00SNYG6844368346,MATF,SNYG68443683
YDYN00VSRW5311492227,YDYN,VSRW53114922
CHXP00UDCP6700149736,CHXP,UDCP67001497
LMDM00DPZA9681319965,LMDM,DPZA96813199
DXRB00JSLK1674057111,DXRB,JSLK16740571
CPGK00OILU3296683663,CPGK,OILU32966836
FJWR00CEFY4317102829,FJWR,CEFY43171028
ZQSG00JWHN9676041917,ZQSG,JWHN96760419
ZAUG00MUAR9828490475,ZAUG,MUAR98284904
IBEN00PBBA0259469483,IBEN,PBBA02594694
PMBB00JTFY2601982708,PMBB,JTFY26019827
WECP00ECNK9192771537,WECP,ECNK91927715
ZQTI00AQSA7010938609,ZQTI,AQSA70109386
OJDO00MVMQ5390428881,OJDO,MVMQ53904288
ARSV00YKXM4662173430,ARSV,YKXM46621734
STSZ00EOVF5335256610,STSZ,EOVF53352566
PHVZ00LLGL9336482974,PHVZ,LLGL93364829
TJLO00MWAE1554288987,TJLO,MWAE15542889
JSXW00XKDP6526806248,JSXW,XKDP65268062
ZJPR00YYQK6464804741,ZJPR,YYQK64648047
JKTE00ELUH1470020643,JKTE,ELUH14700206
SLZC00TBBT6707692581,SLZC,TBBT67076925
KQFL00DLIM7492274439,KQFL,DLIM74922744
DIOQ00JGCX2321941520,DIOQ,JGCX23219415
YDRZ00AMFR6112988889,YDRZ,AMFR61129888
WQLR00WQJE2678268690,WQLR,WQJE26782686
CKKO00HRTE7210490524,CKKO,HRTE72104905
SHWX00NGKE9805548320,SHWX,NGKE98055483
XTVR00GDJF4266091431,XTVR,GDJF42660914
SZRG00AQWO7135359361,SZRG,AQWO71353593
MFXS00YTHU1694549678,MFXS,YTHU16945496
ZLFC00CLCQ5908447144,ZLFC,CLCQ59084471
VBPZ00KUNO3757768521,VBPZ,KUNO37577685
NMLA00GGGY1806134114,NMLA,GGGY18061341
FJFO00PIRM6812516295,FJFO,PIRM68125162
YQGB00GNVQ9263030688,YQGB,GNVQ92630306
WZZZ00SKLH0372418805,WZZZ,SKLH03724188
ADDN00FQDS4316826935,ADDN,FQDS43168269
QHBU00TBPT7061951728,QHBU,TBPT70619517
TRAN00QGPJ9401819394,TRAN,QGPJ94018193
PISH00EPSU2608088363,PISH,EPSU26080883
TGUD00QPAM3005545612,TGUD,QPAM30055456
FTTD00RKWX2079265052,FTTD,RKWX20792650
RTAI00YUZJ6262710044,RTAI,YUZJ62627100
FZRN00LTKI0789478365,FZRN,LTKI07894783
AAAG00WVNO1652577175,AAAG,WVNO16525771
CNZN00BJQD8703638473,CNZN,BJQD87036384
MOFS00QGXJ9010208121,MOFS,QGXJ90102081
MJEY00DZLA8920607986,MJEY,DZLA89206079
HXYX00FGZJ1774491567,HXYX,FGZJ17744915
FLNZ00VCZH5812152478,FLNZ,VCZH58121524
IRJQ00ZGTP2472812874,IRJQ,ZGTP24728128
MXGG00DZFC9188715529,MXGG,DZFC91887155
VATX00PHTB9017604931,VATX,PHTB90176049
HXTF00UVEN0030860681,HXTF,UVEN00308606
BTNF00NSFW4363819021,BTNF,NSFW43638190
UASV00XQYX3744428692,UASV,XQYX37444286
LVGH00XAHP7938059259,LVGH,XAHP79380592
HNFW00ONQZ4819870719,HNFW,ONQZ48198707
DOQK00LHKG7591064067,DOQK,LHKG75910640
HDUH00EVTN5778324391,HDUH,EVTN57783243
UAFB00KEGZ5644393255,UAFB,KEGZ56443932
KIMD00CLZF6514506370,KIMD,CLZF65145063
NAME00QMCK9360035835,NAME,QMCK93600358
BHCR00KMMB3648134812,BHCR,KMMB36481348
KUST00RJFX3361713804,KUST,RJFX33617138
LQWJ00TKLP4073100105,LQWJ,TKLP40731001
YKDS00EPUU9622436669,YKDS,EPUU96224366
EEWO00PEAB0637538326,EEWO,PEAB06375383
QLTG00IJPR2799663037,QLTG,IJPR27996630
MNZQ00CGIQ5576486717,MNZQ,CGIQ55764867
VTDX00VTYJ3562337873,VTDX,VTYJ35623378
RTWP00DQRS1932949295,RTWP,DQRS19329492
HYDQ00SWWI3983372260,HYDQ,SWWI39833722
SSXF00RNYY1830216379,SSXF,RNYY18302163
ZKFP00JLQN5440418052,ZKFP,JLQN54404180
HPOA00TUPX0962937823,HPOA,TUPX09629378
LMZJ00TOCP5085677360,LMZJ,TOCP50856773
HYJF00KBWZ2488470605,HYJF,KBWZ24884706
KLWE00YEBH1971372221,KLWE,YEBH19713722
IAUN00SCQC6198854119,IAUN,SCQC61988541
MYSU00EAAG8869611736,MYSU,EAAG88696117
FLQE00XEEO2261762935,FLQE,XEEO22617629
OYYB00PISW8269584223,OYYB,PISW82695842
JAZT00DLPH5768923787,JAZT,DLPH57689237
XBLG00HEWU4835990226,XBLG,HEWU48359902
DJPN00LQWV7591879661,DJPN,LQWV75918796
TULP00BQLV3767132992,TULP,BQLV37671329
OZYP00LCAA9043417041,OZYP,LCAA90434170
VNYL00UFRG1303529881,VNYL,UFRG13035298
HOTP00AMUN7394597822,HOTP,AMUN73945978
RAWS00PAYB4164006863,RAWS,PAYB41640068
QHWO00OJYE5998158535,QHWO,OJYE59981585
TKYA00JFIT8187267707,TKYA,JFIT81872677
ZABQ00QMEW5173396319,ZABQ,QMEW51733963
ZEGG00NWHK0219291177,ZEGG,NWHK02192911
RGLI00DYRM2922776271,RGLI,DYRM29227762
ONBO00QAET2382311145,ONBO,QAET23823111
WFPL00GILO2491558580,WFPL,GILO24915585
LGMC00PJFK7511991567,LGMC,PJFK75119915
HXED00QWNP8526131422,HXED,QWNP85261314
FVRT00VTQC4883230778,FVRT,VTQC48832307
VRSA00QBAV9250077047,VRSA,QBAV92500770
LFLC00YQSN8490763688,LFLC,YQSN84907636
XMLH00ZRNJ3468938121,XMLH,ZRNJ34689381
VOKS00ROIS6851299492,VOKS,ROIS68512994
WJHM00KJMD7517542591,WJHM,KJMD75175425
CZTH00QMGH4517182463,CZTH,QMGH45171824
AGFR00EMLC3803849122,AGFR,EMLC38038491
AEOH00DPFM7873698957,AEOH,DPFM78736989
UUAR00FQQH1661540116,UUAR,FQQH16615401
GVIO00HHOY2168790847,GVIO,HHOY21687908
BITH00SPWX0279533978,BITH,SPWX02795339
IXUV00UFIA7926007738,IXUV,UFIA79260077
JKYU00GXCD8762601421,JKYU,GXCD87626014
TXEU00WHAE4605824235,TXEU,WHAE46058242
EFHS00YZXQ4761444673,EFHS,YZXQ47614446
DBTU00FQSI0447507073,DBTU,FQSI04475070
MSZM00PXTY5462756820,MSZM,PXTY54627568
YJJR00DADO5603381117,YJJR,DADO56033811
RELH00AIBL3397372896,RELH,AIBL33973728
JUEX00WBDA6350391837,JUEX,WBDA63503918
NSUW00GDQA8080559626,NSUW,GDQA80805596
JPVA00YERF2568798932,JPVA,YERF25687989
QODX00BZJF1215608795,QODX,BZJF12156087
CKJA00JDPD3816045435,CKJA,JDPD38160454
UMVJ00STET3832016187,UMVJ,STET38320161
UBQS00YHJW3938661445,UBQS,YHJW39386614
VDGE00YKMG5161866476,VDGE,YKMG51618664
WFJL00ZCKG2213297322,WFJL,ZCKG22132973
NAUY00FRKQ0022104052,NAUY,FRKQ00221040
EWEQ00AOWT6282244088,EWEQ,AOWT62822440
DKVX00KUDK5584274828,DKVX,KUDK55842748
IIMV00VVJY0428601350,IIMV,VVJY04286013
JBQV00BBFE9967498603,JBQV,BBFE99674986
KZNB00HHAY8560892224,KZNB,HHAY85608922
DFUZ00VNUB4739065541,DFUZ,VNUB47390655
TBZC00EKJE2838119648,TBZC,EKJE28381196
ITRD00RTXN3332317859,ITRD,RTXN33323178
QKLL00TMSH6981532072,QKLL,TMSH69815320
BGBO00ZRGT8042862302,BGBO,ZRGT80428623
TILY00WPJV2582153993,TILY,WPJV25821539
CDPS00OWFS1826236354,CDPS,OWFS18262363
IGQK00HKJX8048285637,IGQK,HKJX80482856
JTIH00ORYS3722509764,JTIH,ORYS37225097
ULMZ00AIJV7396304174,ULMZ,AIJV73963041
LDPD00SNHM6805810096,LDPD,SNHM68058100
PFAR00RYVD4535449675,PFAR,RYVD45354496
MGNK00WDIB9999136383,MGNK,WDIB99991363
VCZG00NTXJ0042497505,VCZG,NTXJ00424975
LWBK00AQRL7219684348,LWBK,AQRL72196843
HDHS00VTGD4319458655,HDHS,VTGD43194586
XHDO00MRCF8867665342,XHDO,MRCF88676653
QTQX00DGBC4573746615,QTQX,DGBC45737466
QXNM00KNFQ0348900317,QXNM,KNFQ03489003
LTZP00FTJE5426150972,LTZP,FTJE54261509
XXNS00DADD3147080407,XXNS,DADD31470804
ZIQB00MJME5124782286,ZIQB,MJME51247822
VZCP00HHAP3365010432,VZCP,HHAP33650104
XWFN00QHGG9932446271,XWFN,QHGG99324462
YJCH00SCHU0833914257,YJCH,SCHU08339142
HBXP00LFMD9003714040,HBXP,LFMD90037140
FRLI00JXGR1908085867,FRLI,JXGR19080858
TXCU00DNRP4464809618,TXCU,DNRP44648096
LTOW00QIQA7148045789,LTOW,QIQA71480457
PRIY00ORNL1498878179,PRIY,ORNL14988781
URPR00MJEG0361815921,URPR,MJEG03618159
KZXE00BNOG7877083992,KZXE,BNOG78770839
AFHM00EXVU1088010507,AFHM,EXVU10880105
NEXG00KJZK3693480250,NEXG,KJZK36934802
NHVA00PGHU4245447535,NHVA,PGHU42454475
HBGS00TZLI8128104262,HBGS,TZLI81281042
QBAA00IMQI7043412895,QBAA,IMQI70434128
SHCW00ZGHX6666820592,SHCW,ZGHX66668205
RMUF00YPLH3883287577,RMUF,YPLH38832875
CTGN00UVGE6073470204,CTGN,UVGE60734702
KQEH00TWFY4178881753,KQEH,TWFY41788817
KXDP00VZON2454336972,KXDP,VZON24543369
OUHH00SIYP8604563585,OUHH,SIYP86045635
QBES00HRAM0641142707,QBES,HRAM06411427
QFYW00XOUD0614321566,QFYW,XOUD06143215
GDNU00TXRK4303721293,GDNU,TXRK43037212
ALTZ00MVUR7695069816,ALTZ,MVUR76950698
UOVY00NJAR5414533250,UOVY,NJAR54145332
ZQWZ00JTDH6354821223,ZQWZ,JTDH63548212
PMNC00WHKN2126994115,PMNC,WHKN21269941
RSVE00FFDA5829417407,RSVE,FFDA58294174
UCRI00FGSF5248711739,UCRI,FGSF52487117
UGDC00AJXG4187939188,UGDC,AJXG41879391
PXVB00TTUC1976229629,PXVB,TTUC19762296
PKJB00IYMA9944512741,PKJB,IYMA99445127
DCPM00YXTP4848768511,DCPM,YXTP48487685
GYNK00BVSB8203958007,GYNK,BVSB82039580
YFCW00XZIN0831080117,YFCW,XZIN08310801
ZFZT00AFBW5963312452,ZFZT,AFBW59633124
QOWP00SBON7701489618,QOWP,SBON77014896
EROM00PFXB6165658256,EROM,PFXB61656582
BZYX00SPCP3837109458,BZYX,SPCP38371094
PRQB00NBJN7821250460,PRQB,NBJN78212504
SYZM00EUJU0413415543,SYZM,EUJU04134155
DEOY00PUDY6587267091,DEOY,PUDY65872670
NDBG00NTFN3165924978,NDBG,NTFN31659249
TYGZ00KDQS3054967912,TYGZ,KDQS30549679
YCXP00PZCF3552252586,YCXP,PZCF35522525
FGBO00ZVXV5689255637,FGBO,ZVXV56892556
HDDQ00XNAC5884725455,HDDQ,XNAC58847254
XQBA00ZRTM9119544707,XQBA,ZRTM91195447
TQDR00UNYN6099834435,TQDR,UNYN60998344
SJPG00UWSD9323562131,SJPG,UWSD93235621
WNQC00KUFW4564666565,WNQC,KUFW45646665
YWKO00BDJU9243143202,YWKO,BDJU92431432
QIOR00HAGJ0146122653,QIOR,HAGJ01461226
NZBW00KXDE8050531693,NZBW,KXDE80505316
BNNN00QWYR1326871653,BNNN,QWYR13268716
RHIN00FWDJ4720935866,RHIN,FWDJ47209358
EPQY00EHXO7379802054,EPQY,EHXO73798020
NETZ00DPNW5774731752,NETZ,DPNW57747317
CMJY00TSRC8611506145,CMJY,TSRC86115061
GXAV00ROCM2689420235,GXAV,ROCM26894202
RIZC00FIOB4871659718,RIZC,FIOB48716597
WUEQ00GBEJ2081492286,WUEQ,GBEJ20814922
XUBJ00IEWP2176982529,XUBJ,IEWP21769825
VSVW00IHUF4155757182,VSVW,IHUF41557571
UEDG00ZEEX6579156949,UEDG,ZEEX65791569
XMIW00TZCA0915313033,XMIW,TZCA09153130
CRZX00SFPL8490581191,CRZX,SFPL84905811
IRWN00BAXL0779963877,IRWN,BAXL07799638
BJVV00NYVB5173077577,BJVV,NYVB51730775
HLKY00AVSU8030809807,HLKY,AVSU80308098
ITBG00QCNM3280207563,ITBG,QCNM32802075
KZKW00QHOU1946270554,KZKW,QHOU19462705
OUEX00YEIG9050034230,OUEX,YEIG90500342
UXSX00QOSR2900015795,UXSX,QOSR29000157
NRHM00SOIF6787736988,NRHM,SOIF67877369
VIJT00GTUT0581438009,VIJT,GTUT05814380
BWDF00WKHZ5866148360,BWDF,WKHZ58661483
DWWU00KKTU0755503655,DWWU,KKTU07555036
DONW00FJRE0795902298,DONW,FJRE07959022
VGSY00RCMW8924975006,VGSY,RCMW89249750
ABUV00BLDW6118206021,ABUV,BLDW61182060
LGFR00YKLY3842819326,LGFR,YKLY38428193
RLUV00PIGK2736617536,RLUV,PIGK27366175
PQUZ00OONI4386426567,PQUZ,OONI43864265
EVNL00XZIZ4319923097,EVNL,XZIZ43199230
BKJC00XFQZ9057733292,BKJC,XFQZ90577332
WNWK00KIBO1911343415,WNWK,KIBO19113434
YACQ00XKEI7092773416,YACQ,XKEI70927734
MYWX00NEXO2107999065,MYWX,NEXO21079990
GQKI00RYCJ8585035195,GQKI,RYCJ85850351
QLZS00JZER0312760131,QLZS,JZER03127601
NYEE00LMZK4724136063,NYEE,LMZK47241360
WDXS00TSML2145268720,WDXS,TSML21452687
GVFG00AJKB5719363798,GVFG,AJKB57193637
PKIE00TJOP2347355522,PKIE,TJOP23473555
JYML00VPUC2524491171,JYML,VPUC25244911
PQYX00FTJJ1814249927,PQYX,FTJJ18142499
NIOO00EPDJ6338427421,NIOO,EPDJ63384274
DXUU00FAUH7799141142,DXUU,FAUH77991411
FZXC00QTKX3222952766,FZXC,QTKX32229527
PSHS00JOYN0470309497,PSHS,JOYN04703094
FBIB00HLNI3884856839,FBIB,HLNI38848568
LQHA00GNWP2645653890,LQHA,GNWP26456538
STNS00XKJT8659188271,STNS,XKJT86591882
ZUPL00RRYZ2421166285,ZUPL,RRYZ24211662
XYLK00JEHQ9151074480,XYLK,JEHQ91510744
VYZK00NOYB2457674726,VYZK,NOYB24576747
GWCY00XANR3759777368,GWCY,XANR37597773
OSVK00TEAT1061780785,OSVK,TEAT10617807
CCUK00UMCD3119964567,CCUK,UMCD31199645
CRNA00GZSX0817661053,CRNA,GZSX08176610
YGZL00VVXP6212084142,YGZL,VVXP62120841
OTKN00WHKA4163727847,OTKN,WHKA41637278
UGEZ00OBET3692332731,UGEZ,OBET36923327
KGVL00UWBT8917016337,KGVL,UWBT89170163
TLES00ONLA5908542089,TLES,ONLA59085420
TMAE00TGPO4263962698,TMAE,TGPO42639626
SZHB00HPVK7931897166,SZHB,HPVK79318971
LUBP00PRQO3629431947,LUBP,PRQO36294319
GQJS00WSNM5911460146,GQJS,WSNM59114601
RBQP00IVLR9144196543,RBQP,IVLR91441965
OQJS00HBSL2221411002,OQJS,HBSL22214110
NRZF00DGYB1459079659,NRZF,DGYB14590796
VNAV00FEAI4665835211,VNAV,FEAI46658352
ZACD00DKDQ0677829224,ZACD,DKDQ06778292
SXZP00NSDU6296846554,SXZP,NSDU62968465
OUHD00RNDJ0737945237,OUHD,RNDJ07379452
AERR00YCXZ9058730064,AERR,YCXZ90587300
OFZW00LCYP4846865882,OFZW,LCYP48468658
NRAM00TXHY2235647381,NRAM,TXHY22356473
FVWC00GXPE7445627438,FVWC,GXPE74456274
JXWZ00PTOE2610577448,JXWZ,PTOE26105774
XXEG00RPIZ4019288646,XXEG,RPIZ40192886
JQHO00HADC2724681917,JQHO,HADC27246819
LVJW00HDXY3063951726,LVJW,HDXY30639517
DDSL00YZUQ7265266373,DDSL,YZUQ72652663
WGNL00NNVB6688598710,WGNL,NNVB66885987
PJMF00NLRA2919603604,PJMF,NLRA29196036
NOEJ00VPEV9543725031,NOEJ,VPEV95437250
KLQP00JGBJ1502809429,KLQP,JGBJ15028094
DFGZ00LITV6748362743,DFGZ,LITV67483627
OWCC00ZRFB2232814488,OWCC,ZRFB22328144
LMSW00NDLC6522416411,LMSW,NDLC65224164
BCSI00XABF8170929408,BCSI,XABF81709294
PTOG00XERT4686841156,PTOG,XERT46868411
OBDB00WSEY8556671967,OBDB,WSEY85566719
XXZZ00RKLQ3888378224,XXZZ,RKLQ38883782
SDTD00QKXJ0757672102,SDTD,QKXJ07576721
BGBB00KFKX6792614640,BGBB,KFKX67926146
HEES00IVEH1302598724,HEES,IVEH13025987
YWUJ00KKZD7997983685,YWUJ,KKZD79979836
JESQ00JATP4646252678,JESQ,JATP46462526
WHRW00DJEE1725323346,WHRW,DJEE17253233
MUMY00MOUW7781817698,MUMY,MOUW77818176
PCCM00IGWA3613037211,PCCM,IGWA36130372
GHJL00WGML5827861065,GHJL,WGML58278610
EDBC00RYUP2082229615,EDBC,RYUP20822296
GJJV00EPHW6100354875,GJJV,EPHW61003548
QFGW00RRES9673238818,QFGW,RRES96732388
MLPU00XRXB7617043564,MLPU,XRXB76170435
AGOQ00NHHR2448178373,AGOQ,NHHR24481783
HNWR00TQGM9810330140,HNWR,TQGM98103301
YXGO00CDVV1351444549,YXGO,CDVV13514445
BDYY00KZLH9695406252,BDYY,KZLH96954062
YSNX00HLII6927470245,YSNX,HLII69274702
XGEW00BHWD7544311869,XGEW,BHWD75443118
JYVL00TNVO3880095802,JYVL,TNVO38800958
FSFE00JYPB7257922083,FSFE,JYPB72579220
SHBF00TEFQ4277751870,SHBF,TEFQ42777518
GPQR00ZUAX7939220882,GPQR,ZUAX79392208
ZIYG00PPPR9840260151,ZIYG,PPPR98402601
MDWT00HFFC1269037420,MDWT,HFFC12690374
YECM00QJSM8618153483,YECM,QJSM86181534
KATR00OLJE2929290624,KATR,OLJE29292906
EVEU00GCCX5536486144,EVEU,GCCX55364861
NDIY00FYAR3945369990,NDIY,FYAR39453699
HXRY00UICO2301580420,HXRY,UICO23015804
AVSS00TPVE7693250935,AVSS,TPVE76932509
IXIC00BYVX9915601785,IXIC,BYVX99156017
WEXW00ULRX2894519395,WEXW,ULRX28945193
XUPT00OGNQ7352682637,XUPT,OGNQ73526826
CVDU00PBBO2360260308,CVDU,PBBO23602603
INSC00TQHC6580048705,INSC,TQHC65800487
KGDB00KVMC6310777756,KGDB,KVMC63107777
OJHC00YWSL0635734021,OJHC,YWSL06357340
IHQR00FGMF0673616194,IHQR,FGMF06736161
VLFQ00FHWO4372675216,VLFQ,FHWO43726752
EBQX00NMNQ9002789102,EBQX,NMNQ90027891
KPMU00ALAP7295747465,KPMU,ALAP72957474
XIXZ00UTKI7355624002,XIXZ,UTKI73556240
NOEK00RSSV1914544367,NOEK,RSSV19145443
VBRE00QHVF3341227045,VBRE,QHVF33412270
DDLA00PPKJ3106190873,DDLA,PPKJ31061908
PSZI00GLIU4976372053,PSZI,GLIU49763720
IPSK00AFYB1103474909,IPSK,AFYB11034749
ZHHT00FWEX0975180820,ZHHT,FWEX09751808
OZHH00LSAP8939972757,OZHH,LSAP89399727
FPXH00HNCW9708413373,FPXH,HNCW97084133
TXYE00QVSX7177381263,TXYE,QVSX71773812
EDEW00BGXT4170475265,EDEW,BGXT41704752
NEUR00NLAW0201085490,NEUR,NLAW02010854
HTNE00GCCJ9515622897,HTNE,GCCJ95156228
BABA00QWNX8190147060,BABA,QWNX81901470
YXHJ00NOQT0811371640,YXHJ,NOQT08113716
OIXS00QBLG5765322003,OIXS,QBLG57653220
YXJE00LOPC0681956241,YXJE,LOPC06819562
FZQN00TBZE6554764474,FZQN,TBZE65547644
VYTR00JUBO7744962933,VYTR,JUBO77449629
HACI00SPMC8574110451,HACI,SPMC85741104
AVUF00XCLV6567791691,AVUF,XCLV65677916
VZUX00XYEW9110665968,VZUX,XYEW91106659
QEYT00DMER3938109024,QEYT,DMER39381090
EWTO00OCII4257289259,EWTO,OCII42572892
MPRE00SJWI6747414118,MPRE,SJWI67474141
KUKO00YTXZ8055710896,KUKO,YTXZ80557108
FQZW00NNDM3315048810,FQZW,NNDM33150488
VYAL00ZICE3632159468,VYAL,ZICE36321594
RWXR00FFZW2893073871,RWXR,FFZW28930738
INEM00WYAD0398502050,INEM,WYAD03985020
YHZF00NIEY7776428479,YHZF,NIEY77764284
IIHU00DFCH3569468478,IIHU,DFCH35694684
XCBJ00VZPH8733474505,XCBJ,VZPH87334745
XEGW00FKBI2544953610,XEGW,FKBI25449536
VUGC00YKUK2798007149,VUGC,YKUK27980071
QIHC00GBHC6618572221,QIHC,GBHC66185722
AEHD00NHNI4925991438,AEHD,NHNI49259914
ONNS00YKYF9384133739,ONNS,YKYF93841337
ALUV00SHUC9338477198,ALUV,SHUC93384771
SYBM00SMIT3505290604,SYBM,SMIT35052906
FZKU00INWA5223827408,FZKU,INWA52238274
VUQW00AFGM9185579626,VUQW,AFGM91855796
FGOU00WLXW5393752316,FGOU,WLXW53937523
CEOW00KJCI5115881912,CEOW,KJCI51158819
EBQV00MLMB6748289667,EBQV,MLMB67482896
QNDS00BTAY3019838560,QNDS,BTAY30198385
MWOE00LOLF0801248477,MWOE,LOLF08012484
MJYN00BUJT9852787838,MJYN,BUJT98527878
VTOC00LDMM2719709715,VTOC,LDMM27197097
YZXR00BOAG2769119904,YZXR,BOAG27691199
HEYB00GVRU9645666563,HEYB,GVRU96456665
KEYT00ULMY9605400463,KEYT,ULMY96054004
COHH00SLEY6618931933,COHH,SLEY66189319
SSQY00ATPY7590859725,SSQY,ATPY75908597
SIXL00RFAX1953457058,SIXL,RFAX19534570
MTCW00KAHD8465176207,MTCW,KAHD84651762
OAGM00KRRV7031266336,OAGM,KRRV70312663
NDGD00DMCW6966366469,NDGD,DMCW69663664
GCJF00CBZN9746587363,GCJF,CBZN97465873
UFOF00YZPO2436157957,UFOF,YZPO24361579
UMVK00SMAM2012633618,UMVK,SMAM20126336
TVIX00ACLO0733782535,TVIX,ACLO07337825
NAHU00UQDL9295262289,NAHU,UQDL92952622
ZGKB00HETB2950874054,ZGKB,HETB29508740
RHZH00TLIF0540338166,RHZH,TLIF05403381
ZFQD00CFIZ3155318036,ZFQD,CFIZ31553180
BCGI00LUWX9358540364,BCGI,LUWX93585403
IUYJ00NUQW4003462409,IUYJ,NUQW40034624
NJAB00BEED2519272908,NJAB,BEED25192729
MZSE00ABLG6750656980,MZSE,ABLG67506569
GMWU00SXYE2214348935,GMWU,SXYE22143489
EFBI00QCDA4979318521,EFBI,QCDA49793185
WEPE00MEVM4881906518,WEPE,MEVM48819065
LQWW00LSEU6511852769,LQWW,LSEU65118527
NATC00JGWO7502853283,NATC,JGWO75028532
NRCZ00MQJG4876821975,NRCZ,MQJG48768219
ZDDQ00TQQE0517012584,ZDDQ,TQQE05170125
OOYN00HSKM7210689594,OOYN,HSKM72106895
IAYH00GHBR0089847913,IAYH,GHBR00898479
ZHTR00XLEN2556214372,ZHTR,XLEN25562143
GVUF00AEAA2938278571,GVUF,AEAA29382785
MCQE00AEPM6745788605,MCQE,AEPM67457886
GDEI00AUZT3371622051,GDEI,AUZT33716220
ROWD00EHWC2812347384,ROWD,EHWC28123473
ENDM00XWCL1622360936,ENDM,XWCL16223609
ZTHV00BMMW7743520586,ZTHV,BMMW77435205
TSAR00PFHW1715877920,TSAR,PFHW17158779
FYQH00BXVV5712231034,FYQH,BXVV57122310
EUNH00VPUM7828606312,EUNH,VPUM78286063
PVDS00ZEAO6083015047,PVDS,ZEAO60830150
TFSU00TLAC9062201732,TFSU,TLAC90622017
ZAPQ00MJAN5937621702,ZAPQ,MJAN59376217
SPJI00MZXZ8221573376,SPJI,MZXZ82215733
TTON00ORHX1365636451,TTON,ORHX13656364
NXBE00BRIP9743020769,NXBE,BRIP97430207
AVLG00WMOH8826224481,AVLG,WMOH88262244
CUBX00YEWD6107271792,CUBX,YEWD61072717
NXKU00MXUN1055117135,NXKU,MXUN10551171
MKOD00IJGS3893996932,MKOD,IJGS38939969
PTIS00BVIB1167785530,PTIS,BVIB11677855
YIRH00UUTW3996173582,YIRH,UUTW39961735
UMMU00PWWT1609215795,UMMU,PWWT16092157
YRJK00BTVF3603262384,YRJK,BTVF36032623
YCJQ00MDEY5399885225,YCJQ,MDEY53998852
RQLI00NJLI4881036151,RQLI,NJLI48810361
TEQP00EAIT6395902295,TEQP,EAIT63959022
CQHP00LAUU2746551447,CQHP,LAUU27465514
BWIB00OPDN2449549295,BWIB,OPDN24495492
ECER00GILB8259967671,ECER,GILB82599676
VNTX00GHJQ2886548850,VNTX,GHJQ28865488
XJDW00RXXT4199725812,XJDW,RXXT41997258
VYAS00XFJK5150996333,VYAS,XFJK51509963
OTYI00ERVO1277310240,OTYI,ERVO12773102
FEFG00WVEF0125882652,FEFG,WVEF01258826
EOPR00LZBM6754635438,EOPR,LZBM67546354
PTNE00ZTUS0654488615,PTNE,ZTUS06544886
NOEZ00IUNA6157680896,NOEZ,IUNA61576808
LUSE00TRCE4623826536,LUSE,TRCE46238265
IXEF00OHKV2344056143,IXEF,OHKV23440561
IBMA00YIRJ8467704771,IBMA,YIRJ84677047
AUFZ00VNCM1200375750,AUFZ,VNCM12003757
ASNE00LGXK8206903679,ASNE,LGXK82069036
ZJMY00ACBW1907136603,ZJMY,ACBW19071366
VNOA00HJJV6030233620,VNOA,HJJV60302336
ISSJ00MSTI7442532453,ISSJ,MSTI74425324
TIVJ00EIGM4743371042,TIVJ,EIGM47433710
PKNJ00DOQD6739415076,PKNJ,DOQD67394150
YYHM00HNZT3994084590,YYHM,HNZT39940845
TXJB00HNCA2927288541,TXJB,HNCA29272885
ISXX00IPGW1983783733,ISXX,IPGW19837837
SQAT00GUSE6137854783,SQAT,GUSE61378547
EWSG00KCPZ5961959755,EWSG,KCPZ59619597
KEPH00CQPZ0580423567,KEPH,CQPZ05804235
YQAV00JYMJ4204107989,YQAV,JYMJ42041079
CZRZ00EAHH9880811497,CZRZ,EAHH98808114
SJGA00RZZV7747017194,SJGA,RZZV77470171
OTTM00YOOM1611277530,OTTM,YOOM16112775
XDKK00QLFU1051014034,XDKK,QLFU10510140
WWMQ00EDQN9313596885,WWMQ,EDQN93135968
ZHIO00JRXG5715822484,ZHIO,JRXG57158224
XQHB00QDSC0537534471,XQHB,QDSC05375344
IVDC00BWRW3269249812,IVDC,BWRW32692498
EFZW00LOJL8181276422,EFZW,LOJL81812764
BGLM00COVR9146846030,BGLM,COVR91468460
WXWT00QDHC8108068364,WXWT,QDHC81080683
HIGP00PELP0351263640,HIGP,PELP03512636
ZAJC00CRAH4131679789,ZAJC,CRAH41316797
UETW00PPJZ7577842917,UETW,PPJZ75778429
AUHS00BKJL8594236065,AUHS,BKJL85942360
CCLQ00FQEU9806643813,CCLQ,FQEU98066438
RRIB00KFRA6230165823,RRIB,KFRA62301658
QVSK00VZNM7198078084,QVSK,VZNM71980780
GMFK00IIBM0161690934,GMFK,IIBM01616909
EHUZ00XWGF2846249264,EHUZ,XWGF28462492
HIGG00OVQW1294974216,HIGG,OVQW12949742
SEAH00HOON8935892481,SEAH,HOON89358924
NPTQ00DGMM3484732739,NPTQ,DGMM34847327
AIXM00NELO1276555457,AIXM,NELO12765554
HNBU00KTEJ4307800161,HNBU,KTEJ43078001
KSEP00QMLD4377150173,KSEP,QMLD43771501
RVGN00NZLR9934055053,RVGN,NZLR99340550
KJRL00RYYK5089956728,KJRL,RYYK50899567
YIBU00IKPD7572667385,YIBU,IKPD75726673
EDHG00CMMD6256176938,EDHG,CMMD62561769
NCCM00YROX6678673508,NCCM,YROX66786735
HLOL00AFLX8912189209,HLOL,AFLX89121892
GQTK00HPXD2899549721,GQTK,HPXD28995497
JUIX00MFGE1360756807,JUIX,MFGE13607568
OYPX00JYHN7832396791,OYPX,JYHN78323967
DRYA00PWRF6785408479,DRYA,PWRF67854084
LWSF00CFGI8775037764,LWSF,CFGI87750377
UBPD00UFSM7881440583,UBPD,UFSM78814405
PYNF00JFHW8409814276,PYNF,JFHW84098142
ZVJB00QQBU9576135174,ZVJB,QQBU95761351
CXGX00PEZA9199425969,CXGX,PEZA91994259
ZJMH00ELGA8750598527,ZJMH,ELGA87505985
IKWJ00DFUT3891433451,IKWJ,DFUT38914334
MJRA00PRNX1170148107,MJRA,PRNX11701481
PSRF00UITG8898110126,PSRF,UITG88981101
VHFN00AACV2730712871,VHFN,AACV27307128
PIDG00JNSM0802713747,PIDG,JNSM08027137
NCEG00YBAU1303369472,NCEG,YBAU13033694
LFNB00BFFS9261924855,LFNB,BFFS92619248
LGVB00NWBS1239582270,LGVB,NWBS12395822
URSL00ALKJ3728937414,URSL,ALKJ37289374
ZZUM00HZRM2324800402,ZZUM,HZRM23248004
XPCE00NPKP9703393468,XPCE,NPKP97033934
FWLD00WICY8188158255,FWLD,WICY81881582
TROA00YQBF5738017343,TROA,YQBF57380173
FKYF00LVFH2280334493,FKYF,LVFH22803344
MARJ00DHIY6788135072,MARJ,DHIY67881350
WHLR00CMQP2018700580,WHLR,CMQP20187005
LKZN00GJYR7135876269,LKZN,GJYR71358762
EROM00QXDU3573832926,EROM,QXDU35738329
AOAH00CSGW0760281587,AOAH,CSGW07602815
JFCC00WJXF6308283430,JFCC,WJXF63082834
QPRJ00VHPU5638538120,QPRJ,VHPU56385381
LTGU00FVPB9034770043,LTGU,FVPB90347700
LPQL00PGLA5821553151,LPQL,PGLA58215531
JVOE00JGWU2434330596,JVOE,JGWU24343305
LZKV00NKFE1477143288,LZKV,NKFE14771432
VKGG00KRRO3763259035,VKGG,KRRO37632590
UUXI00GJRZ5361281953,UUXI,GJRZ53612819
FJNX00OFKJ5511041257,FJNX,OFKJ55110412
CJMI00ECZG6133557412,CJMI,ECZG61335574
FQWY00FFUM4119622584,FQWY,FFUM41196225
HXJA00YAEM8723371322,HXJA,YAEM87233713
QOJC00SYFF8894793148,QOJC,SYFF88947931
URYX00REUZ2710474676,URYX,REUZ27104746
EEAW00TSQT8969248673,EEAW,TSQT89692486
YVOI00ZGDL0350483894,YVOI,ZGDL03504838
PCHO00GPLG6756512157,PCHO,GPLG67565121
PPSU00UOJS1852699095,PPSU,UOJS18526990
PKPK00LFOS4672336345,PKPK,LFOS46723363
PPAQ00SQFC5891152764,PPAQ,SQFC58911527
VBOA00YJDY0779193909,VBOA,YJDY07791939
MXNJ00HJMS9819119347,MXNJ,HJMS98191193
QTKO00QTNV3673671017,QTKO,QTNV36736710
FUAD00BBKI3878664719,FUAD,BBKI38786647
LZLC00NYFJ0846048956,LZLC,NYFJ08460489
MMUX00DDIM3490906868,MMUX,DDIM34909068
ANAW00UABV5116970132,ANAW,UABV51169701
RVSN00LRRS2337536521,RVSN,LRRS23375365
WHXF00ATJM1625755473,WHXF,ATJM16257554
IXHH00VEEU0571321244,IXHH,VEEU05713212
DYQE00MNNH2091418286,DYQE,MNNH20914182
FMSB00IIAH3975974577,FMSB,IIAH39759745
KWJW00MDSX4248057831,KWJW,MDSX42480578
KEBK00IYQN2000490151,KEBK,IYQN20004901
FKVT00AHCQ6451309750,FKVT,AHCQ64513097
ICNI00PTCD9330866105,ICNI,PTCD93308661
DCCJ00JJPV8134097777,DCCJ,JJPV81340977
VPOM00PKXY3519187542,VPOM,PKXY35191875
BEVO00ALMF0992608065,BEVO,ALMF09926080
GXWP00YZUL7356452102,GXWP,YZUL73564521
FYWC00ESPV9064805477,FYWC,ESPV90648054
VSHT00DGRZ0064532315,VSHT,DGRZ00645323
XEOW00GSGR0199731435,XEOW,GSGR01997314
NMWP00NHZN2186416078,NMWP,NHZN21864160
XVIY00QBDX9783571152,XVIY,QBDX97835711
EMGP00ASEV5516417647,EMGP,ASEV55164176
TMQU00SWWA3960932389,TMQU,SWWA39609323
LDGD00HVES1052935890,LDGD,HVES10529358
WDHX00ZQJE5719784942,WDHX,ZQJE57197849
NSIL00BKBM2614593467,NSIL,BKBM26145934
FHEW00BSVM0235928731,FHEW,BSVM02359287
NNFB00TRCH3548734492,NNFB,TRCH35487344
FKYG00AMMP2682131729,FKYG,AMMP26821317
YTRI00CLLI5590021260,YTRI,CLLI55900212
WMHB00LCCV5686991106,WMHB,LCCV56869911
NMIA00EBNF2309904077,NMIA,EBNF23099040
THSJ00YXBT0426954230,THSJ,YXBT04269542
EPJP00KHUH4023508141,EPJP,KHUH40235081
UJOU00FYJD1509494255,UJOU,FYJD15094942
SYCR00NQUI2834368023,SYCR,NQUI28343680
ACJZ00JJEU5852282609,ACJZ,JJEU58522826
ZNEJ00ERYH1367513306,ZNEJ,ERYH13675133
MVWK00TKPY4768540776,MVWK,TKPY47685407
RNTE00MOXA8209701831,RNTE,MOXA82097018
UWCT00GKZW9530624168,UWCT,GKZW95306241
YVPF00KTZO5518103471,YVPF,KTZO55181034
PWXZ00WURP2263825386,PWXZ,WURP22638253
SVNV00FOHO8231626731,SVNV,FOHO82316267
BXGZ00QYWW8018369555,BXGZ,QYWW80183695
HNTN00ZUYY0017368679,HNTN,ZUYY00173686
ZFGQ00XHIZ4049273361,ZFGQ,XHIZ40492733
KVVZ00TGVX9387897009,KVVZ,TGVX93878970
JJQB00TNIK5203407160,JJQB,TNIK52034071
JHSX00OZKJ4114150567,JHSX,OZKJ41141505
WWKB00HYUR0963698013,WWKB,HYUR09636980
WZSB00WRPQ1087932115,WZSB,WRPQ10879321
UWOP00YLLO4300598453,UWOP,YLLO43005984
UVAW00DUCR1000118526,UVAW,DUCR10001185
VHPH00BWVQ5237959463,VHPH,BWVQ52379594
GFIQ00MJEC9817344428,GFIQ,MJEC98173444
CIQN00UCLV9813713588,CIQN,UCLV98137135
VQPX00EVJM4321532062,VQPX,EVJM43215320
RJQG00EEKN5395051577,RJQG,EEKN53950515
XYAE00CQFN9967191625,XYAE,CQFN99671916
PAJW00OUTE3945111983,PAJW,OUTE39451119
IPGQ00VZXF7623187098,IPGQ,VZXF76231870
NQKO00JCLA3547913784,NQKO,JCLA35479137
KXGM00RMNM4664798984,KXGM,RMNM46647989
RQEV00LWDB7277265840,RQEV,LWDB72772658
TCRR00GYPO4839378342,TCRR,GYPO48393783
TEGQ00ATUZ3066695046,TEGQ,ATUZ30666950
ZRWC00CVIG8712978411,ZRWC,CVIG87129784
NHWS00BNMK9432952710,NHWS,BNMK94329527
GGRB00YZYE3656359597,GGRB,YZYE36563595
QSXC00UOKG0379382795,QSXC,UOKG03793827
IJFV00UZGM3379499178,IJFV,UZGM33794991
YJMI00DRAE1000366136,YJMI,DRAE10003661
JDZG00ZCDT2852885774,JDZG,ZCDT28528857
EYFV00VVLF0791145958,EYFV,VVLF07911459
SFED00LYIK9256871378,SFED,LYIK92568713
JNED00CVZJ5366102130,JNED,CVZJ53661021
TFWI00YDQA9896495234,TFWI,YDQA98964952
TBLN00OKWV2718527926,TBLN,OKWV27185279
LJFP00WDPQ4308078494,LJFP,WDPQ43080784
KQCQ00IZVX8611094643,KQCQ,IZVX86110946
WLGF00DYGE9544423148,WLGF,DYGE95444231
EOGW00NMZA4354250844,EOGW,NMZA43542508
DLHO00IUIL0069096630,DLHO,IUIL00690966
QEYK00HOIQ2179438260,QEYK,HOIQ21794382
RAAT00XTAX0448289233,RAAT,XTAX04482892
GDAK00CYLF3617053425,GDAK,CYLF36170534
ULYM00HZVI5935070111,ULYM,HZVI59350701
ZUKE00MZBK8727849993,ZUKE,MZBK87278499
SNGJ00QBEP3428268224,SNGJ,QBEP34282682
IWOR00ZBAM8462718766,IWOR,ZBAM84627187
OJRP00RITX8874945661,OJRP,RITX88749456
SZSH00LPQP2291918995,SZSH,LPQP22919189
JLMZ00RFUS2893608807,JLMZ,RFUS28936088
EJQY00KAVK4421138869,EJQY,KAVK44211388
TFMQ00MRVH8623781171,TFMQ,MRVH86237811
PWND00QNSE6791090171,PWND,QNSE67910901
TRRB00DFMG3665033712,TRRB,DFMG36650337
IGRU00PCSW6934977773,IGRU,PCSW69349777
RPOL00PAWX8661762775,RPOL,PAWX86617627
MRJP00OTZU9072094266,MRJP,OTZU90720942
GPON00XXSV7962506595,GPON,XXSV79625065
AWUS00ILTJ4661500263,AWUS,ILTJ46615002
JWNA00LZGE0390386867,JWNA,LZGE03903868
CDXS00RYGK3252050359,CDXS,RYGK32520503
KOHK00RSGR1629833303,KOHK,RSGR16298333
SWOZ00CYQC8997625239,SWOZ,CYQC89976252
PQCI00JREP8359766669,PQCI,JREP83597666
JOMK00ZITW6911277969,JOMK,ZITW69112779
KAZU00HQYM3079328009,KAZU,HQYM30793280
KJNH00VMIM3015986466,KJNH,VMIM30159864
KARB00EYNV3206843339,KARB,EYNV32068433
RFME00HUOD2514546363,RFME,HUOD25145463
TEGD00GJIJ1566042547,TEGD,GJIJ15660425
YYXR00XEPZ0941575190,YYXR,XEPZ09415751
ADNL00CQTD3827754698,ADNL,CQTD38277546
ISXJ00IAZF0098124736,ISXJ,IAZF00981247
WOQU00AOXB2989281871,WOQU,AOXB29892818
BGXV00TVKO6602520668,BGXV,TVKO66025206
CBEF00ZIJP3743580766,CBEF,ZIJP37435807
RLCL00DLVK6387011403,RLCL,DLVK63870114
XPDS00TYJF2172567804,XPDS,TYJF21725678
KQQK00NXMZ0171547411,KQQK,NXMZ01715474
YORU00HBVL4152403217,YORU,HBVL41524032
EWIN00CWFZ1171274251,EWIN,CWFZ11712742
BOVK00VBWQ4826291982,BOVK,VBWQ48262919
YRTS00NWOX1001469952,YRTS,NWOX10014699
YHJO00YKJO5018703803,YHJO,YKJO50187038
NLCB00IAXA3802799254,NLCB,IAXA38027992
WYDX00OYLC1010209071,WYDX,OYLC10102090
TODL00KQVC4117672892,TODL,KQVC41176728
IQHN00NCHT9835684356,IQHN,NCHT98356843
UDUO00SYGH6341880978,UDUO,SYGH63418809
XZUG00HFIP6180270092,XZUG,HFIP61802700
RQUD00NYMF6158776047,RQUD,NYMF61587760
OFSQ00EPXI2208366626,OFSQ,EPXI22083666
VRCP00OJFS7276400847,VRCP,OJFS72764008
IUPX00PJBM7668616847,IUPX,PJBM76686168
RFBC00KHUV7873148824,RFBC,KHUV78731488
MKOX00NWSX4206814845,MKOX,NWSX42068148
BNPR00QRVX1714440364,BNPR,QRVX17144403
AIYF00TTXN5933152909,AIYF,TTXN59331529
FTYO00RPGA7695719337,FTYO,RPGA76957193
TRNC00HNVN9152072402,TRNC,HNVN91520724
PXYJ00GICM5598830211,PXYJ,GICM55988302
TXMO00YPKP0559042444,TXMO,YPKP05590424
OWCE00CZNY9560478415,OWCE,CZNY95604784
WPQJ00IPGN4881578682,WPQJ,IPGN48815786
RCCO00QJAT8975895596,RCCO,QJAT89758955
DKHW00MIOU0491512823,DKHW,MIOU04915128
JQQJ00NXZX2198848224,JQQJ,NXZX21988482
JIOK00OFDR4030445730,JIOK,OFDR40304457
FMXK00ENBV0434368309,FMXK,ENBV04343683
XVOJ00ZGVZ0703096278,XVOJ,ZGVZ07030962
QKMQ00DNDK1909988716,QKMQ,DNDK19099887
VTZK00JQBS5758659086,VTZK,JQBS57586590
JIKP00DWYY3213599287,JIKP,DWYY32135992
TCGZ00UXQF9626154949,TCGZ,UXQF96261549
UOIS00FZBB5541220663,UOIS,FZBB55412206
RMPA00WSLK4525599672,RMPA,WSLK45255996
MZRU00CGWB5266291885,MZRU,CGWB52662918
WDIM00QDNT1950957538,WDIM,QDNT19509575
OOUM00DOLP9891134874,OOUM,DOLP98911348
NIGQ00GLAF6620113775,NIGQ,GLAF66201137
RERH00XJKB4784353258,RERH,XJKB47843532
SIWX00DAOX3392031339,SIWX,DAOX33920313
IYUY00ACWO3593900545,IYUY,ACWO35939005
FWTE00OUEL1307410514,FWTE,OUEL13074105
QAZR00SLSZ4033996729,QAZR,SLSZ40339967
EKZS00JLNB9243602191,EKZS,JLNB92436021
XMAE00ZRTP9905137117,XMAE,ZRTP99051371
WEOB00SKCD2397272057,WEOB,SKCD23972720
AIUI00CHND2446771285,AIUI,CHND24467712
ZKLN00KYDI8996256608,ZKLN,KYDI89962566
WPCP00OQMG1554356186,WPCP,OQMG15543561
PVMP00LXTF5068528350,PVMP,LXTF50685283
FAWA00ZYMG7580921155,FAWA,ZYMG75809211
YFRG00ZHMA4678235164,YFRG,ZHMA46782351
CFIL00AVXO5015120934,CFIL,AVXO50151209
UJIB00IBNF1889797152,UJIB,IBNF18897971
REKM00QTPN5625670964,REKM,QTPN56256709
BGCZ00WAED4488196886,BGCZ,WAED44881968
CSJF00JSAP8419029263,CSJF,JSAP84190292
CIMN00EXFJ8988927238,CIMN,EXFJ89889272
PDHR00YYXN7653986695,PDHR,YYXN76539866
CSMK00WDEZ0748375695,CSMK,WDEZ07483756
HKES00YMGJ1178895013,HKES,YMGJ11788950
CTJY00FJWY1986892189,CTJY,FJWY19868921
GBMY00TFRT8018021730,GBMY,TFRT80180217
YMFL00VQBO1641931479,YMFL,VQBO16419314
UDNE00FKVX6731119326,UDNE,FKVX67311193
WCAA00DBBM7790886672,WCAA,DBBM77908866
KJZS00HNMG6530799508,KJZS,HNMG65307995
BMCA00KEPH2595474586,BMCA,KEPH25954745
CAVZ00RIEA7359709979,CAVZ,RIEA73597099
SDWJ00FDZI6524658405,SDWJ,FDZI65246584
UZIT00YYZY8355983168,UZIT,YYZY83559831
URTK00AIZN8466297850,URTK,AIZN84662978
KZZC00IWAY7880129474,KZZC,IWAY78801294
OUAA00BLAK1154934310,OUAA,BLAK11549343
QZJC00ZXMP2735241826,QZJC,ZXMP27352418
ILZR00SREQ0870560613,ILZR,SREQ08705606
ZJKH00CKQM6519543346,ZJKH,CKQM65195433
HDZC00JLXZ3013008293,HDZC,JLXZ30130082
BQMD00LPDE2142665503,BQMD,LPDE21426655
BAYL00PBMB7885362248,BAYL,PBMB78853622
UZQB00OGLP9824052509,UZQB,OGLP98240525
DVDZ00TTIO3100974222,DVDZ,TTIO31009742
MWCA00MDEM1265859809,MWCA,MDEM12658598
UXBM00GYSC5823399580,UXBM,GYSC58233995
CLKS00SRRT5804079923,CLKS,SRRT58040799
BION00OHLH9205959507,BION,OHLH92059595
TQEF00AKAB1069907741,TQEF,AKAB10699077
QGOR00HZII9107810583,QGOR,HZII91078105
PDGN00KPVG3138253128,PDGN,KPVG31382531
JYUJ00XFJX6624148805,JYUJ,XFJX66241488
OHRJ00XUZY8375996874,OHRJ,XUZY83759968
VZFD00FIJE0457995113,VZFD,FIJE04579951
OVWN00ZTSZ2969674350,OVWN,ZTSZ29696743
NAMF00FGMR3125451517,NAMF,FGMR31254515
SMSR00QATJ9283784338,SMSR,QATJ92837843
JKCQ00HXAY4411389919,JKCQ,HXAY44113899
JYAJ00DGWY0089987778,JYAJ,DGWY00899877
SWTG00WQDV4001835374,SWTG,WQDV40018353
UJXA00ETOO8564244597,UJXA,ETOO85642445
GZZE00NQOA4050613295,GZZE,NQOA40506132
WZPM00EEUH0445298489,WZPM,EEUH04452984
BPKW00ESOL4286926611,BPKW,ESOL42869266
ZYRC00TZAE1900954654,ZYRC,TZAE19009546
WNHM00ZDOK9899774615,WNHM,ZDOK98997746
LAYX00RTPH2618777423,LAYX,RTPH26187774
GQPD00EMJX3186313437,GQPD,EMJX31863134
SKWA00MAIE9680110533,SKWA,MAIE96801105
QKOZ00USWH9621562517,QKOZ,USWH96215625
UWXZ00ITZN0546806055,UWXZ,ITZN05468060
DQGC00KEMK6967623948,DQGC,KEMK69676239
GCSP00XWUW4444150097,GCSP,XWUW44441500
LSVE00XHMS9973991851,LSVE,XHMS99739918
OUYW00EGAT8633585667,OUYW,EGAT86335856
DHYB00UYEO8885018763,DHYB,UYEO88850187
VXOS00HEGD1229405645,VXOS,HEGD12294056
XXOO00OIVT3177959289,XXOO,OIVT31779592
ZLJH00UZMI0182262822,ZLJH,UZMI01822628
VYUI00RBGK9420262080,VYUI,RBGK94202620
UXXF00JPML9312969356,UXXF,JPML93129693
XGFL00OGGU4553528515,XGFL,OGGU45535285
RIQG00RSKN2580347366,RIQG,RSKN25803473
QWDK00GTGG0751308665,QWDK,GTGG07513086
ROGK00NEML8353587654,ROGK,NEML83535876
YOXF00DWUZ0807936072,YOXF,DWUZ08079360
IRRZ00VAHU9472418104,IRRZ,VAHU94724181
WMWM00YJLW4591230274,WMWM,YJLW45912302
UBPN00UWUD5705373497,UBPN,UWUD57053734
GUZR00RJYS8014159696,GUZR,RJYS80141596
WNPO00INIM1887013753,WNPO,INIM18870137
WWXC00MNJS2312529464,WWXC,MNJS23125294
YAVH00FBQZ4406679343,YAVH,FBQZ44066793
LJKW00TQGP4789810894,LJKW,TQGP47898108
UUBZ00DCKC4382324764,UUBZ,DCKC43823247
IMFW00DQUP8712472361,IMFW,DQUP87124723
NSHA00LDHF9986888581,NSHA,LDHF99868885
LXJW00XLSG6525485241,LXJW,XLSG65254852
MAGF00HNGY7222986561,MAGF,HNGY72229865
YWUF00UEIH1571602118,YWUF,UEIH15716021
AIMK00WJVW2714442975,AIMK,WJVW27144429
CWSS00VJSF5909563392,CWSS,VJSF59095633
CGFX00JTUM0860403244,CGFX,JTUM08604032
LEVU00FWAX6487212464,LEVU,FWAX64872124
TRTO00OCUE7857574618,TRTO,OCUE78575746
NAKH00CTFW4322613577,NAKH,CTFW43226135
HWAP00FBSL5073744158,HWAP,FBSL50737441
INKQ00IGEB0957107413,INKQ,IGEB09571074
UWPX00NAYF4378980623,UWPX,NAYF43789806
SYOD00DNUY1203587280,SYOD,DNUY12035872
LUUG00GBBN8807140880,LUUG,GBBN88071408
TPXO00TXCR1108128626,TPXO,TXCR11081286
PUBN00WDXS8271689935,PUBN,WDXS82716899
OEKO00IOTN8433135876,OEKO,IOTN84331358
HLNS00QLWV1357057072,HLNS,QLWV13570570
VCMA00XRDE2465300397,VCMA,XRDE24653003
ADNX00EALZ5225723688,ADNX,EALZ52257236
VIVU00IKCB1829607156,VIVU,IKCB18296071
SZVC00RKPK5748016766,SZVC,RKPK57480167
JEAD00YSHB8206218760,JEAD,YSHB82062187
JGBY00WFPD6858341451,JGBY,WFPD68583414
WUCF00CIUR9031302816,WUCF,CIUR90313028
UKNL00EUWY8194954035,UKNL,EUWY81949540
THTJ00HIVV6463452942,THTJ,HIVV64634529
FXOM00HSXT8258606688,FXOM,HSXT82586066
WJZD00JICA3534271152,WJZD,JICA35342711
DEEA00VIVX7448314032,DEEA,VIVX74483140
QPVH00YKKH6245986852,QPVH,YKKH62459868
NCGM00ZYNO8270096691,NCGM,ZYNO82700966
SSGM00BBBB6412179613,SSGM,BBBB64121796
IBPS00VFLG0688019867,IBPS,VFLG06880198
LNSY00PTAB6367571710,LNSY,PTAB63675717
YQTQ00NSUA1629134447,YQTQ,NSUA16291344
QKAX00FPAT9777826473,QKAX,FPAT97778264
HLEZ00ROAN3586807145,HLEZ,ROAN35868071
MUMJ00VTUO1408733674,MUMJ,VTUO14087336
WBNE00OFOM5911776336,WBNE,OFOM59117763
HYAU00TCKH7965741379,HYAU,TCKH79657413
QCVP00JUUU7215484822,QCVP,JUUU72154848
PDKA00EQKY6689822149,PDKA,EQKY66898221
FGCI00ETIU0931040239,FGCI,ETIU09310402
LGBX00UZOI0238837910,LGBX,UZOI02388379
WIMA00LLUJ1020172058,WIMA,LLUJ10201720
PWYA00UYEE8278490021,PWYA,UYEE82784900
FJYG00SBXU4172891854,FJYG,SBXU41728918
PAOO00VIPQ8512227858,PAOO,VIPQ85122278
VTWU00BHRK8033389991,VTWU,BHRK80333899
OEYX00ZDQQ8289927578,OEYX,ZDQQ82899275
SLEE00OSIG0258089421,SLEE,OSIG02580894
MURG00JTBB1958884888,MURG,JTBB19588848
IVOZ00LRTR9681027867,IVOZ,LRTR96810278
YHIJ00KWRE0493497860,YHIJ,KWRE04934978
UEOR00BKLI7051046712,UEOR,BKLI70510467
PVQA00GQOY1885069370,PVQA,GQOY18850693
NEEZ00KUTT1206110427,NEEZ,KUTT12061104
WZNE00TKAJ6756533064,WZNE,TKAJ67565330
JBLB00BOCW2921580854,JBLB,BOCW29215808
TYCX00ULPE9031036291,TYCX,ULPE90310362
OTSP00GDED5797684158,OTSP,GDED57976841
UMWK00CCMF5097050946,UMWK,CCMF50970509
JTRI00WSKR2940382273,JTRI,WSKR29403822
CTRM00MMQU7731046528,CTRM,MMQU77310465
QXHL00YTIB1871727480,QXHL,YTIB18717274
SWON00ZFAF9873763038,SWON,ZFAF98737630
PLXU00SRJH0184117608,PLXU,SRJH01841176
EICC00GWXO7631485539,EICC,GWXO76314855
VBOD00GSLJ4195082935,VBOD,GSLJ41950829
ZDUX00RDON9694822126,ZDUX,RDON96948221
NXAX00TSOE2775127267,NXAX,TSOE27751272
NGDP00WKPF1849644236,NGDP,WKPF18496442
BXMN00QZDV4834687764,BXMN,QZDV48346877
AOHS00ZCHV7379605911,AOHS,ZCHV73796059
NIVX00TDFI4268949383,NIVX,TDFI42689493
FFTB00SUWE6200686589,FFTB,SUWE62006865
BOWS00BVSX2587085889,BOWS,BVSX25870858
LRWP00NZKB5553934303,LRWP,NZKB55539343
ZYTP00ZNGT9470878086,ZYTP,ZNGT94708780
VFEF00ZNWB4424879033,VFEF,ZNWB44248790
ICBY00AHVU2291359874,ICBY,AHVU22913598
TLPK00LTCI5117967395,TLPK,LTCI51179673
FUEI00OTBY4900331053,FUEI,OTBY49003310
FPXV00PFDM7459618360,FPXV,PFDM74596183
EKBA00YZSA3431495898,EKBA,YZSA34314958
EGGD00OZCU1874789563,EGGD,OZCU18747895
RXUK00GWIG9934092332,RXUK,GWIG99340923
UTCC00YUUG0707164940,UTCC,YUUG07071649
JGAX00NOMQ1437733211,JGAX,NOMQ14377332
WAZK00DXZX1965282267,WAZK,DXZX19652822
HKOH00GRCD8540983317,HKOH,GRCD85409833
CUJC00FBOW9932671952,CUJC,FBOW99326719
DOPZ00XGEF7231408868,DOPZ,XGEF72314088
HVDJ00PABS1712276757,HVDJ,PABS17122767
BMPX00UITP9412580815,BMPX,UITP94125808
HQMG00ADHO9679367264,HQMG,ADHO96793672
ZGCD00NWAL3139162464,ZGCD,NWAL31391624
SANG00GFLX8982310041,SANG,GFLX89823100
RGBO00HKEN9727414575,RGBO,HKEN97274145
NHPE00BPIS3102249773,NHPE,BPIS31022497
ZGGR00XPHD8216250066,ZGGR,XPHD82162500
TEPW00RAGL1758512206,TEPW,RAGL17585122
SHZU00LSUS6263640266,SHZU,LSUS62636402
ZYXN00XYGZ5614953361,ZYXN,XYGZ56149533
NCLQ00SZUH7628649713,NCLQ,SZUH76286497
TIAS00BGEG8535713860,TIAS,BGEG85357138
WZUN00MYKU9814275853,WZUN,MYKU98142758
DLVX00LBLL6490154563,DLVX,LBLL64901545
DNKB00VEKN0239808177,DNKB,VEKN02398081
VJPC00DZBZ6098523293,VJPC,DZBZ60985232
YJKH00BHYU1032679606,YJKH,BHYU10326796
YYZR00DUAU7557684142,YYZR,DUAU75576841
GMAH00FFBX2200470258,GMAH,FFBX22004702
VTSQ00QZET7915982430,VTSQ,QZET79159824
BUUG00YKNQ6533666915,BUUG,YKNQ65336669
QUCR00DHJG0135321753,QUCR,DHJG01353217
ANFO00SSZN5627991725,ANFO,SSZN56279917
EYWC00CFGO0075791021,EYWC,CFGO00757910
JFPZ00NYDA3302588733,JFPZ,NYDA33025887
ZYRU00OGJT6665446129,ZYRU,OGJT66654461
AMQU00STGL3095420052,AMQU,STGL30954200
SIKE00XXSS9547026708,SIKE,XXSS95470267
WIFA00XBTD7975359386,WIFA,XBTD79753593
GYHU00BEPM6661241615,GYHU,BEPM66612416
XQXM00LTWQ3678486031,XQXM,LTWQ36784860
WANG00XGRG2309934259,WANG,XGRG23099342
AAKF00RFWZ9464101530,AAKF,RFWZ94641015
AXCC00TJVA0402467669,AXCC,TJVA04024676
GWNQ00ODYA8955105343,GWNQ,ODYA89551053
NGWW00JSTT4633332450,NGWW,JSTT46333324
THEB00ETOX8287307120,THEB,ETOX82873071
NMLW00WDSW6867192115,NMLW,WDSW68671921
GZDN00NJWM8775288571,GZDN,NJWM87752885
SXCM00KPPQ5344592178,SXCM,KPPQ53445921
XGDA00AURX7542507458,XGDA,AURX75425074
MWJD00SEKH2212965189,MWJD,SEKH22129651
XVOS00JTBQ4863256936,XVOS,JTBQ48632569
EUUC00OUXO1558683078,EUUC,OUXO15586830
VYLX00MPOS7418674007,VYLX,MPOS74186740
ORZA00RUHL1603912644,ORZA,RUHL16039126
ACSY00RQTB0244370719,ACSY,RQTB02443707
BOJJ00SZTO1391260878,BOJJ,SZTO13912608
HYGB00XNHG5699442714,HYGB,XNHG56994427
UWPM00DLFI3405869633,UWPM,DLFI34058696
XNQO00PQJH8704053892,XNQO,PQJH87040538
PCRK00KQUN6387151304,PCRK,KQUN63871513
BOBE00CIWF8102065358,BOBE,CIWF81020653
XCFN00HZXN1305850995,XCFN,HZXN13058509
YUUB00GSTP0189213131,YUUB,GSTP01892131
HAUS00JUGL6250571908,HAUS,JUGL62505719
IFMZ00XMFR3474035519,IFMZ,XMFR34740355
DKJQ00HVHQ6477706873,DKJQ,HVHQ64777068
KTAF00CEWF0903608344,KTAF,CEWF09036083
VLVP00OAKX4335710780,VLVP,OAKX43357107
NSYA00ACOS2536919110,NSYA,ACOS25369191
DPEF00XWSD3724866935,DPEF,XWSD37248669
ILTY00ZZTC6342004283,ILTY,ZZTC63420042
ZUWA00XKFP8296822684,ZUWA,XKFP82968226
WNLH00DZHC1657043971,WNLH,DZHC16570439
MEBE00ILPH0689244687,MEBE,ILPH06892446
QBCM00EOKF6701595325,QBCM,EOKF67015953
PYUT00LDWU6064284703,PYUT,LDWU60642847
AHYE00RKUV0581942097,AHYE,RKUV05819420
MALH00VHYK8770208567,MALH,VHYK87702085
BDHR00JLQD4345451605,BDHR,JLQD43454516
OTNI00KMDM0204823728,OTNI,KMDM02048237
MLUQ00YVNZ2630350575,MLUQ,YVNZ26303505
WHGF00PLKM6829859177,WHGF,PLKM68298591
UKPZ00GMTN0727793363,UKPZ,GMTN07277933
XRKO00GAPZ1947125340,XRKO,GAPZ19471253
KUAM00WULV4263057361,KUAM,WULV42630573
AFDM00USTN5723833547,AFDM,USTN57238335
IJRM00EIMP2104106181,IJRM,EIMP21041061
JGTI00CJCI6803296878,JGTI,CJCI68032968
UWLT00AVTN6725489621,UWLT,AVTN67254896
ZUHE00BBEF5733437382,ZUHE,BBEF57334373
IQEN00PXGP0656819917,IQEN,PXGP06568199
IMQQ00CCYU2210916739,IMQQ,CCYU22109167
NNER00PVMP4153273159,NNER,PVMP41532731
YPHJ00OYWK8789347570,YPHJ,OYWK87893475
HJTL00ZVDG3124890843,HJTL,ZVDG31248908
CGDR00EGYJ5741255722,CGDR,EGYJ57412557
JKYP00QRSJ4823381308,JKYP,QRSJ48233813
ZBCS00JFAT6365436239,ZBCS,JFAT63654362
EWWZ00DKUW0108532363,EWWZ,DKUW01085323
HDRJ00DVIJ1952637562,HDRJ,DVIJ19526375
WVVB00KEJA2746418741,WVVB,KEJA27464187
VQMG00OYRL5003068604,VQMG,OYRL50030686
XXAK00ITOP6611008128,XXAK,ITOP66110081
IIWZ00XHEJ2251947786,IIWZ,XHEJ22519477
YRMW00WCKR6934298515,YRMW,WCKR69342985
MCCN00RUSJ4486170908,MCCN,RUSJ44861709
KJZA00QRZL0269598828,KJZA,QRZL02695988
AXDG00TWZI7726170353,AXDG,TWZI77261703
CGRL00FGBD3181979704,CGRL,FGBD31819797
IJSB00YLZW6185027457,IJSB,YLZW61850274
FFJN00LSEP8095314047,FFJN,LSEP80953140
DLSJ00TYWL8392760671,DLSJ,TYWL83927606
QKIA00VDSR6762705760,QKIA,VDSR67627057
TYXG00BSTE8466311180,TYXG,BSTE84663111
LVNM00QWJK5156268464,LVNM,QWJK51562684
AXRA00VMTW9646499734,AXRA,VMTW96464997
ZHKX00DXYV0375961152,ZHKX,DXYV03759611
CQIZ00RNCI0809648620,CQIZ,RNCI08096486
DBQV00SCTO3459083709,DBQV,SCTO34590837
EFRI00HTKN6032687030,EFRI,HTKN60326870
MSCZ00GFBJ0719111266,MSCZ,GFBJ07191112
BMCH00DGGN3098811536,BMCH,DGGN30988115
RMOU00UCBS2210653383,RMOU,UCBS22106533
SOBQ00MUXV9411820855,SOBQ,MUXV94118208
AXEK00WRGZ1714891664,AXEK,WRGZ17148916
VUPZ00BPXI2620822080,VUPZ,BPXI26208220
OAIQ00ANVS4320392835,OAIQ,ANVS43203928
KYTS00RCZL2186070407,KYTS,RCZL21860704
WIVI00DZLA9461438978,WIVI,DZLA94614389
CMMD00QEHU6150562762,CMMD,QEHU61505627
CCHI00YAHK1869339953,CCHI,YAHK18693399
NJMU00FYNL7937502443,NJMU,FYNL79375024
GIUZ00FMWK2377724402,GIUZ,FMWK23777244
LJBS00RURR1672534188,LJBS,RURR16725341
OBCA00LBUE7527268991,OBCA,LBUE75272689
MYIZ00UJHI3975255387,MYIZ,UJHI39752553
XFNT00POAI0080354002,XFNT,POAI00803540
VXLG00OLVU8453451466,VXLG,OLVU84534514
ALRR00PMMI5725522181,ALRR,PMMI57255221
QKZI00DWEG7965211898,QKZI,DWEG79652118
FWFA00SUMT0361704542,FWFA,SUMT03617045
HJUC00PASF8725306138,HJUC,PASF87253061
FGVT00VDQE6197759190,FGVT,VDQE61977591
QMWN00PPDL9164537417,QMWN,PPDL91645374
SEYN00MCQI2882799653,SEYN,MCQI28827996
WUOG00RBSW1352945475,WUOG,RBSW13529454
KIYY00PSTW6170698937,KIYY,PSTW61706989
NHCV00YEWO2061496777,NHCV,YEWO20614967
QHAH00DWEU4156190624,QHAH,DWEU41561906
LCNK00FVWV0811975977,LCNK,FVWV08119759
MOZY00WCGM3241785439,MOZY,WCGM32417854
UCXR00SWLJ7253328698,UCXR,SWLJ72533286
UCOU00UQEQ2575880459,UCOU,UQEQ25758804
UWVG00ZPDQ2549295391,UWVG,ZPDQ25492953
SIQT00KVPS2458794496,SIQT,KVPS24587944
NDDT00KGDU5017062038,NDDT,KGDU50170620
ZWRR00VLFA7214453059,ZWRR,VLFA72144530
WYLU00YMUR0741745677,WYLU,YMUR07417456
CFIP00WYER9956521567,CFIP,WYER99565215
HPYS00TPYO7532434175,HPYS,TPYO75324341
JATQ00CUAC8841855830,JATQ,CUAC88418558
DFWY00UUUG2618303085,DFWY,UUUG26183030
RMXB00DKPL4751193070,RMXB,DKPL47511930
RNGY00MGVS0319403827,RNGY,MGVS03194038
YJOD00XBAO7313567889,YJOD,XBAO73135678
NRME00UUXZ0087599470,NRME,UUXZ00875994
LPRX00VUCV2600862758,LPRX,VUCV26008627
ZXME00QCTC6943667780,ZXME,QCTC69436677
DITT00YCYH0154472620,DITT,YCYH01544726
FHUQ00EOPK0511528794,FHUQ,EOPK05115287
HUSQ00TPNZ5802440077,HUSQ,TPNZ58024400
RFYQ00CLEW2864358971,RFYQ,CLEW28643589
SATT00SLNU7763936129,SATT,SLNU77639361
GBKE00JPFE1118805963,GBKE,JPFE11188059
HLZO00WVOU3145930611,HLZO,WVOU31459306
BIJB00CUZF1608933250,BIJB,CUZF16089332
JORN00NDFC8222211937,JORN,NDFC82222119
VLOX00OSDH7344492150,VLOX,OSDH73444921
WUKP00JGAD3620520927,WUKP,JGAD36205209
PZKK00NAMI1514366246,PZKK,NAMI15143662
HPOM00LICO6261883591,HPOM,LICO62618835
VEQS00MKMN2022120351,VEQS,MKMN20221203
WWOM00MLNN9947906032,WWOM,MLNN99479060
DWIE00UDEM4230498183,DWIE,UDEM42304981
TIDT00VZMB8805101747,TIDT,VZMB88051017
LOKE00QSYD1824818130,LOKE,QSYD18248181
AWIH00NQZQ3737404525,AWIH,NQZQ37374045
PASX00OEKK7975080024,PASX,OEKK79750800
JZIZ00OQDP8273898339,JZIZ,OQDP82738983
ATSK00QURF3162931925,ATSK,QURF31629319
CLYV00YKYX1084279676,CLYV,YKYX10842796
BIMA00QIIY2910312871,BIMA,QIIY29103128
NDIJ00CSQS7570784152,NDIJ,CSQS75707841
XSLF00AUTM1514249857,XSLF,AUTM15142498
VYWI00BBTC5218329852,VYWI,BBTC52183298
DAXQ00HAVF0428437958,DAXQ,HAVF04284379
YSQJ00QJOL9924357170,YSQJ,QJOL99243571
IJWT00AKHZ5892877335,IJWT,AKHZ58928773
NAGL00YXNL2548096276,NAGL,YXNL25480962
OZCI00GCNB5392996828,OZCI,GCNB53929968
IDRA00ZITD6472895554,IDRA,ZITD64728955
FKEU00YCAD2014644367,FKEU,YCAD20146443
YVWJ00LCEY3978024345,YVWJ,LCEY39780243
ZROP00IGAX2461203104,ZROP,IGAX24612031
BIPF00KAIR2356304666,BIPF,KAIR23563046
PHZS00IXPP1001893768,PHZS,IXPP10018937
QUQF00CSCJ8456808207,QUQF,CSCJ84568082
AMAC00HCCX8836699119,AMAC,HCCX88366991
LMHN00RFRR5357697087,LMHN,RFRR53576970
FTTI00XEZZ5404054718,FTTI,XEZZ54040547
VGXA00JOLB6157793291,VGXA,JOLB61577932
IQDB00QNYG1698856713,IQDB,QNYG16988567
HDLA00DWLP2156485603,HDLA,DWLP21564856
HQUJ00QWMJ0770044724,HQUJ,QWMJ07700447
NLVQ00UGQC9536875147,NLVQ,UGQC95368751
WFEW00BIIJ3621829820,WFEW,BIIJ36218298
HFLO00VKGY2136642895,HFLO,VKGY21366428
DQEQ00AWUM0880379384,DQEQ,AWUM08803793
MMDI00NDVA9997549657,MMDI,NDVA99975496
JUFV00LSZH1417063028,JUFV,LSZH14170630
OPXE00MMKR7904924978,OPXE,MMKR79049249
LIYA00ILPD8110360378,LIYA,ILPD81103603
UREK00NSBH0888315682,UREK,NSBH08883156
KOCK00EWGE9281649298,KOCK,EWGE92816492
VDRX00ZDFB4862146679,VDRX,ZDFB48621466
DINX00JKZI6439256630,DINX,JKZI64392566
DHTP00KPWI8020199337,DHTP,KPWI80201993
OVOG00CYGT0307069796,OVOG,CYGT03070697
MLMA00UBBV4220321593,MLMA,UBBV42203215
YMAI00KXUG7690983593,YMAI,KXUG76909835
WHDG00QSQU8700036775,WHDG,QSQU87000367
BIIV00DNDT4690466562,BIIV,DNDT46904665
INJT00CTFM5797883747,INJT,CTFM57978837
XYJW00OCYG9769804953,XYJW,OCYG97698049
JIAW00LFFC1640426165,JIAW,LFFC16404261
GOCE00SALG3724959705,GOCE,SALG37249597
UKPM00NNDJ7863246062,UKPM,NNDJ78632460
WIAC00MKSQ1605297009,WIAC,MKSQ16052970
NEMK00OFHP7344890943,NEMK,OFHP73448909
UYXE00GTLG2096991698,UYXE,GTLG20969916
YQRO00QKGZ1015629144,YQRO,QKGZ10156291
VYRD00IZKC7826285927,VYRD,IZKC78262859
OGOC00ZRUT1746650532,OGOC,ZRUT17466505
UXVR00UVWX6992359685,UXVR,UVWX69923596
HHXE00PKFD2121844657,HHXE,PKFD21218446
ISPN00MGEV5736555864,ISPN,MGEV57365558
HPBW00SCEU2433254846,HPBW,SCEU24332548
GLLA00PPMK4595247604,GLLA,PPMK45952476
NVPB00NXUV7721768819,NVPB,NXUV77217688
YLVR00KGVL2620953336,YLVR,KGVL26209533
VLHV00PBUP2828115614,VLHV,PBUP28281156
ZVKT00ONRO5223190615,ZVKT,ONRO52231906
WFSF00ASNA6417337066,WFSF,ASNA64173370
QXBP00CNXR7527895456,QXBP,CNXR75278954
ZARA00FPQH5427753667,ZARA,FPQH54277536
ATHV00BXWV2799518791,ATHV,BXWV27995187
SCJM00ERCP8141255863,SCJM,ERCP81412558
QAPX00QTMD0364949824,QAPX,QTMD03649498
NNLM00EFND4884053435,NNLM,EFND48840534
XSHK00YRFW9427525642,XSHK,YRFW94275256
ONZP00JBCJ4960358625,ONZP,JBCJ49603586
UOEF00QJGU1415812637,UOEF,QJGU14158126
JBLP00GCWJ5220441480,JBLP,GCWJ52204414
GTUD00ZGTT8981282210,GTUD,ZGTT89812822
EMOX00BRJH5443925116,EMOX,BRJH54439251
EDEU00QOXJ9335828628,EDEU,QOXJ93358286
NEHE00HMBK5575928625,NEHE,HMBK55759286
UUZQ00ZUGQ0239654941,UUZQ,ZUGQ02396549
YPSJ00WMLE9078847592,YPSJ,WMLE90788475
TOUB00ILOS9040195978,TOUB,ILOS90401959
DTGC00TGPW4364564659,DTGC,TGPW43645646
GJJZ00SXNT5976169761,GJJZ,SXNT59761697
HRPH00JOGO2485265502,HRPH,JOGO24852655
PWHN00SGEM5807845378,PWHN,SGEM58078453
OBTQ00HKWT6769009671,OBTQ,HKWT67690096
VZEH00EFCD2765744485,VZEH,EFCD27657444
ZYPO00RKCZ4190487395,ZYPO,RKCZ41904873
BVUL00DGQF5650004295,BVUL,DGQF56500042
GVUC00NTFU6177880407,GVUC,NTFU61778804
TJFI00RUBB5871764997,TJFI,RUBB58717649
FWPN00JSPK3213590046,FWPN,JSPK32135900
RRGG00XGQJ7626857073,RRGG,XGQJ76268570
HQYF00HVET2802373335,HQYF,HVET28023733
BFYK00VNKC1934455803,BFYK,VNKC19344558
UTYF00RJJJ0418330534,UTYF,RJJJ04183305
VNPB00IYIE8746200083,VNPB,IYIE87462000
BCVB00ASFP7517623471,BCVB,ASFP75176234
AOHY00SMYC6074185569,AOHY,SMYC60741855
JEVK00QPAN7769547615,JEVK,QPAN77695476
BDBV00SQBA0406166204,BDBV,SQBA04061662
OTEN00FASR6370442881,OTEN,FASR63704428
KURM00LRMY7020913274,KURM,LRMY70209132
CCBU00LGEC1341768121,CCBU,LGEC13417681
KDTE00CQGJ8130439298,KDTE,CQGJ81304392
BZUJ00TURY2151856670,BZUJ,TURY21518566
NYDR00NENI7334009116,NYDR,NENI73340091
LUNF00KNNF5478511607,LUNF,KNNF54785116
OPQF00LXUF1637359857,OPQF,LXUF16373598
TTEJ00SVWP2775527489,TTEJ,SVWP27755274
HXFJ00OSPN4895615972,HXFJ,OSPN48956159
UGWN00TDPV5807428636,UGWN,TDPV58074286
WCEE00QHUB3632967426,WCEE,QHUB36329674
BKKH00VFQS2998786479,BKKH,VFQS29987864
RFUU00YJQY6754189519,RFUU,YJQY67541895
KCJK00CUCQ8369090840,KCJK,CUCQ83690908
ZCQH00IZWJ6481065508,ZCQH,IZWJ64810655
XJEQ00KIET8946139194,XJEQ,KIET89461391
FBKQ00WXMD3061912146,FBKQ,WXMD30619121
FUIB00TOIS1939900772,FUIB,TOIS19399007
XFNU00MBTX8826502358,XFNU,MBTX88265023
OINU00MPAC7535478560,OINU,MPAC75354785
RUJH00LMJU3103633059,RUJH,LMJU31036330
KUFD00ABXL5923323794,KUFD,ABXL59233237
YJQK00EOCV5089589592,YJQK,EOCV50895895
RGLT00FMZS9599994453,RGLT,FMZS95999944
AOXJ00GJDJ9344416677,AOXJ,GJDJ93444166
PIOG00MFPZ2420173091,PIOG,MFPZ24201730
HEZE00EQJZ7937938310,HEZE,EQJZ79379383
VIHP00WFFL6158645624,VIHP,WFFL61586456
HHSD00WFZI2821904663,HHSD,WFZI28219046
HOJQ00MQES7907110581,HOJQ,MQES79071105
LEEM00IHRU2448038513,LEEM,IHRU24480385
IYUV00THLE9171284252,IYUV,THLE91712842
LCLK00GQZS4090857333,LCLK,GQZS40908573
NQAX00FZAX1681802258,NQAX,FZAX16818022
KPPG00CRBO5236316913,KPPG,CRBO52363169
ZSQS00AENZ1354474324,ZSQS,AENZ13544743
RTFD00EMIC2863789685,RTFD,EMIC28637896
TQZR00ILXW3272771866,TQZR,ILXW32727718
UVEB00CHAK5650476238,UVEB,CHAK56504762
ZIVD00TCUF8387182891,ZIVD,TCUF83871828
LGCB00CELR6701701557,LGCB,CELR67017015
HTHH00VLLW0054740078,HTHH,VLLW00547400
MHIO00PSRV2631709743,MHIO,PSRV26317097
OHYL00UFMS2905515765,OHYL,UFMS29055157
LQUW00EQBJ4600580210,LQUW,EQBJ46005802
BIBP00CVQX9753945604,BIBP,CVQX97539456
TQHE00FFTF3381903294,TQHE,FFTF33819032
SDUA00BACG7640273869,SDUA,BACG76402738
DMIL00QTLV9572665428,DMIL,QTLV95726654
BCCK00FIOR5795801084,BCCK,FIOR57958010
VOMG00NPSH4546726343,VOMG,NPSH45467263
IFLI00ONFW6215465110,IFLI,ONFW62154651
LCAZ00NGPH4244509431,LCAZ,NGPH42445094
KUZQ00EONC3438504971,KUZQ,EONC34385049
PHNC00QZEA8618915591,PHNC,QZEA86189155
BEGJ00ILTD2435699949,BEGJ,ILTD24356999
WHGQ00PYWV9103267178,WHGQ,PYWV91032671
ISGM00RMBU4334874305,ISGM,RMBU43348743
FUIZ00BGKB4431188086,FUIZ,BGKB44311880
SEPF00LAUU7714134326,SEPF,LAUU77141343
DALT00JHKW2662914808,DALT,JHKW26629148
PCBP00HZOO7926175706,PCBP,HZOO79261757
TYDB00FLKT0698560516,TYDB,FLKT06985605
ILUJ00AXYK3643231627,ILUJ,AXYK36432316
VUJZ00NTNH8438537376,VUJZ,NTNH84385373
HYHD00DGRW9711463847,HYHD,DGRW97114638
TKYY00FHMA6557288722,TKYY,FHMA65572887
LMNS00VEME0599340148,LMNS,VEME05993401
RIHQ00SBIG2163252896,RIHQ,SBIG21632528
DFXV00VBWX2762554610,DFXV,VBWX27625546
LURO00LKIZ7767113667,LURO,LKIZ77671136
JOEJ00NNTX2846089473,JOEJ,NNTX28460894
APLZ00JIJT3168052234,APLZ,JIJT31680522
OBIG00IZFO3980763568,OBIG,IZFO39807635
UQLM00QZRC0509269752,UQLM,QZRC05092697
BRKM00TELU6488926040,BRKM,TELU64889260
TQCY00BUMG7589229183,TQCY,BUMG75892291
ZHSK00IDZN4451231171,ZHSK,IDZN44512311
SBNO00ULZJ1847871076,SBNO,ULZJ18478710
SYSG00TMBH9833331709,SYSG,TMBH98333317
MWIQ00PBNJ7167640457,MWIQ,PBNJ71676404
IUXF00ITUD7120371416,IUXF,ITUD71203714
PSCO00VYPH0332437367,PSCO,VYPH03324373
BYSH00LSZS6052341218,BYSH,LSZS60523412
XSXU00YKFO0749040326,XSXU,YKFO07490403
IUTL00MJHN0633158572,IUTL,MJHN06331585
QFUI00RWBG1272081312,QFUI,RWBG12720813
FUXF00VUVJ6090715985,FUXF,VUVJ60907159
UNAZ00DYGB8244068124,UNAZ,DYGB82440681
PFYF00DVDP9382163281,PFYF,DVDP93821632
PGUM00AGXO3242552675,PGUM,AGXO32425526
KTWH00CVZJ5156297861,KTWH,CVZJ51562978
HMXF00LSYW6251832492,HMXF,LSYW62518324
QLFX00IVQU4153434053,QLFX,IVQU41534340
WCIK00QTPI1907642970,WCIK,QTPI19076429
IOWN00XYRM7565806237,IOWN,XYRM75658062
GHEJ00FLTM3405633986,GHEJ,FLTM34056339
GPJE00CHFE9031729206,GPJE,CHFE90317292
XWVM00IEWG5390849539,XWVM,IEWG53908495
STES00KFCJ4382151947,STES,KFCJ43821519
DQYO00THLK8003823873,DQYO,THLK80038238
ELZZ00XJOY4636183280,ELZZ,XJOY46361832
ANNN00HUHS9885782318,ANNN,HUHS98857823
CFBS00OFBN6528867643,CFBS,OFBN65288676
ZCTO00ZNPT7593375586,ZCTO,ZNPT75933755
UNOM00OHMB9018981951,UNOM,OHMB90189819
DTNI00LXAJ6431227337,DTNI,LXAJ64312273
LEAZ00GZIL8908485172,LEAZ,GZIL89084851
AHRT00FKZV4963535752,AHRT,FKZV49635357
YJSX00CLUD8640176567,YJSX,CLUD86401765
PYEY00GHJX2878364571,PYEY,GHJX28783645
TNMT00MPQS1577656325,TNMT,MPQS15776563
FEJT00JJLF3055275420,FEJT,JJLF30552754
QYUM00AQYP7297465818,QYUM,AQYP72974658
JLLQ00DPSS5110441913,JLLQ,DPSS51104419
OXPM00HQLN4451539453,OXPM,HQLN44515394
XRZC00EULK0639572727,XRZC,EULK06395727
UTYH00EYVR3331409933,UTYH,EYVR33314099
YVWE00KKAX1589805154,YVWE,KKAX15898051
PCCZ00LAAN0233985209,PCCZ,LAAN02339852
MVKX00XBDR8533001883,MVKX,XBDR85330018
BHCZ00WETI9940268590,BHCZ,WETI99402685
ZOGU00FYLT0634276203,ZOGU,FYLT06342762
LRCC00FESW4150371928,LRCC,FESW41503719
TESC00EXXT7712938610,TESC,EXXT77129386
ATCX00NQPO3311326107,ATCX,NQPO33113261
ZHAE00OQSU9861033234,ZHAE,OQSU98610332
HSDU00XFWN3454488121,HSDU,XFWN34544881
ANWS00CHCZ5572650183,ANWS,CHCZ55726501
PZPJ00WJCP3939728872,PZPJ,WJCP39397288
PJTA00UGYT7458345252,PJTA,UGYT74583452
JZOC00DRNY4999537098,JZOC,DRNY49995370
MOGX00PAWL7681822939,MOGX,PAWL76818229
DEEV00WIXP1539239569,DEEV,WIXP15392395
ZPSY00RBVZ1915912646,ZPSY,RBVZ19159126
BIVE00TIXU2919034630,BIVE,TIXU29190346
MHZA00WTIW5093509726,MHZA,WTIW50935097
EUIV00UTEQ1175365490,EUIV,UTEQ11753654
GHJM00CZZO4158937889,GHJM,CZZO41589378
RRZJ00RFQH6219326665,RRZJ,RFQH62193266
IGYK00DLQP7643385752,IGYK,DLQP76433857
JYLS00ZVIG1780761453,JYLS,ZVIG17807614
MYTR00FLVO5521319902,MYTR,FLVO55213199
LTMI00WHLG5782170098,LTMI,WHLG57821700
HXSK00XKAO6500337581,HXSK,XKAO65003375
PCLX00DRJF3604687234,PCLX,DRJF36046872
HUXR00WIHF2379032178,HUXR,WIHF23790321
DIWF00QFWP7626473822,DIWF,QFWP76264738
NGZU00UFPP2303454810,NGZU,UFPP23034548
KEWZ00TRIZ7407678827,KEWZ,TRIZ74076788
WTTL00FXRE3025930857,WTTL,FXRE30259308
ZROS00JXQL4408467980,ZROS,JXQL44084679
VYOE00LNJM7098294537,VYOE,LNJM70982945
DRBM00WMAX0966155821,DRBM,WMAX09661558
FDCK00XLHM8468751411,FDCK,XLHM84687514
NJUF00OYTM3199326747,NJUF,OYTM31993267
DQCJ00EHYL8023797513,DQCJ,EHYL80237975
XKBG00BBJM3391208869,XKBG,BBJM33912088
VWZD00CWYP0719811513,VWZD,CWYP07198115
QNWO00JUJU3838978421,QNWO,JUJU38389784
IXWK00MVBT4569877786,IXWK,MVBT45698777
JCLS00AZNZ5324936553,JCLS,AZNZ53249365
FIMZ00PQTS0469065035,FIMZ,PQTS04690650
AEMC00HPNX9096095871,AEMC,HPNX90960958
LQGX00KLOW0076325754,LQGX,KLOW00763257
DZWL00TYIT5922068027,DZWL,TYIT59220680
YKYS00BQVE0023929081,YKYS,BQVE00239290
NLTP00TPDA9008730876,NLTP,TPDA90087308
UESH00HGEE1456199181,UESH,HGEE14561991
AKCK00VVNA6873978773,AKCK,VVNA68739787
ANNG00FTIH0452086228,ANNG,FTIH04520862
UBFU00ZDCQ9515709669,UBFU,ZDCQ95157096
OWKY00KCCJ1742147813,OWKY,KCCJ17421478
OLKZ00URQE9831496421,OLKZ,URQE98314964
TKID00GQHP9100698113,TKID,GQHP91006981
MGOF00OEAA9765630097,MGOF,OEAA97656300
IMDB00DRSG0607858264,IMDB,DRSG06078582
SWKA00KRIN4800217777,SWKA,KRIN48002177
QAME00GPVZ0391134091,QAME,GPVZ03911340
ZNFN00SJZZ4181515078,ZNFN,SJZZ41815150
ZBOQ00TFXW0319065850,ZBOQ,TFXW03190658
LLMB00TZED3956464874,LLMB,TZED39564648
DXHJ00TCVV6125029782,DXHJ,TCVV61250297
CSZW00RYML6400932383,CSZW,RYML64009323
YZKO00KBYK5638957788,YZKO,KBYK56389577
JMYD00NBOZ2454574487,JMYD,NBOZ24545744
JGQW00VDIS4952884451,JGQW,VDIS49528844
GGSK00TAEH5960826778,GGSK,TAEH59608267
ETRY00VSAL5477213998,ETRY,VSAL54772139
FHTU00QSFK9234001938,FHTU,QSFK92340019
UPDW00FNOV1045614165,UPDW,FNOV10456141
FAFY00ZGSI3184320791,FAFY,ZGSI31843207
HNAG00FIVT8083345729,HNAG,FIVT80833457
FLTS00VNWR8268068920,FLTS,VNWR82680689
UDVQ00EDVT1934088154,UDVQ,EDVT19340881
REZB00OUJR8247443730,REZB,OUJR82474437
CVKW00MUEP8047850669,CVKW,MUEP80478506
WBPB00MQKA4781613829,WBPB,MQKA47816138
YUMC00PZAW5470529450,YUMC,PZAW54705294
ZEGY00PCKZ3010542320,ZEGY,PCKZ30105423
RVGT00LWKA9521781725,RVGT,LWKA95217817
UYKW00XOQZ5383042122,UYKW,XOQZ53830421
OMFX00TIYH6327736911,OMFX,TIYH63277369
NEQR00FGQO1190908281,NEQR,FGQO11909082
VGDK00VDRM6820821593,VGDK,VDRM68208215
FYHT00ONOP9216578657,FYHT,ONOP92165786
QGSA00ORYT6960922664,QGSA,ORYT69609226
VSAQ00OGTL7831108437,VSAQ,OGTL78311084
WUHR00SWCZ2755484882,WUHR,SWCZ27554848
TEIH00EKFR5253488498,TEIH,EKFR52534884
EXHY00YSTH3587137550,EXHY,YSTH35871375
WHSR00GUZT0987555040,WHSR,GUZT09875550
OSQH00DNVE5130367274,OSQH,DNVE51303672
QWUK00VUGT2356989039,QWUK,VUGT23569890
FAAZ00QCEE8736691167,FAAZ,QCEE87366911
ZVQR00PRVI5765047175,ZVQR,PRVI57650471
NTYP00HIJZ0131128236,NTYP,HIJZ01311282
PYJY00CVAX6847972711,PYJY,CVAX68479727
DHEH00ELCX7630782908,DHEH,ELCX76307829
FDAA00OVDQ0714703173,FDAA,OVDQ07147031
WCHI00HPBX6026334589,WCHI,HPBX60263345
ECXB00YSNU7779386365,ECXB,YSNU77793863
WVWX00DHMV1420498374,WVWX,DHMV14204983
AXAT00SODA5806721780,AXAT,SODA58067217
XNQV00JOJU2729409323,XNQV,JOJU27294093
KLWF00RSGK5666829525,KLWF,RSGK56668295
CJFE00AXHY4999207119,CJFE,AXHY49992071
YRHB00QQSS4577292571,YRHB,QQSS45772925
OFKB00ZRXP1924487716,OFKB,ZRXP19244877
CZTM00GVNB3355904684,CZTM,GVNB33559046
WLWL00SMNL3863586059,WLWL,SMNL38635860
DBYW00TZLR0012586660,DBYW,TZLR00125866
XJUB00GOMU2895334466,XJUB,GOMU28953344
BFGH00ZGHU6568845039,BFGH,ZGHU65688450
EIHV00SMZC5543460555,EIHV,SMZC55434605
ZGUX00VHCD0385532711,ZGUX,VHCD03855327
BFGV00LPBF4345494475,BFGV,LPBF43454944
HRET00TDZR6684875469,HRET,TDZR66848754
WHOP00TWQD1609484203,WHOP,TWQD16094842
UDGC00GTEN6676659119,UDGC,GTEN66766591
PSQM00GWTT0933493449,PSQM,GWTT09334934
KMDC00KHIN8158642380,KMDC,KHIN81586423
NCDE00UQMM4490988805,NCDE,UQMM44909888
UBJQ00WEVG2997392663,UBJQ,WEVG29973926
SEJP00RUJD7923540207,SEJP,RUJD79235402
RFSX00SRBR5000383055,RFSX,SRBR50003830
HPKR00SOEE6065103720,HPKR,SOEE60651037
YPWE00YOPD3898724078,YPWE,YOPD38987240
KDED00INZS6356775585,KDED,INZS63567755
CTMP00JJEM4542280344,CTMP,JJEM45422803
DHSS00HMYW3466087308,DHSS,HMYW34660873
UCUX00YEQY9539897098,UCUX,YEQY95398970
YYXF00KYYB1317785509,YYXF,KYYB13177855
GJMM00XERE2741384439,GJMM,XERE27413844
XXRL00OHEE9373025248,XXRL,OHEE93730252
IJLU00PJIV0264976770,IJLU,PJIV02649767
QDVX00LGQL2671920838,QDVX,LGQL26719208
AXVD00HMHW1747215964,AXVD,HMHW17472159
AUIS00ZLDR5468470130,AUIS,ZLDR54684701
UVJJ00ATKX2605115618,UVJJ,ATKX26051156
JYZB00VGQG1971098133,JYZB,VGQG19710981
IMVQ00PXOV9517473417,IMVQ,PXOV95174734
ULZP00QOBN7240037158,ULZP,QOBN72400371
BVMG00CPTM9947232380,BVMG,CPTM99472323
NXRX00VULU3759758816,NXRX,VULU37597588
MGMT00WVXX0717326741,MGMT,WVXX07173267
YZDY00YHVF5956026356,YZDY,YHVF59560263
QJRK00AWRW9541946458,QJRK,AWRW95419464
GPHH00TFFH8891405511,GPHH,TFFH88914055
EYYA00ZYTO6062494659,EYYA,ZYTO60624946
KQLM00BODW7665850494,KQLM,BODW76658504
WPNF00TFLF4569770987,WPNF,TFLF45697709
RKOC00REPQ5969331672,RKOC,REPQ59693316
XDEI00HAYZ5131565753,XDEI,HAYZ51315657
VYPJ00JXDW8723789287,VYPJ,JXDW87237892
DZFC00CILQ7228768193,DZFC,CILQ72287681
WVZK00JAAN9047298675,WVZK,JAAN90472986
WXRV00WXFI0396541497,WXRV,WXFI03965414
FIUK00XHCT9715864185,FIUK,XHCT97158641
FIOJ00OCIU7379670322,FIOJ,OCIU73796703
XMCF00SEQU3482475664,XMCF,SEQU34824756
WQGP00KMSK5169358183,WQGP,KMSK51693581
EJKV00TMXC4455371673,EJKV,TMXC44553716
QTLQ00OMVG3748154290,QTLQ,OMVG37481542
MBZI00VYFN7228887186,MBZI,VYFN72288871
JKDG00YGLA1991560421,JKDG,YGLA19915604
SSUY00OGTH8180967242,SSUY,OGTH81809672
AJVG00SFWI9269301319,AJVG,SFWI92693013
VOQV00SKIH8413736527,VOQV,SKIH84137365
FCJP00GJPS7083921891,FCJP,GJPS70839218
PMCE00HJFB3519958489,PMCE,HJFB35199584
PPMA00CBKS4875027878,PPMA,CBKS48750278
EAII00NBZR4320333559,EAII,NBZR43203335
KKTT00JOTB5659784042,KKTT,JOTB56597840
NRMR00PXVD2529893689,NRMR,PXVD25298936
FRRO00OLSW0578321848,FRRO,OLSW05783218
QMFV00MXPH3333221469,QMFV,MXPH33332214
RCYJ00SUXT3227327070,RCYJ,SUXT32273270
OKJQ00MZJQ5508752249,OKJQ,MZJQ55087522
SXNE00WZAP1051761564,SXNE,WZAP10517615
TIYT00XFZP9765899402,TIYT,XFZP97658994
VXPW00ASKW8363730221,VXPW,ASKW83637302
CHVC00MKDE8268660361,CHVC,MKDE82686603
INHK00ICOK3582157087,INHK,ICOK35821570
QRLR00PSZC8480281814,QRLR,PSZC84802818
ZCXW00SLLI2834232395,ZCXW,SLLI28342323
HAVZ00RXQT5481793415,HAVZ,RXQT54817934
RVFX00ZUEU7237657287,RVFX,ZUEU72376572
QRRB00YCYZ2177935674,QRRB,YCYZ21779356
RJAB00YLWD6991890714,RJAB,YLWD69918907
CSIH00DODR8137780791,CSIH,DODR81377807
TIMZ00BUTK9421663092,TIMZ,BUTK94216630
TPEM00ZMNS9767091006,TPEM,ZMNS97670910
VTUE00PGOJ0801547736,VTUE,PGOJ08015477
CEND00XNNY4356501340,CEND,XNNY43565013
VUMK00RURL1927975105,VUMK,RURL19279751
IPHL00PGOK6292066946,IPHL,PGOK62920669
QQQS00DNTF6614430720,QQQS,DNTF66144307
VLFK00BNVP4231235132,VLFK,BNVP42312351
JGIM00GZYU1697415255,JGIM,GZYU16974152
MZCD00HGVC9535107313,MZCD,HGVC95351073
MUZU00AAFB5705133671,MUZU,AAFB57051336
CZPO00WBAX6698606146,CZPO,WBAX66986061
IHCV00JZZE2517592641,IHCV,JZZE25175926
GQGP00FCVN9070113148,GQGP,FCVN90701131
UMVY00NUMS1253419475,UMVY,NUMS12534194
JCRH00RXZU1331523503,JCRH,RXZU13315235
CBSY00FIMC5544340651,CBSY,FIMC55443406
EKNS00DJVA0210422037,EKNS,DJVA02104220
UPJF00RMQP8371472829,UPJF,RMQP83714728
TQPL00GPHX0371974346,TQPL,GPHX03719743
IGQQ00YLHL7518411319,IGQQ,YLHL75184113
ZQZX00HOPL5142086244,ZQZX,HOPL51420862
VJTV00ZOQZ3374606433,VJTV,ZOQZ33746064
JGPJ00PUSE3756666920,JGPJ,PUSE37566669
XZDS00OXDJ4872103420,XZDS,OXDJ48721034
JRVH00ZRCQ7715286185,JRVH,ZRCQ77152861
CLBM00MYNE6602926574,CLBM,MYNE66029265
NQZO00DJAB2364157242,NQZO,DJAB23641572
RFEA00HEGD5234499786,RFEA,HEGD52344997
OVGP00FXHV0139461691,OVGP,FXHV01394616
PRRS00KISZ0322453063,PRRS,KISZ03224530
CQNQ00EKTF8524734631,CQNQ,EKTF85247346
JFUP00SPXT2380283153,JFUP,SPXT23802831
BERN00XHEH7758060021,BERN,XHEH77580600
OOPB00TCAA0671899092,OOPB,TCAA06718990
EQNP00NHMG3906978346,EQNP,NHMG39069783
QDTK00ZVTH3906882510,QDTK,ZVTH39068825
GZAX00NFLP4400005367,GZAX,NFLP44000053
VBOL00WSBI7054834938,VBOL,WSBI70548349
SAQB00AYED3182503419,SAQB,AYED31825034
EYHV00NEPU9063400169,EYHV,NEPU90634001
OBNQ00DUJA0841308140,OBNQ,DUJA08413081
AUTS00EAUV2878607748,AUTS,EAUV28786077
KBOB00YODG6601392135,KBOB,YODG66013921
FTHD00LQAQ1348104420,FTHD,LQAQ13481044
TRUE00CUTZ7309694660,TRUE,CUTZ73096946
HQVE00BQXW1060175811,HQVE,BQXW10601758
MHVL00IGUI2526858947,MHVL,IGUI25268589
LWPF00HSWN0181991162,LWPF,HSWN01819911
WRNM00BJRW0273335905,WRNM,BJRW02733359
TEFB00WOUN3475145292,TEFB,WOUN34751452
ERLX00CDBE0548853344,ERLX,CDBE05488533
OXBF00ABUB9393663066,OXBF,ABUB93936630
SYXC00DHZO9299151620,SYXC,DHZO92991516
SPHQ00FGAA1103180345,SPHQ,FGAA11031803
RNAE00OIVU9498265237,RNAE,OIVU94982652
OSDS00WZVV6319325159,OSDS,WZVV63193251
KCBI00ZPJH2573514231,KCBI,ZPJH25735142
GSVE00MHGC2883794195,GSVE,MHGC28837941
JYLF00QOFS9157126729,JYLF,QOFS91571267
JWYN00RFTA5381675883,JWYN,RFTA53816758
IKDB00FVGE1863105318,IKDB,FVGE18631053
BGXR00UGTN4381236230,BGXR,UGTN43812362
PSKU00RNQA7810472918,PSKU,RNQA78104729
DBJL00XJRZ5468457991,DBJL,XJRZ54684579
BMZD00DJXE4808972580,BMZD,DJXE48089725
DONN00MSOO7737740945,DONN,MSOO77377409
TQDE00KWFP0037484595,TQDE,KWFP00374845
ZJOB00JAFE9822160079,ZJOB,JAFE98221600
UUOT00RAOM1570669591,UUOT,RAOM15706695
YNGQ00QOJP4332530949,YNGQ,QOJP43325309
CGKW00ACJB8376293503,CGKW,ACJB83762935
FBDP00ZPSL9171137519,FBDP,ZPSL91711375
PMCX00VWXW5164054922,PMCX,VWXW51640549
TCGX00QPUJ3557504213,TCGX,QPUJ35575042
IRWS00KXON8522732850,IRWS,KXON85227328
ODHS00ZSCB9352286954,ODHS,ZSCB93522869
XOXW00GLRI1507383842,XOXW,GLRI15073838
LTFI00FFNA6983568037,LTFI,FFNA69835680
XYHR00ADZY3001604158,XYHR,ADZY30016041
EAIM00PYBQ1018477520,EAIM,PYBQ10184775
WICG00CGUT6931004070,WICG,CGUT69310040
BCCL00VZNC0442875952,BCCL,VZNC04428759
YJHW00AZFX4030275608,YJHW,AZFX40302756
AWXL00TFTV7059240807,AWXL,TFTV70592408
SBEQ00YELD4374020186,SBEQ,YELD43740201
JLZB00WUDE0079926621,JLZB,WUDE00799266
JKME00TRZZ7701958620,JKME,TRZZ77019586
VBTP00YJOO5738213742,VBTP,YJOO57382137
BGHI00AKVO5627872369,BGHI,AKVO56278723
JITK00UDUD4008177855,JITK,UDUD40081778
LXZS00GTHR1735807261,LXZS,GTHR17358072
QUYR00PWEM7774968907,QUYR,PWEM77749689
QWDG00GVIQ2162077425,QWDG,GVIQ21620774
PLLC00GVCF3188816549,PLLC,GVCF31888165
MVHM00YMBQ1822247288,MVHM,YMBQ18222472
MWKG00COSB9593997068,MWKG,COSB95939970
QSSZ00ENTN1895347545,QSSZ,ENTN18953475
VLEH00BCSJ8790966619,VLEH,BCSJ87909666
JIXZ00MFEG6145749243,JIXZ,MFEG61457492
TOYI00XNCA2678955698,TOYI,XNCA26789556
LXRW00VBVG3657218049,LXRW,VBVG36572180
GZCC00BKKV1415844086,GZCC,BKKV14158440
YZFD00RNON2438576277,YZFD,RNON24385762
QSLB00FMJG3366348516,QSLB,FMJG33663485
CVJQ00XEHO3389433181,CVJQ,XEHO33894331
YORG00LDJE1041035835,YORG,LDJE10410358
TNXE00FOCT4460422623,TNXE,FOCT44604226
MPVT00CGCP9966896238,MPVT,CGCP99668962
RDYA00ANKB8395411228,RDYA,ANKB83954112
VFHI00PLQV9004908676,VFHI,PLQV90049086
DBJY00YHAK7782728612,DBJY,YHAK77827286
ITJG00QHLO3039059959,ITJG,QHLO30390599
AMNF00VEID9911040793,AMNF,VEID99110407
EKZV00RFCZ2317353319,EKZV,RFCZ23173533
ZSBR00CVHI8668205331,ZSBR,CVHI86682053
EIMH00NIPN6911987017,EIMH,NIPN69119870
EKYA00PFOY7144514054,EKYA,PFOY71445140
WXHQ00LEAV4434716464,WXHQ,LEAV44347164
ZXOH00YRMU7889949576,ZXOH,YRMU78899495
CXRP00HJHE9901780933,CXRP,HJHE99017809
GZQA00ESGJ8192472028,GZQA,ESGJ81924720
UIGW00FDUK3173330366,UIGW,FDUK31733303
WZDA00XLRY4217920373,WZDA,XLRY42179203
GNLU00UTIE8218401606,GNLU,UTIE82184016
HMTM00ULNF3691931788,HMTM,ULNF36919317
VLGB00PHRL5356387207,VLGB,PHRL53563872
CCWW00KPDX9634353286,CCWW,KPDX96343532
XWGX00CFTQ6470647076,XWGX,CFTQ64706470
PDSD00WGGH1950819956,PDSD,WGGH19508199
FUCG00LNBY4717491312,FUCG,LNBY47174913
DFPQ00OXGM0903150269,DFPQ,OXGM09031502
TZUV00IDWH9009654194,TZUV,IDWH90096541
NMKI00NKPB2236911459,NMKI,NKPB22369114
JHDG00NLSB2877305106,JHDG,NLSB28773051
APGC00IBZW0855172332,APGC,IBZW08551723
ZPVC00GNEU6355697080,ZPVC,GNEU63556970
KCKD00ILRZ3076940572,KCKD,ILRZ30769405
WIQF00MWIG9125580159,WIQF,MWIG91255801
MTQN00TWMP2634884095,MTQN,TWMP26348840
DBSF00ZJHD6362605367,DBSF,ZJHD63626053
YCNF00GTBN1357267969,YCNF,GTBN13572679
OHUN00GQXU0410610948,OHUN,GQXU04106109
LXYK00AZBM8028470263,LXYK,AZBM80284702
YOHZ00ONQH2372381377,YOHZ,ONQH23723813
REOT00PFCH4833777584,REOT,PFCH48337775
KVFE00KGRY9324909791,KVFE,KGRY93249097
RZLO00GLUC6052003011,RZLO,GLUC60520030
UEBW00FKOF2326336665,UEBW,FKOF23263366
MLZR00YQLS7785176107,MLZR,YQLS77851761
APLX00TNNV2821075407,APLX,TNNV28210754
VMEC00UEYT7187644366,VMEC,UEYT71876443
GTZK00LQUX5975684383,GTZK,LQUX59756843
AFQC00XNVQ4451228122,AFQC,XNVQ44512281
HSAF00WXUH9936438812,HSAF,WXUH99364388
PGFY00MEEP8621092536,PGFY,MEEP86210925
NWHD00WOXQ3876311967,NWHD,WOXQ38763119
ZGTG00ORSS9979026055,ZGTG,ORSS99790260
VNDN00TFCP1421866557,VNDN,TFCP14218665
KYFX00GSTC2899545349,KYFX,GSTC28995453
UBLD00RMZB8050347272,UBLD,RMZB80503472
FUQI00EEKL9265870123,FUQI,EEKL92658701
HMFO00TKTT6606621265,HMFO,TKTT66066212
WYTC00LTDS8953153629,WYTC,LTDS89531536
BXLH00UISM7997400634,BXLH,UISM79974006
SSVU00KELS9774993653,SSVU,KELS97749936
CIFY00NXFI9093646137,CIFY,NXFI90936461
TYHZ00WFNK8851086373,TYHZ,WFNK88510863
RTQA00EEJG1917444130,RTQA,EEJG19174441
TWVR00QXKT4250029497,TWVR,QXKT42500294
BUZP00WCIO1822650860,BUZP,WCIO18226508
FOIW00MYLV4664257495,FOIW,MYLV46642574
VBUY00IQZL5743646830,VBUY,IQZL57436468
JVEU00BKRJ1809580329,JVEU,BKRJ18095803
OXPH00KNDE2087712130,OXPH,KNDE20877121
SJFO00RNTC0448344341,SJFO,RNTC04483443
HZVN00DNUY3622048841,HZVN,DNUY36220488
LVIX00ZBHO4894967414,LVIX,ZBHO48949674
XYJV00VZDF6995015585,XYJV,VZDF69950155
MPZE00TQKW4600300842,MPZE,TQKW46003008
LNQQ00DKOS5601310832,LNQQ,DKOS56013108
YJBO00HRYB8741003181,YJBO,HRYB87410031
UVMC00CTRF4644705489,UVMC,CTRF46447054
CNRT00RQUA9954724486,CNRT,RQUA99547244
QBFC00PVJW9729375424,QBFC,PVJW97293754
SGBX00OHOA9673975382,SGBX,OHOA96739753
QQEH00HMJS1941767667,QQEH,HMJS19417676
SZJN00GSFJ4053325026,SZJN,GSFJ40533250
GWEY00ADTA6442338174,GWEY,ADTA64423381
RKUQ00FROQ1504667761,RKUQ,FROQ15046677
UCBY00VUFB5189757460,UCBY,VUFB51897574
OVUW00ORME4120635859,OVUW,ORME41206358
JHXO00LEFU5423386911,JHXO,LEFU54233869
THYK00JDAG7047534350,THYK,JDAG70475343
INSI00YCBW5747699652,INSI,YCBW57476996
VMLM00ZIBG3281036074,VMLM,ZIBG32810360
FYQW00VTLD6492421566,FYQW,VTLD64924215
KIEB00IYZG7128225576,KIEB,IYZG71282255
YIFQ00ZFLM1648766937,YIFQ,ZFLM16487669
ADKF00TUFU9964380048,ADKF,TUFU99643800
BPBR00XNSE6061139657,BPBR,XNSE60611396
QUXE00GVMB3549633171,QUXE,GVMB35496331
SCXD00JJBG1581535648,SCXD,JJBG15815356
MDTZ00TQRB5337683107,MDTZ,TQRB53376831
FFDK00PDYN3231259537,FFDK,PDYN32312595
CAYA00XUYI9758740295,CAYA,XUYI97587402
VEXK00ACLT9571673879,VEXK,ACLT95716738
JVIR00ZKLJ0754953550,JVIR,ZKLJ07549535
CAPO00PNUC1740365160,CAPO,PNUC17403651
AKZP00IVGU8286346315,AKZP,IVGU82863463
JBMU00LMIO5340607312,JBMU,LMIO53406073
ZTPP00KWWT2353756675,ZTPP,KWWT23537566
JXOM00KIQM5003822168,JXOM,KIQM50038221
VVUA00VARW2117579114,VVUA,VARW21175791
QYBH00GSPM5863873804,QYBH,GSPM58638738
VLDG00NTWQ4527873117,VLDG,NTWQ45278731
PONJ00UXRR7030983839,PONJ,UXRR70309838
QLUX00LWMF7204960963,QLUX,LWMF72049609
QOVZ00WEXO6383847767,QOVZ,WEXO63838477
FVVG00LAGH8599318738,FVVG,LAGH85993187
ABZS00TEOJ6239379409,ABZS,TEOJ62393794
DAGF00HIAM1001628571,DAGF,HIAM10016285
ICKS00OJQY4248941581,ICKS,OJQY42489415
XZOQ00PVKG6258151070,XZOQ,PVKG62581510
TVHD00WPAG4779389651,TVHD,WPAG47793896
MKFI00ANEQ5157206740,MKFI,ANEQ51572067
GEHR00EXNG1905482885,GEHR,EXNG19054828
QSQL00OYIG2143405049,QSQL,OYIG21434050
JFUA00KIWC7864623318,JFUA,KIWC78646233
YQWD00OCAY0724905229,YQWD,OCAY07249052
XVND00KSYJ2692714139,XVND,KSYJ26927141
PKBJ00XFXD5985987521,PKBJ,XFXD59859875
ZNGV00NBCE7318138967,ZNGV,NBCE73181389
PKDX00BEPO8153516068,PKDX,BEPO81535160
NTUL00IYFO0814313037,NTUL,IYFO08143130
FILT00LXHB0799522334,FILT,LXHB07995223
SVMN00FIUA2151224695,SVMN,FIUA21512246
QSNP00UCMB5496230750,QSNP,UCMB54962307
QNTD00OOWS3828209136,QNTD,OOWS38282091
XWLQ00TWVH5369858808,XWLQ,TWVH53698588
YPQU00CBTG8635526639,YPQU,CBTG86355266
BTBG00FYFT2144218140,BTBG,FYFT21442181
KIHS00NMKG3070530551,KIHS,NMKG30705305
KERZ00SIRL1599740610,KERZ,SIRL15997406
VXFY00HRDU5405139309,VXFY,HRDU54051393
THGZ00QMUP3036104889,THGZ,QMUP30361048
ODWR00STAP9545381049,ODWR,STAP95453810
KIDP00JJJD7155783668,KIDP,JJJD71557836
LABR00AEHE1777300012,LABR,AEHE17773000
LLYQ00SXLJ0446182965,LLYQ,SXLJ04461829
ZCIY00BBNH1955689249,ZCIY,BBNH19556892
YJBJ00RWQL3145591812,YJBJ,RWQL31455918
KUDK00LCOH5763826823,KUDK,LCOH57638268
VKMR00EUXM4240144625,VKMR,EUXM42401446
YKMN00FLPK3253176654,YKMN,FLPK32531766
IUSB00IHRW4708095857,IUSB,IHRW47080958
FJBG00ZTLV6085872533,FJBG,ZTLV60858725
EYLT00JONG5222694061,EYLT,JONG52226940
UEMU00UZOL1539881603,UEMU,UZOL15398816
TODA00LIEA1310354161,TODA,LIEA13103541
XQZL00CPDO9119415461,XQZL,CPDO91194154
DAWG00UARV0131077421,DAWG,UARV01310774
BYVM00CBBA2308604487,BYVM,CBBA23086044
ILOF00PENR8387629714,ILOF,PENR83876297
JYXL00AEEJ1884822082,JYXL,AEEJ18848220
UMFP00VKXJ1966780476,UMFP,VKXJ19667804
ZFXD00GAWZ7696800530,ZFXD,GAWZ76968005
ARZC00RZLA3007153224,ARZC,RZLA30071532
MUAO00JHFX6546699586,MUAO,JHFX65466995
VSLZ00INJZ2786347228,VSLZ,INJZ27863472
MCNB00TSVS2602089266,MCNB,TSVS26020892
YNVR00ZIOX2938511579,YNVR,ZIOX29385115
OXBE00MDGD9072781653,OXBE,MDGD90727816
BMEE00GSUG1794003483,BMEE,GSUG17940034
READ00EDHA6456590662,READ,EDHA64565906
OAOG00CKTL6680019676,OAOG,CKTL66800196
DJGS00WSVM5580665704,DJGS,WSVM55806657
RVSN00GXMO2337037506,RVSN,GXMO23370375
GDAN00NOFE7851381211,GDAN,NOFE78513812
XLOY00NXCU5739904906,XLOY,NXCU57399049
VROH00JJFT2666273953,VROH,JJFT26662739
GDQN00JHZP5835431122,GDQN,JHZP58354311
MFMG00QCRT8431238053,MFMG,QCRT84312380
IVHO00CNTX8517284431,IVHO,CNTX85172844
KOYW00NYRT6338206725,KOYW,NYRT63382067
PGJY00IVLB2906727156,PGJY,IVLB29067271
XOWL00QMWE2114653510,XOWL,QMWE21146535
NUHH00DXHY4880990725,NUHH,DXHY48809907
FJUT00ENRU7831402028,FJUT,ENRU78314020
CWYB00JCZM4767409887,CWYB,JCZM47674098
VQFD00NTPK9554493483,VQFD,NTPK95544934
CNHO00KXED1685427705,CNHO,KXED16854277
JLDP00DPWJ1739202189,JLDP,DPWJ17392021
RVHZ00RRZL4771041906,RVHZ,RRZL47710419
XWFO00SBFN6612243090,XWFO,SBFN66122430
ZJHX00JURH3693764159,ZJHX,JURH36937641
YVAT00NQLX8045009025,YVAT,NQLX80450090
NMIJ00YZME6975809169,NMIJ,YZME69758091
PTMQ00XAWB1268696053,PTMQ,XAWB12686960
KAFP00HOVJ5255411078,KAFP,HOVJ52554110
ZDSU00YBGV1221744908,ZDSU,YBGV12217449
OTHK00DPQL0914901721,OTHK,DPQL09149017
XGHJ00MDTE3116349965,XGHJ,MDTE31163499
CCVN00LNZF6106773418,CCVN,LNZF61067734
EUNL00MKNE1640980786,EUNL,MKNE16409807
LBRH00TFDI8616627517,LBRH,TFDI86166275
NICW00CTPB7037652602,NICW,CTPB70376526
AOYY00EQTS3504112939,AOYY,EQTS35041129
BJPG00HDKE3613279388,BJPG,HDKE36132793
XLST00KFXL8503684507,XLST,KFXL85036845
RGQE00IFJE8070788311,RGQE,IFJE80707883
EECO00YWQP7291303596,EECO,YWQP72913035
RMCM00JPHO0369248157,RMCM,JPHO03692481
ZHHN00XUWA1163580374,ZHHN,XUWA11635803
MGQJ00GXMI0563788242,MGQJ,GXMI05637882
VBFX00DOKX3533607422,VBFX,DOKX35336074
BFLU00RLIQ9966546374,BFLU,RLIQ99665463
UHGG00DYPG8621483409,UHGG,DYPG86214834
HWBR00ZEXN8257193582,HWBR,ZEXN82571935
NXWA00MXVF5330773877,NXWA,MXVF53307738
EMGY00WPHG9038201190,EMGY,WPHG90382011
PBCR00SCPF1897785327,PBCR,SCPF18977853
REGW00KYSX9900472023,REGW,KYSX99004720
HGTH00AMRR8211526364,HGTH,AMRR82115263
VMIG00QENO2307811891,VMIG,QENO23078118
GIXD00JISG1473598314,GIXD,JISG14735983
SBHJ00LIND5416466439,SBHJ,LIND54164664
ASAP00QPNK1953499445,ASAP,QPNK19534994
RHHA00ZANS1199749010,RHHA,ZANS11997490
CEZL00VIIN3189027191,CEZL,VIIN31890271
FFPD00NBKS5545334919,FFPD,NBKS55453349
RFYV00KWSU7476638831,RFYV,KWSU74766388
OHEZ00YRQS0044323007,OHEZ,YRQS00443230
NZUN00TWHR0132035540,NZUN,TWHR01320355
XJWD00JXFU3600991109,XJWD,JXFU36009911
GWBP00ZWZG7146865961,GWBP,ZWZG71468659
KACV00ZSSE9682382015,KACV,ZSSE96823820
HNBL00IVVB0435388882,HNBL,IVVB04353888
AREA00FMUF5670255586,AREA,FMUF56702555
OSRT00FIBO5922289477,OSRT,FIBO59222894
ZBYZ00ZVJO1327727463,ZBYZ,ZVJO13277274
NHDC00UFWA7549624481,NHDC,UFWA75496244
MLAA00GLWB0510419130,MLAA,GLWB05104191
UZLT00DLGX0025796803,UZLT,DLGX00257968
TTGH00PCUJ2954204821,TTGH,PCUJ29542048
CCWL00CFXU8330462123,CCWL,CFXU83304621
WHKC00SZHO4167847262,WHKC,SZHO41678472
PHDI00WQHF5007045811,PHDI,WQHF50070458
LOVH00LLIJ2079931539,LOVH,LLIJ20799315
OIIZ00BJWX8841018039,OIIZ,BJWX88410180
OUCA00BPOR2141471311,OUCA,BPOR21414713
STIP00UOCI2765050341,STIP,UOCI27650503
MMAD00USHQ2744597272,MMAD,USHQ27445972
ESQV00ERHX3667244926,ESQV,ERHX36672449
ENWM00AUOD6496018727,ENWM,AUOD64960187
CFRU00GVJN5905347532,CFRU,GVJN59053475
FDPM00BOPJ1044167707,FDPM,BOPJ10441677
NAAG00MIGC4684161632,NAAG,MIGC46841616
PBXH00HJUD4448279344,PBXH,HJUD44482793
MWUQ00WENA2129914741,MWUQ,WENA21299147
RLPL00TDQB0442307031,RLPL,TDQB04423070
HZGN00EOYW7759720187,HZGN,EOYW77597201
QTCJ00RRBW4041461548,QTCJ,RRBW40414615
AIBK00JFXW9132763060,AIBK,JFXW91327630
XCAN00HNXN2791268434,XCAN,HNXN27912684
CMXJ00XFPQ5708245723,CMXJ,XFPQ57082457
PJNR00CTMA1024189455,PJNR,CTMA10241894
WGHJ00NYKZ9414330486,WGHJ,NYKZ94143304
ACLR00YZST3183388570,ACLR,YZST31833885
ZXYA00IHNO2017931667,ZXYA,IHNO20179316
QBVE00KKWL9197499925,QBVE,KKWL91974999
CZHN00KGWK3974337185,CZHN,KGWK39743371
HOGT00TMQY0771728793,HOGT,TMQY07717287
KSRT00HNLQ7071216657,KSRT,HNLQ70712166
KPFH00ZEFY4227510813,KPFH,ZEFY42275108
JXXL00WCQN2253052861,JXXL,WCQN22530528
HVTV00MHBK3606956803,HVTV,MHBK36069568
YZZE00PBKG3779400926,YZZE,PBKG37794009
TPEE00DGMU5163538990,TPEE,DGMU51635389
HTKL00KHTP9747159707,HTKL,KHTP97471597
LOHB00TIEG5758617858,LOHB,TIEG57586178
KQPU00KJZA1508708244,KQPU,KJZA15087082
YXYR00PWTT7437539940,YXYR,PWTT74375399
QVCD00TBOY0889693677,QVCD,TBOY08896936
VJLB00EDYF7974412735,VJLB,EDYF79744127
ABSW00VDIO7422845818,ABSW,VDIO74228458
VXYM00GGUQ5730187671,VXYM,GGUQ57301876
USBH00BFMQ4568105918,USBH,BFMQ45681059
ALMD00AUWA3755597965,ALMD,AUWA37555979
MJZP00FOGH9801587510,MJZP,FOGH98015875
YRRX00LPLW9770315242,YRRX,LPLW97703152
KGYM00EPMB9014201602,KGYM,EPMB90142016
PKCM00ICIE0670989206,PKCM,ICIE06709892
XHBO00SFPK9542711720,XHBO,SFPK95427117
EHHF00YCDH6305690072,EHHF,YCDH63056900
QKXP00VORK2650850044,QKXP,VORK26508500
MMEV00FWYO2972639332,MMEV,FWYO29726393
BWQE00NWZP5055813694,BWQE,NWZP50558136
XANQ00ZKCA6392907288,XANQ,ZKCA63929072
VNFG00XECT9762789636,VNFG,XECT97627896
ZUFJ00CQPF5708401415,ZUFJ,CQPF57084014
CDOP00FNPH2686580821,CDOP,FNPH26865808
HBAP00OMRF4224910255,HBAP,OMRF42249102
KJXH00RUKY8679598751,KJXH,RUKY86795987
GOQG00NCVI9324466272,GOQG,NCVI93244662
EOXY00MFDZ8307528940,EOXY,MFDZ83075289
PRGO00HMZW6756253978,PRGO,HMZW67562539
FGNG00HQCC1994387275,FGNG,HQCC19943872
KTTF00EUSS6849574443,KTTF,EUSS68495744
XBVY00LUKO2926558398,XBVY,LUKO29265583
NWHJ00KXCX8215960486,NWHJ,KXCX82159604
DOIC00ITCX5192372890,DOIC,ITCX51923728
MQGB00EFXG5866629087,MQGB,EFXG58666290
KJZM00FUUD6470761490,KJZM,FUUD64707614
YAQL00SARH2185302819,YAQL,SARH21853028
URFO00PKKX0210072486,URFO,PKKX02100724
IXJW00ZSUU1840177443,IXJW,ZSUU18401774
RBXY00MVFN4777171860,RBXY,MVFN47771718
TWXI00GAAN2346648394,TWXI,GAAN23466483
VOXW00IXPU5346265035,VOXW,IXPU53462650
VGSC00SZVY7358014085,VGSC,SZVY73580140
MOLX00BVHZ7434760141,MOLX,BVHZ74347601
RIYS00ZISU0319158114,RIYS,ZISU03191581
ATAC00HFUH2532849224,ATAC,HFUH25328492
NZNX00AXZH9464729971,NZNX,AXZH94647299
ELXR00LTYX4137189487,ELXR,LTYX41371894
OQZZ00ZMJK1803087661,OQZZ,ZMJK18030876
TUJU00LFLD0714702505,TUJU,LFLD07147025
SMYP00YSFB4295036146,SMYP,YSFB42950361
ZCIB00DPKE5344063610,ZCIB,DPKE53440636
DABX00BHDP5267178648,DABX,BHDP52671786
EMHK00XYDN1193403523,EMHK,XYDN11934035
TYDT00FDQR1400194956,TYDT,FDQR14001949
POIY00GDGY1349412928,POIY,GDGY13494129
LXHJ00FAWV9887493812,LXHJ,FAWV98874938
KCEF00LCTA7537678567,KCEF,LCTA75376785
BUGW00SPDU6676460208,BUGW,SPDU66764602
RROC00QUBP8797822495,RROC,QUBP87978224
VWIG00RPEZ7062516831,VWIG,RPEZ70625168
ODFZ00XKEV7573962457,ODFZ,XKEV75739624
WANT00LUDJ3893845119,WANT,LUDJ38938451
SIIS00VJHO1546344643,SIIS,VJHO15463446
YGHC00FHWG3482881215,YGHC,FHWG34828812
WZTA00PVLG3279416051,WZTA,PVLG32794160
XXOM00XRXW0684482070,XXOM,XRXW06844820
KYJA00FUMQ3819945986,KYJA,FUMQ38199459
UKBP00RINL1647830738,UKBP,RINL16478307
AOCW00HOGI4843765981,AOCW,HOGI48437659
OQZG00NZWX8576463665,OQZG,NZWX85764636
JNYT00VZCQ8590709485,JNYT,VZCQ85907094
QHJD00LMBY1857951152,QHJD,LMBY18579511
GMXD00ABQK9731351437,GMXD,ABQK97313514
ORSF00PVWA1666149745,ORSF,PVWA16661497
EGCF00JFHV3399000476,EGCF,JFHV33990004
KRLK00PSQS8928996902,KRLK,PSQS89289969
ITQX00ORER5149658545,ITQX,ORER51496585
SXHG00PHCO4476241302,SXHG,PHCO44762413
YMAD00DDCP5446868310,YMAD,DDCP54468683
WKZU00VEAK2710058362,WKZU,VEAK27100583
MIOY00QTNX4083005218,MIOY,QTNX40830052
HFHW00LUAQ5390538263,HFHW,LUAQ53905382
VEIT00IVPY3736560504,VEIT,IVPY37365605
HDIG00BYVW7445180592,HDIG,BYVW74451805
BSZV00QWJQ2193567454,BSZV,QWJQ21935674
QXRI00JATL1831875314,QXRI,JATL18318753
NRFS00YMWP6772772409,NRFS,YMWP67727724
KEMC00GJTP5498346245,KEMC,GJTP54983462
OUZT00MXGC8180865433,OUZT,MXGC81808654
NTRR00YPPQ7312204112,NTRR,YPPQ73122041
TKKU00GBLD8924062460,TKKU,GBLD89240624
LJMQ00EOMC5930213137,LJMQ,EOMC59302131
BFCL00UNCI0199079306,BFCL,UNCI01990793
ZJVH00WDZI5329872935,ZJVH,WDZI53298729
TLOP00DMEP9643598606,TLOP,DMEP96435986
MDAV00XGJY8462914595,MDAV,XGJY84629145
VEMD00ASFE2401092927,VEMD,ASFE24010929
IKXP00PYYJ4350270821,IKXP,PYYJ43502708
YTWL00BADR0442854066,YTWL,BADR04428540
GSQS00RDBM7091021005,GSQS,RDBM70910210
VZDA00FBYW5944782243,VZDA,FBYW59447822
NSHV00PFIC2893678953,NSHV,PFIC28936789
ZBXL00MABL1329509665,ZBXL,MABL13295096
ZDWS00PNBC5993870480,ZDWS,PNBC59938704
QHHN00RHCK1065687787,QHHN,RHCK10656877
BVIT00FAAM0703929460,BVIT,FAAM07039294
JVLC00VMXE1153572462,JVLC,VMXE11535724
WBBA00CCDI3384963497,WBBA,CCDI33849634
LGLF00OPXR5597422013,LGLF,OPXR55974220
GGAH00OZFY5264735604,GGAH,OZFY52647356
YNJN00VTQW4277715804,YNJN,VTQW42777158
KDQP00ZLYT5545190273,KDQP,ZLYT55451902
TTGR00UAVC3422158370,TTGR,UAVC34221583
GGXU00CPRR9517928532,GGXU,CPRR95179285
RGQK00KVXB1889483076,RGQK,KVXB18894830
YHZE00DWYX9228347341,YHZE,DWYX92283473
AJCW00HDYV2450655413,AJCW,HDYV24506554
ZWBY00FWNA4178416104,ZWBY,FWNA41784161
NMQL00MLKN5293948114,NMQL,MLKN52939481
NFIF00LSDX5002821370,NFIF,LSDX50028213
GGHA00PDZW7679970376,GGHA,PDZW76799703
LSZV00KQQX3835446953,LSZV,KQQX38354469
KNKZ00RTHY5079691955,KNKZ,RTHY50796919
JSLX00QBVA0624663838,JSLX,QBVA06246638
BQEX00HBJR5698900509,BQEX,HBJR56989005
NSJW00CODX7732615530,NSJW,CODX77326155
OLAV00XPJB3774053990,OLAV,XPJB37740539
VVNM00NSZH6313422997,VVNM,NSZH63134229
IWSL00OCTP8721546452,IWSL,OCTP87215464
UUTR00IFUY8533009014,UUTR,IFUY85330090
IIOZ00VJKQ9244972144,IIOZ,VJKQ92449721
DUYU00EHFM5957191488,DUYU,EHFM59571914
YDLK00HNPQ0240228277,YDLK,HNPQ02402282
CPMW00CGRP5352526458,CPMW,CGRP53525264
CCSP00WRBJ0619310603,CCSP,WRBJ06193106
RCFB00TBDF7875516246,RCFB,TBDF78755162
SIHR00VYDF3872541454,SIHR,VYDF38725414
KBEK00DUWW2043362627,KBEK,DUWW20433626
BBNA00LPUB4508376712,BBNA,LPUB45083767
MSDG00KWKL4224869605,MSDG,KWKL42248696
FPMY00UOQL5468183845,FPMY,UOQL54681838
NBJN00VKJT6018013643,NBJN,VKJT60180136
ELWU00DPJK1511093510,ELWU,DPJK15110935
HVUU00GSCU3681413882,HVUU,GSCU36814138
MRIL00RXCV9196427752,MRIL,RXCV91964277
PXDL00NVRR2697176486,PXDL,NVRR26971764
KHXJ00ORZI2151236749,KHXJ,ORZI21512367
YEMZ00IHZR5864934264,YEMZ,IHZR58649342
PJDM00EBWV8309274946,PJDM,EBWV83092749
SEWQ00RMRZ0665375530,SEWQ,RMRZ06653755
UTJS00QQRQ3738999942,UTJS,QQRQ37389999
GUUI00PRQN2004385464,GUUI,PRQN20043854
USWS00KVWY5991396775,USWS,KVWY59913967
HAPO00OCYK4945277456,HAPO,OCYK49452774
BSMQ00EMLR7146781731,BSMQ,EMLR71467817
YKMP00FYMY4454562866,YKMP,FYMY44545628
SCIY00CQMV8132687840,SCIY,CQMV81326878
UDII00RKKR8458857166,UDII,RKKR84588571
CLRN00ZLTG4487134620,CLRN,ZLTG44871346
OVQO00EBOG9962124768,OVQO,EBOG99621247
DWPS00RMQO4644111078,DWPS,RMQO46441110
MWOV00TJVM6176172138,MWOV,TJVM61761721
IDIS00GXPL5912815104,IDIS,GXPL59128151
FFQD00OEKC3736549297,FFQD,OEKC37365492
EMAC00YUVB5015979732,EMAC,YUVB50159797
HEBP00VDHM1758310688,HEBP,VDHM17583106
OMLZ00WMZJ0379112420,OMLZ,WMZJ03791124
SZXF00QSJA2758640564,SZXF,QSJA27586405
UCHT00QVKW7083255338,UCHT,QVKW70832553
IMSL00VOEE7288530822,IMSL,VOEE72885308
BTWQ00DEOY1731297104,BTWQ,DEOY17312971
NKKL00FQSA7347535141,NKKL,FQSA73475351
AZUD00SSGN5727436021,AZUD,SSGN57274360
MCKY00KGTI1849622422,MCKY,KGTI18496224
AEEN00JPVG5873236918,AEEN,JPVG58732369
BCBO00QDCH5222816767,BCBO,QDCH52228167
WMAG00PESD0283228217,WMAG,PESD02832282
WNJA00GZRJ8640741154,WNJA,GZRJ86407411
WXFR00UYSF4155143441,WXFR,UYSF41551434
ABQR00CTCW4990810964,ABQR,CTCW49908109
ADBK00CIWE9479918233,ADBK,CIWE94799182
VVZR00ZSBN2593747974,VVZR,ZSBN25937479
TCLI00AYGT5008862685,TCLI,AYGT50088626
KJLE00MFWE8475799293,KJLE,MFWE84757992
IPOP00LYKM7462101991,IPOP,LYKM74621019
NBRA00GGUB7331300127,NBRA,GGUB73313001
JOSM00VXDV6565907826,JOSM,VXDV65659078
ZQMD00VPSB8258440786,ZQMD,VPSB82584407
HTNI00LSLI3124803497,HTNI,LSLI31248034
WEND00UKGH9141480044,WEND,UKGH91414800
JPHY00WEGJ1360667761,JPHY,WEGJ13606677
WLTU00WMFU8496232438,WLTU,WMFU84962324
KOZJ00EMLG1754183004,KOZJ,EMLG17541830
LKHC00WIDK7126047414,LKHC,WIDK71260474
XVTS00KIMB1270282360,XVTS,KIMB12702823
WBVM00FXHU8148211576,WBVM,FXHU81482115
EDKM00LXWA8337738477,EDKM,LXWA83377384
NFYV00QQRX5700199234,NFYV,QQRX57001992
NQJG00ONKV4691851757,NQJG,ONKV46918517
NPOX00CBWS0394208193,NPOX,CBWS03942081
JETY00KRYQ5747125050,JETY,KRYQ57471250
KTAR00ESJS4355411658,KTAR,ESJS43554116
XOHI00GOWY0324500111,XOHI,GOWY03245001
DLSX00UKMI0727571104,DLSX,UKMI07275711
YKCF00AKTK7777163755,YKCF,AKTK77771637
GMIW00TDNL6718809960,GMIW,TDNL67188099
BJXI00OKPE2583637925,BJXI,OKPE25836379
MEVN00HKBR0651160297,MEVN,HKBR06511602
VSTK00OCYN6485218132,VSTK,OCYN64852181
DVAI00OGWQ2685939026,DVAI,OGWQ26859390
PIWU00KJWI0197799250,PIWU,KJWI01977992
AMYR00CFSA2328656047,AMYR,CFSA23286560
ROWJ00VYVK0173521341,ROWJ,VYVK01735213
ZNXL00BMWW3671110890,ZNXL,BMWW36711108
YOLT00AAFP7881885557,YOLT,AAFP78818855
BHCW00UAMT1158794063,BHCW,UAMT11587940
ZNJG00OOKM1975828621,ZNJG,OOKM19758286
AFZE00EVSX3219021113,AFZE,EVSX32190211
ODFO00JTLB2134940026,ODFO,JTLB21349400
NMSH00REBE4417205690,NMSH,REBE44172056
LAVZ00IGFF1960288392,LAVZ,IGFF19602883
VYOA00GKBJ7608505272,VYOA,GKBJ76085052
YDGL00SIZI3934729369,YDGL,SIZI39347293
OQNF00BMHU8521744594,OQNF,BMHU85217445
VAIG00IYSL6567776838,VAIG,IYSL65677768
DBVW00BYIM6977225159,DBVW,BYIM69772251
QWHB00OMRG8333926296,QWHB,OMRG83339262
EJEQ00LPCJ8335508450,EJEQ,LPCJ83355084
GKRB00EGXN3335067859,GKRB,EGXN33350678
SOSA00LZMI5795804881,SOSA,LZMI57958048
YCRD00DSPA0845050185,YCRD,DSPA08450501
AHYY00JJMR8310032177,AHYY,JJMR83100321
RMBF00TNKU6440533316,RMBF,TNKU64405333
PCAC00AFZX9306868102,PCAC,AFZX93068681
KMXW00VPLA4673083317,KMXW,VPLA46730833
DQZN00YEUT4898410947,DQZN,YEUT48984109
TGHM00CNGP7049218854,TGHM,CNGP70492188
QIJC00BZGX6896959357,QIJC,BZGX68969593
GPZK00REHD3826364263,GPZK,REHD38263642
QMAT00KWGG4650348556,QMAT,KWGG46503485
ARPM00EUDD9620312204,ARPM,EUDD96203122
RSZU00IQLN4537409641,RSZU,IQLN45374096
KEHY00JOJL5046090172,KEHY,JOJL50460901
TNQF00TVUA0291829251,TNQF,TVUA02918292
VPJL00WZOA1256431695,VPJL,WZOA12564316
QMPO00IGDS0942539891,QMPO,IGDS09425398
LBAB00HPXD6229483350,LBAB,HPXD62294833
DMGR00BFOY7460477641,DMGR,BFOY74604776
BGNP00TCTK2387257323,BGNP,TCTK23872573
JZYG00ITIK5812274565,JZYG,ITIK58122745
URJQ00CCHX1744984257,URJQ,CCHX17449842
XEFZ00DWTA0276161972,XEFZ,DWTA02761619
MPED00PHAG1340572471,MPED,PHAG13405724
NUMI00SDIH6473474778,NUMI,SDIH64734747
XYXJ00HCKF0611197685,XYXJ,HCKF06111976
HFKW00WEEC6848661658,HFKW,WEEC68486616
SWFU00JMUK8106798779,SWFU,JMUK81067987
HQUB00WKAU0708237427,HQUB,WKAU07082374
UMCT00DZGO7477480680,UMCT,DZGO74774806
HRVG00LVXF7996370834,HRVG,LVXF79963708
ZVID00CKQD0860715422,ZVID,CKQD08607154
FHYJ00LNWK4064818312,FHYJ,LNWK40648183
KJBU00RVXV2405930154,KJBU,RVXV24059301
XQBS00SPOS2504103440,XQBS,SPOS25041034
RVKP00XXWC4131252384,RVKP,XXWC41312523
RVTT00OZMU1038656227,RVTT,OZMU10386562
WPWD00KOFO9587151332,WPWD,KOFO95871513
KPGP00EUNF7264392524,KPGP,EUNF72643925
PBJJ00SOHE3094489875,PBJJ,SOHE30944898
YLUV00MXQJ4770126587,YLUV,MXQJ47701265
YFRA00ZKVU8089065674,YFRA,ZKVU80890656
VVSQ00JAPT4512898345,VVSQ,JAPT45128983
AVPX00VLOD4506953519,AVPX,VLOD45069535
MMMM00EXIH5066448215,MMMM,EXIH50664482
XCSR00UNUZ1467989150,XCSR,UNUZ14679891
BAEF00ZUJY4626123237,BAEF,ZUJY46261232
NKPH00XNLR6709033211,NKPH,XNLR67090332
AISW00HOZC3880527924,AISW,HOZC38805279
SXTQ00SIIE5541434762,SXTQ,SIIE55414347
KUAY00JKCT6143821342,KUAY,JKCT61438213
GYPJ00TSXU4168583232,GYPJ,TSXU41685832
CLEB00DOYO9526092190,CLEB,DOYO95260921
MIRC00XZGX5361268661,MIRC,XZGX53612686
HRBU00OSRL7708533946,HRBU,OSRL77085339
UANA00USIY2396565547,UANA,USIY23965655
BDUE00AMKB5719766689,BDUE,AMKB57197666
JYND00RUAS7256582027,JYND,RUAS72565820
CAPH00IQWK7152389468,CAPH,IQWK71523894
KFCA00DRQQ9540343704,KFCA,DRQQ95403437
IEQM00VDLQ1364345963,IEQM,VDLQ13643459
WIVR00VOSI7877126637,WIVR,VOSI78771266
WHGA00HOCB4336866146,WHGA,HOCB43368661
NPKO00JMZB2840367129,NPKO,JMZB28403671
JTBH00PTAT4290214577,JTBH,PTAT42902145
PLZL00PTSZ7886457059,PLZL,PTSZ78864570
PSYP00BWGU2358230620,PSYP,BWGU23582306
YXAI00GCQN4677052463,YXAI,GCQN46770524
XXGW00QHNE7977902537,XXGW,QHNE79779025
WZUA00GRXF9969335331,WZUA,GRXF99693353
DHQD00NOVT6784633066,DHQD,NOVT67846330
NVOW00JCSP9698659039,NVOW,JCSP96986590
RMEO00VRAA7487204856,RMEO,VRAA74872048
HJHG00BCJO9414761020,HJHG,BCJO94147610
IHFJ00ILYL0975046894,IHFJ,ILYL09750468
WFKH00OHBE8377518574,WFKH,OHBE83775185
VNNT00NKQE2693104456,VNNT,NKQE26931044
KMWN00CKZN4370954616,KMWN,CKZN43709546
SQOL00EKVT1078558953,SQOL,EKVT10785589
POMR00DNRI9712912212,POMR,DNRI97129122
ONVA00XLCP3002550480,ONVA,XLCP30025504
ZNKD00PODU4941942241,ZNKD,PODU49419422
CFRD00FGPH5293216865,CFRD,FGPH52932168
UTCU00LJTH0051508939,UTCU,LJTH00515089
JPZI00NXDZ5432552602,JPZI,NXDZ54325526
IDFR00JQRV1948813720,IDFR,JQRV19488137
DFQI00YCXO4191218252,DFQI,YCXO41912182
ZLUU00EIQH6569517788,ZLUU,EIQH65695177
PNEQ00UGQJ0550709366,PNEQ,UGQJ05507093
CARM00MCHX2661549038,CARM,MCHX26615490
PWFS00PFJT4768965494,PWFS,PFJT47689654
XJIN00XRRQ8955108184,XJIN,XRRQ89551081
VOTL00CNIQ9210537769,VOTL,CNIQ92105377
GJTX00HNPF4030882918,GJTX,HNPF40308829
DRLH00XCJI7145982942,DRLH,XCJI71459829
EURV00THQU5586415238,EURV,THQU55864152
XVJL00XAHG5539725716,XVJL,XAHG55397257
IDTD00MJDB1654836029,IDTD,MJDB16548360
LBYN00AWCN0925400083,LBYN,AWCN09254000
BEVG00IKHZ4064943184,BEVG,IKHZ40649431
BHRQ00ESFZ9318292697,BHRQ,ESFZ93182926
MZPM00EIYL8048177591,MZPM,EIYL80481775
FQGR00VUKF9205405689,FQGR,VUKF92054056
RZRT00NRYW3769591825,RZRT,NRYW37695918
CGWB00MIJW7994305384,CGWB,MIJW79943053
BMFF00JMCE5510212158,BMFF,JMCE55102121
FGOU00KQVA6095994009,FGOU,KQVA60959940
OQTC00CXJH9637584831,OQTC,CXJH96375848
RNOH00SLHX6397261823,RNOH,SLHX63972618
TOYW00DNEF0116222264,TOYW,DNEF01162222
GTPE00FULP7028851836,GTPE,FULP70288518
JQSM00YAVL3391325570,JQSM,YAVL33913255
UJHR00CUHP7388828295,UJHR,CUHP73888282
THZU00TATS1740382915,THZU,TATS17403829
CKFD00YIRB3632698890,CKFD,YIRB36326988
WJXT00LDIP4487684177,WJXT,LDIP44876841
JPLH00QROB6821437225,JPLH,QROB68214372
NZPX00NJUM0351027253,NZPX,NJUM03510272
ZUNG00UYNG5660149526,ZUNG,UYNG56601495
TANO00OGNZ8871297805,TANO,OGNZ88712978
DDNM00RYTZ0671911226,DDNM,RYTZ06719112
AUUI00OEGG3910528424,AUUI,OEGG39105284
JTGM00JTEB3484427314,JTGM,JTEB34844273
THAU00MBGI3462515107,THAU,MBGI34625151
MTJX00FJRR4273045387,MTJX,FJRR42730453
KDFY00DSUC4221733617,KDFY,DSUC42217336
XLPI00PMCQ1905721841,XLPI,PMCQ19057218
JPAI00APFL6628068791,JPAI,APFL66280687
UQFJ00XSKP2109603513,UQFJ,XSKP21096035
MEUL00CKVQ2023470625,MEUL,CKVQ20234706
JBDD00WCNV2570608036,JBDD,WCNV25706080
AMEP00MWJQ2745593624,AMEP,MWJQ27455936
JQUC00GGPB5055771111,JQUC,GGPB50557711
YOWI00SWDY9300319021,YOWI,SWDY93003190
QWEH00CZWX5419325844,QWEH,CZWX54193258
MQCE00GJIZ3639386134,MQCE,GJIZ36393861
LGWH00KPCQ6683846510,LGWH,KPCQ66838465
MRIC00CLKF4731182023,MRIC,CLKF47311820
KHWR00JJVE6195832352,KHWR,JJVE61958323
WWYQ00RUTZ1409704049,WWYQ,RUTZ14097040
RNUH00MPXB4882181184,RNUH,MPXB48821811
GSNO00LWYP8656986955,GSNO,LWYP86569869
WTXQ00TDPU3644642557,WTXQ,TDPU36446425
NAER00PEYT8864817991,NAER,PEYT88648179
PLCG00EBCW4316595772,PLCG,EBCW43165957
QEPL00YZVN5272718742,QEPL,YZVN52727187
ANHL00VGKY9982928223,ANHL,VGKY99829282
MZTH00DCTL9299689849,MZTH,DCTL92996898
PSRO00MVGS6523306450,PSRO,MVGS65233064
PQKS00KMAH2177145517,PQKS,KMAH21771455
NLGU00MPCC2067043786,NLGU,MPCC20670437
IGFR00VEJH8337389091,IGFR,VEJH83373890
TSVK00CUZD1294598509,TSVK,CUZD12945985
MQBH00TDVH3936579910,MQBH,TDVH39365799
YYCB00GDWO7780818871,YYCB,GDWO77808188
IMCF00NJRX9160588839,IMCF,NJRX91605888
BYFT00KMXR1992203951,BYFT,KMXR19922039
BOZK00VDZC9552927615,BOZK,VDZC95529276
EDNW00CPYO8126476621,EDNW,CPYO81264766
QPOT00ASIE5909464392,QPOT,ASIE59094643
SYCR00IKNO7178889097,SYCR,IKNO71788890
JISE00YXHJ6625556787,JISE,YXHJ66255567
YUMC00HVQF4603767873,YUMC,HVQF46037678
NAYG00KYIF9424296018,NAYG,KYIF94242960
VKAW00ZRBU1910747810,VKAW,ZRBU19107478
JEJR00TTUK8725303837,JEJR,TTUK87253038
XWZA00DAES3043278877,XWZA,DAES30432788
DXEZ00HRIQ2849770116,DXEZ,HRIQ28497701
CGHC00JGCE7010865047,CGHC,JGCE70108650
LFTC00ROGZ2290512109,LFTC,ROGZ22905121
TJJD00RDTQ9587933662,TJJD,RDTQ95879336
YKVE00SCNI5587281165,YKVE,SCNI55872811
HWYH00ZIUR6594640057,HWYH,ZIUR65946400
HFFX00SUYP3526659927,HFFX,SUYP35266599
AUDY00FDJL4887468053,AUDY,FDJL48874680
VBWM00CZXX9038782847,VBWM,CZXX90387828
HBWM00CONK8723179593,HBWM,CONK87231795
DWWJ00ZZHX4936740178,DWWJ,ZZHX49367401
CLAA00DEUI6383020526,CLAA,DEUI63830205
XQFQ00WOHQ8109088495,XQFQ,WOHQ81090884
DDTK00WSUP7567007096,DDTK,WSUP75670070
RMWL00PEBS7732985682,RMWL,PEBS77329856
EKMV00XLIG8637596553,EKMV,XLIG86375965
QZWI00ORHN0448526484,QZWI,ORHN04485264
OJWY00EZVT4189824025,OJWY,EZVT41898240
APHQ00IURZ5512560056,APHQ,IURZ55125600
TVXZ00XIWZ2934902308,TVXZ,XIWZ29349023
GEMW00ZYZN5574337966,GEMW,ZYZN55743379
NJJF00DXES2111402694,NJJF,DXES21114026
PBYA00KUFP8090638729,PBYA,KUFP80906387
EOWM00ORJQ1492146844,EOWM,ORJQ14921468
XVOL00FCDA0313963839,XVOL,FCDA03139638
XUIW00RCUO1965756618,XUIW,RCUO19657566
MDMV00PVCA4245441561,MDMV,PVCA42454415
LMDO00QBCU2244329440,LMDO,QBCU22443294
BMHK00ASGE9209428324,BMHK,ASGE92094283
MNQI00GJRE8856107406,MNQI,GJRE88561074
ICUQ00VXVS2522855512,ICUQ,VXVS25228555
KICU00MXSZ7019046374,KICU,MXSZ70190463
JSHT00QHNX1595241402,JSHT,QHNX15952414
DPAL00BHBS3415439938,DPAL,BHBS34154399
LUNL00HLYC0731945844,LUNL,HLYC07319458
QRHF00OFQI3697837019,QRHF,OFQI36978370
RTCB00DLDF0302626762,RTCB,DLDF03026267
CAFZ00KYGT4917788642,CAFZ,KYGT49177886
HKAK00TGZH2881212493,HKAK,TGZH28812124
KSIK00BAYD6096491486,KSIK,BAYD60964914
UNVC00TMNI1592770954,UNVC,TMNI15927709
FWXR00DOBL6905059067,FWXR,DOBL69050590
XLHM00GSLJ0423635893,XLHM,GSLJ04236358
NAPI00EYUV8000389017,NAPI,EYUV80003890
HXUX00ESYP2857613316,HXUX,ESYP28576133
JMME00KXWS7899654030,JMME,KXWS78996540
ZBOV00KSAL5954195616,ZBOV,KSAL59541956
PKPU00VRUU3100127212,PKPU,VRUU31001272
CPZO00RQTQ3573200079,CPZO,RQTQ35732000
WSHY00PVDU7640482070,WSHY,PVDU76404820
ZXRW00NEPG6860828716,ZXRW,NEPG68608287
UTWW00BRBV8086641540,UTWW,BRBV80866415
HJYJ00LDEJ4138697010,HJYJ,LDEJ41386970
KBOC00AIAT6087085510,KBOC,AIAT60870855
GLNT00MJKW4868641265,GLNT,MJKW48686412
RACI00AHCL0692036658,RACI,AHCL06920366
CCNB00STRX1240759239,CCNB,STRX12407592
VUMA00MGZY3669922705,VUMA,MGZY36699227
GVRX00YQQT5258382042,GVRX,YQQT52583820
SOMS00EDIJ1530533884,SOMS,EDIJ15305338
ZLXZ00KVAK2913682776,ZLXZ,KVAK29136827
CSWT00AJOL2090609834,CSWT,AJOL20906098
ASBI00MZSJ7790562233,ASBI,MZSJ77905622
QVPY00TONG6583735234,QVPY,TONG65837352
ILPQ00AOKR7937598227,ILPQ,AOKR79375982
CZHP00EFIE8389536249,CZHP,EFIE83895362
YJLW00GIVW5109173597,YJLW,GIVW51091735
KDFQ00OVHX0117175944,KDFQ,OVHX01171759
DEHX00RTMN2487025753,DEHX,RTMN24870257
TOSU00WRMX4034223324,TOSU,WRMX40342233
JIOI00ZRXD1191520024,JIOI,ZRXD11915200
CJKO00POXB3071871913,CJKO,POXB30718719
OMBD00EAHE4282137213,OMBD,EAHE42821372
VQQM00FOUI6557991082,VQQM,FOUI65579910
WUPF00VMAX7030990990,WUPF,VMAX70309909
JZUN00SFGO4842690407,JZUN,SFGO48426904
PQJJ00AOVW5806859805,PQJJ,AOVW58068598
GYVY00QKDU3445501365,GYVY,QKDU34455013
DANX00CFVG9272804864,DANX,CFVG92728048
PHGU00SDLR3011406585,PHGU,SDLR30114065
UVSV00NLNW8341019593,UVSV,NLNW83410195
WICD00OCSA7880148236,WICD,OCSA78801482
HOQO00MSUA7805247724,HOQO,MSUA78052477
KSVO00NWYG7065527445,KSVO,NWYG70655274
PDNK00FKIY2679778553,PDNK,FKIY26797785
JRRJ00QOQT7686978693,JRRJ,QOQT76869786
KJNE00JLDR2623555848,KJNE,JLDR26235558
OIDQ00EUHF9024579089,OIDQ,EUHF90245790
VICO00EHSU7799375133,VICO,EHSU77993751
GNAW00FGUE0261943319,GNAW,FGUE02619433
ZPFI00LTUO2523110381,ZPFI,LTUO25231103
KEJK00NMNM0925713016,KEJK,NMNM09257130
YFVF00DGAG1155873241,YFVF,DGAG11558732
HVGY00CVKA5320483749,HVGY,CVKA53204837
MAPT00HVRQ9941782794,MAPT,HVRQ99417827
TAPW00RFBZ9365226682,TAPW,RFBZ93652266
PVRC00ZRZW3508059682,PVRC,ZRZW35080596
GCAK00XKCW0763769330,GCAK,XKCW07637693
TGWL00FSHE7033079730,TGWL,FSHE70330797
CCSL00ZSEC9940436512,CCSL,ZSEC99404365
VQZW00QKXO7745759645,VQZW,QKXO77457596
OALY00HPRV9351939314,OALY,HPRV93519393
LFHD00YZBO5046027968,LFHD,YZBO50460279
MRSW00SZKQ8275564927,MRSW,SZKQ82755649
UQQH00EUBJ6431392670,UQQH,EUBJ64313926
NBZN00AITG3524332095,NBZN,AITG35243320
PHOO00PVIB3242162811,PHOO,PVIB32421628
WJTU00WVHO7562756394,WJTU,WVHO75627563
HBJD00YAYR8632278711,HBJD,YAYR86322787
KYKR00JFON1103389795,KYKR,JFON11033897
HVRD00DUZM5546552151,HVRD,DUZM55465521
WAYG00YPXN8152658835,WAYG,YPXN81526588
RBWC00SGEX2553774879,RBWC,SGEX25537748
VFSY00UWZN6183793202,VFSY,UWZN61837932
DFEI00XVZM2319342063,DFEI,XVZM23193420
XHGR00QBIW4825630574,XHGR,QBIW48256305
LZRE00WYSV8517282940,LZRE,WYSV85172829
KPME00PKKH3600553212,KPME,PKKH36005532
BYVT00RKRQ3907398441,BYVT,RKRQ39073984
PXUL00ODCW4662652374,PXUL,ODCW46626523
VHVI00NVVH6267751827,VHVI,NVVH62677518
VYZK00JZCS2913661570,VYZK,JZCS29136615
BFDO00RDPW9737074377,BFDO,RDPW97370743
RQVS00HEYD6669941316,RQVS,HEYD66699413
LUUF00ETPS0935781432,LUUF,ETPS09357814
ICQD00OWKF5843471166,ICQD,OWKF58434711
YRRN00RFKU0113962398,YRRN,RFKU01139623
GLCD00QZZL0776143307,GLCD,QZZL07761433
TETG00VTSD7417937526,TETG,VTSD74179375
RDXM00CUYO9508621576,RDXM,CUYO95086215
LPCV00XMRV2892229392,LPCV,XMRV28922293
TSNU00XEIV5751616931,TSNU,XEIV57516169
QYLR00NAAJ2139792914,QYLR,NAAJ21397929
JZRA00DNHG7309899598,JZRA,DNHG73098995
YGGP00RTCF0090030644,YGGP,RTCF00900306
YEWK00XHPA5771405493,YEWK,XHPA57714054
UNOW00ESXF5426432640,UNOW,ESXF54264326
TIMN00QCCY4481410021,TIMN,QCCY44814100
DPIV00IYSA3507301652,DPIV,IYSA35073016
NODA00WNOJ9846015384,NODA,WNOJ98460153
EMXL00GNDF0659085138,EMXL,GNDF06590851
GRGX00XGSB9263874928,GRGX,XGSB92638749
XWYU00KWCI7621235567,XWYU,KWCI76212355
NNHN00GAVF1170925697,NNHN,GAVF11709256
JEVO00MXXW5283697650,JEVO,MXXW52836976
ZIAS00EDMY4486248127,ZIAS,EDMY44862481
DRLZ00HYLV8350959628,DRLZ,HYLV83509596
CBRW00JFAG6836869726,CBRW,JFAG68368697
YFSZ00TRXO8513152384,YFSZ,TRXO85131523
RXFB00IGUD9963944512,RXFB,IGUD99639445
VCTD00MULT4781906838,VCTD,MULT47819068
XDXS00KSPK7096117524,XDXS,KSPK70961175
MYVH00JHSM4583154642,MYVH,JHSM45831546
DQMI00VORX0512469238,DQMI,VORX05124692
AVPO00VGHL3903930328,AVPO,VGHL39039303
WBKL00GSEI7388582391,WBKL,GSEI73885823
FULI00CXHW9371838372,FULI,CXHW93718383
GNQR00FOOH7948930628,GNQR,FOOH79489306
UCLW00VKEG3241014693,UCLW,VKEG32410146
LSUQ00DLTS7496330572,LSUQ,DLTS74963305
IZAI00TKQK5686398030,IZAI,TKQK56863980
TYHO00QPNS8895827391,TYHO,QPNS88958273
RAQJ00PFUX5985231482,RAQJ,PFUX59852314
FRFO00GQZI4721220845,FRFO,GQZI47212208
VNEY00CAOI3720397027,VNEY,CAOI37203970
QNYQ00AIZF7033665721,QNYQ,AIZF70336657
PNFA00HMMX9931904103,PNFA,HMMX99319041
GQLI00VUSO0099387468,GQLI,VUSO00993874
ELCD00ZIQF2079585254,ELCD,ZIQF20795852
WQJL00RDDR1685415185,WQJL,RDDR16854151
GPNL00CAWV2242574772,GPNL,CAWV22425747
TREA00AYMT8076674520,TREA,AYMT80766745
HSPQ00PKLP4999928395,HSPQ,PKLP49999283
BVTA00KBAF1240418249,BVTA,KBAF12404182
EAME00SSAA0749525324,EAME,SSAA07495253
VSPP00YXUW8300161844,VSPP,YXUW83001618
CPAJ00RHWW4926359347,CPAJ,RHWW49263593
WFQE00QCXG3653021715,WFQE,QCXG36530217
CSTM00ORVX2742974512,CSTM,ORVX27429745
XNLH00CEEP5981740449,XNLH,CEEP59817404
OTDM00SDKH4332325658,OTDM,SDKH43323256
KLYQ00JZIX6979527993,KLYQ,JZIX69795279
IMXK00PTCM1029871559,IMXK,PTCM10298715
CGUR00REYA4586707591,CGUR,REYA45867075
RWHG00QKZA8512507335,RWHG,QKZA85125073
JHYJ00FZKM3453570986,JHYJ,FZKM34535709
WZTP00IUVF5420280264,WZTP,IUVF54202802
SFQE00ZRKO1287212084,SFQE,ZRKO12872120
KIKX00CKBH6307016907,KIKX,CKBH63070169
OOYJ00UOUJ4086021052,OOYJ,UOUJ40860210
GTNZ00LVWZ7493063825,GTNZ,LVWZ74930638
NDIM00JWJZ9829106642,NDIM,JWJZ98291066
XRQC00LCWQ4272882228,XRQC,LCWQ42728822
MGKA00YOYC1259211853,MGKA,YOYC12592118
UIHN00MLIX1870205913,UIHN,MLIX18702059
CBAN00CWVW4686948091,CBAN,CWVW46869480
OMYJ00DMVL9446893569,OMYJ,DMVL94468935
GNTU00NXCI4317789232,GNTU,NXCI43177892
VLJJ00EXUF5937718778,VLJJ,EXUF59377187
TZXW00OEYV6645657493,TZXW,OEYV66456574
RBUM00ETCZ1197456942,RBUM,ETCZ11974569
FZKX00YLVX1189772348,FZKX,YLVX11897723
OJJR00KHJW2449339182,OJJR,KHJW24493391
ECVP00LZFK5230652354,ECVP,LZFK52306523
DLQH00YNQQ1118987469,DLQH,YNQQ11189874
RHBH00QAIY2422890645,RHBH,QAIY24228906
WPCP00JHRZ7605227917,WPCP,JHRZ76052279
SOKU00LHRH1727297678,SOKU,LHRH17272976
CIMD00BVZB5871567551,CIMD,BVZB58715675
ZPZR00AATY7132994927,ZPZR,AATY71329949
MTQF00UICV0875974962,MTQF,UICV08759749
CORN00ARBU2183317553,CORN,ARBU21833175
RGED00BEJF0500593484,RGED,BEJF05005934
SEOE00IEWW2196589609,SEOE,IEWW21965896
EVJN00UVMG8786522756,EVJN,UVMG87865227
NZHC00WCZQ5703915638,NZHC,WCZQ57039156
IIMD00MANC5872309427,IIMD,MANC58723094
UGEG00IMWS7966878810,UGEG,IMWS79668788
PXHL00HAHN1955727542,PXHL,HAHN19557275
HEAV00CXQZ0860101625,HEAV,CXQZ08601016
VPKA00FOGZ6906501313,VPKA,FOGZ69065013
HAFZ00FUPD2184143782,HAFZ,FUPD21841437
MKIL00MQFQ4222459173,MKIL,MQFQ42224591
ESZD00ZAMJ5889994357,ESZD,ZAMJ58899943
TDPW00ESGM5197759507,TDPW,ESGM51977595
IYIZ00WEOB6570454367,IYIZ,WEOB65704543
GWQM00YKZW7451475692,GWQM,YKZW74514756
OFRI00PKZU9882522294,OFRI,PKZU98825222
JYNY00JPZD9354177416,JYNY,JPZD93541774
GYXQ00JWQK5079513873,GYXQ,JWQK50795138
OQBP00GVAJ3152030391,OQBP,GVAJ31520303
SEUM00PBIX4075332975,SEUM,PBIX40753329
FCHO00YRUX9658153315,FCHO,YRUX96581533
EEWP00WTPX4868536680,EEWP,WTPX48685366
JIRM00IJKL2953880928,JIRM,IJKL29538809
AANK00RZBR9870797543,AANK,RZBR98707975
DOBY00OXME4368125737,DOBY,OXME43681257
ZKFH00EZLF5763536904,ZKFH,EZLF57635369
IKCT00QBRO5548624769,IKCT,QBRO55486247
DBBB00ZOIB9376088280,DBBB,ZOIB93760882
DJHW00MHEI6059684482,DJHW,MHEI60596844
XYYU00UMEX1437683827,XYYU,UMEX14376838
RCHR00UVJT7391467788,RCHR,UVJT73914677
ZMEW00WDAU3900577120,ZMEW,WDAU39005771
ESRW00UGFZ2008812626,ESRW,UGFZ20088126
DITV00KKNC7670631233,DITV,KKNC76706312
WPJN00OEEJ4652343725,WPJN,OEEJ46523437
YGFN00PCND4987049616,YGFN,PCND49870496
ELRJ00OPDO1246853929,ELRJ,OPDO12468539
GMCE00VSYY4449909478,GMCE,VSYY44499094
LNMH00AGRH9925296605,LNMH,AGRH99252966
KPAL00QFCQ3480417596,KPAL,QFCQ34804175
DOXA00TBFG2135311043,DOXA,TBFG21353110
SOVC00PPXI4253613711,SOVC,PPXI42536137
JBNB00NLUI5225857103,JBNB,NLUI52258571
OSAZ00KBHB3674646990,OSAZ,KBHB36746469
WUAZ00MLFD9451820440,WUAZ,MLFD94518204
KLVS00FVRI8285633667,KLVS,FVRI82856336
EELA00VMIX6860929406,EELA,VMIX68609294
VRDM00SVCA2188950136,VRDM,SVCA21889501
DZPJ00NQZW7294426960,DZPJ,NQZW72944269
DPZQ00TDKJ7768273944,DPZQ,TDKJ77682739
HCWI00ADAZ1731070456,HCWI,ADAZ17310704
DBLH00MGTG1708050623,DBLH,MGTG17080506
XGVR00XXEG0532741980,XGVR,XXEG05327419
DXKG00UAGJ3994706347,DXKG,UAGJ39947063
EOMP00RIQW2870610709,EOMP,RIQW28706107
GPJC00ASPV0897450829,GPJC,ASPV08974508
POPT00TFTB1995952991,POPT,TFTB19959529
JTAF00RFLH0443736761,JTAF,RFLH04437367
HNNB00KWGC3490665766,HNNB,KWGC34906657
KQRH00MNPS3966218848,KQRH,MNPS39662188
PSJX00OXMO5149916512,PSJX,OXMO51499165
NIPX00XDRQ2427347227,NIPX,XDRQ24273472
FQDK00PAIN3436711879,FQDK,PAIN34367118
BOHA00EEGC5813479672,BOHA,EEGC58134796
UJVG00LTFW3666615184,UJVG,LTFW36666151
CNWD00EFAO7617168561,CNWD,EFAO76171685
TNXD00BGJT2059290741,TNXD,BGJT20592907
CHNU00NEFW5124645924,CHNU,NEFW51246459
HDYQ00AGDA2722421430,HDYQ,AGDA27224214
ZDHO00MKVT8776365487,ZDHO,MKVT87763654
XPDZ00RQLE8632548473,XPDZ,RQLE86325484
ISAO00GBJJ1299678298,ISAO,GBJJ12996782
VIWH00VWKT6611096002,VIWH,VWKT66110960
TICE00SGEF9158270303,TICE,SGEF91582703
LQKD00XSDU1805745114,LQKD,XSDU18057451
ALRF00HAAD0684254032,ALRF,HAAD06842540
GLMY00ECYX0817399668,GLMY,ECYX08173996
YULW00VDJD8290565379,YULW,VDJD82905653
EDEQ00KMIN8754236770,EDEQ,KMIN87542367
VOXT00NVWT9023308060,VOXT,NVWT90233080
GYNV00RBYW5113644098,GYNV,RBYW51136440
HTFE00VCTV0242734718,HTFE,VCTV02427347
BIET00ASLE3489586015,BIET,ASLE34895860
ONEW00AALM5995153489,ONEW,AALM59951534
ZVOV00HVMG1504355842,ZVOV,HVMG15043558
XPZF00NLBT0891681553,XPZF,NLBT08916815
EWCH00TDVB1457613639,EWCH,TDVB14576136
SXUI00XQHM0964843004,SXUI,XQHM09648430
ZVOW00UZKL8418106527,ZVOW,UZKL84181065
UJEJ00VIAV4027518896,UJEJ,VIAV40275188
CSWS00MSAV3753826962,CSWS,MSAV37538269
WMLA00NEWX5509415731,WMLA,NEWX55094157
IWTK00BABR1060524492,IWTK,BABR10605244
GLID00UIQL5418397032,GLID,UIQL54183970
VSGM00VQRC2345729347,VSGM,VQRC23457293
IUQD00INUU7249261039,IUQD,INUU72492610
KUQD00AFQA5125572043,KUQD,AFQA51255720
YFVJ00QCRO9898275958,YFVJ,QCRO98982759
PCLG00ZFBT0034812078,PCLG,ZFBT00348120
MTZI00WDOY6491372782,MTZI,WDOY64913727
OQGD00UHEC0557409393,OQGD,UHEC05574093
JTBV00GRUA5796832118,JTBV,GRUA57968321
YMJU00YGDC6329494287,YMJU,YGDC63294942
UJRT00KGTZ8320654548,UJRT,KGTZ83206545
ZUZG00IKUM0525782249,ZUZG,IKUM05257822
YZOW00TLXK6970597286,YZOW,TLXK69705972
KPDT00HJCV8047611210,KPDT,HJCV80476112
QNMH00BVOD4081910015,QNMH,BVOD40819100
UNLI00GHJX7727125604,UNLI,GHJX77271256
GBDJ00HKEG1764932038,GBDJ,HKEG17649320
PQXG00GBOP8171841643,PQXG,GBOP81718416
TCOL00HBBB1702376420,TCOL,HBBB17023764
PJQL00ZVUW8352651947,PJQL,ZVUW83526519
ONXW00HHQE3842294387,ONXW,HHQE38422943
PJOO00MVDY2239224359,PJOO,MVDY22392243
ZWLF00GCQY9997675154,ZWLF,GCQY99976751
JHKE00IZTE6656641146,JHKE,IZTE66566411
WRKP00NFLG0531614139,WRKP,NFLG05316141
PMNH00APZB5627860425,PMNH,APZB56278604
FXTX00IANK1371477031,FXTX,IANK13714770
PVYY00ZTQU7114177388,PVYY,ZTQU71141773
KHJO00CQDM3823122772,KHJO,CQDM38231227
RKWN00VYSF4138256191,RKWN,VYSF41382561
PFBK00WXNY1751203276,PFBK,WXNY17512032
WPKW00SGYI4630049004,WPKW,SGYI46300490
XPXQ00SZRA8017047194,XPXQ,SZRA80170471
TPEE00IMTX8983479636,TPEE,IMTX89834796
GRPX00YVLQ3658413405,GRPX,YVLQ36584134
QIRH00CQJH9418077044,QIRH,CQJH94180770
BXZJ00FVWB1203454467,BXZJ,FVWB12034544
VFVY00NDNQ8375136474,VFVY,NDNQ83751364
WENZ00SHBH0787244458,WENZ,SHBH07872444
OUJU00RQXG7374741813,OUJU,RQXG73747418
FETQ00BVJE5606019990,FETQ,BVJE56060199
AHNV00LRJI9835415720,AHNV,LRJI98354157
AJHK00TIBW3403633144,AJHK,TIBW34036331
CWQT00GDNO9981866053,CWQT,GDNO99818660
UKMH00GFEJ3878557829,UKMH,GFEJ38785578
KUPS00FFEZ2099091565,KUPS,FFEZ20990915
OBCA00EJKC2210438572,OBCA,EJKC22104385
YQFB00FTLW1506055608,YQFB,FTLW15060556
SIJM00ONKK3190716581,SIJM,ONKK31907165
JNWI00BCGN3309205916,JNWI,BCGN33092059
TPHL00AMAG5833209613,TPHL,AMAG58332096
AULS00MKAF2561517064,AULS,MKAF25615170
MPCO00HUON2424923394,MPCO,HUON24249233
TTIO00XMFZ8398724348,TTIO,XMFZ83987243
HGOP00NQOH9168301905,HGOP,NQOH91683019
QHJN00XHUL8850592912,QHJN,XHUL88505929
UBRH00LCPH0834410947,UBRH,LCPH08344109
KUGG00WDRK2223236671,KUGG,WDRK22232366
QCUU00XYAA4066355647,QCUU,XYAA40663556
KYSO00ZLEB1244105358,KYSO,ZLEB12441053
QVBW00BJZE5082637359,QVBW,BJZE50826373
VMZU00KTGF6424480918,VMZU,KTGF64244809
UJLT00WXZU5605193482,UJLT,WXZU56051934
UWKK00KPJO4483291705,UWKK,KPJO44832917
BMBY00MBJH7349873195,BMBY,MBJH73498731
VMQW00IONB5806628577,VMQW,IONB58066285
KMZJ00GYWX4512084914,KMZJ,GYWX45120849
RLEC00DECN8839463408,RLEC,DECN88394634
BEPU00DWIJ4066147751,BEPU,DWIJ40661477
PRBA00DRUQ0286786526,PRBA,DRUQ02867865
AXPP00MSBS9268810155,AXPP,MSBS92688101
RDMX00GLWL2389076828,RDMX,GLWL23890768
YROH00SGJW0967086672,YROH,SGJW09670866
HXIN00TFAE0405465932,HXIN,TFAE04054659
VFTC00MEWD2408160531,VFTC,MEWD24081605
WTHY00DIPX9290357330,WTHY,DIPX92903573
HYXG00AAIW5059660693,HYXG,AAIW50596606
LJAT00CNPM1676099372,LJAT,CNPM16760993
SCNA00PWBT3299183259,SCNA,PWBT32991832
WSUK00ZOZO6105967223,WSUK,ZOZO61059672
WAEZ00AYZD8416937207,WAEZ,AYZD84169372
PJJC00BCWB5789068326,PJJC,BCWB57890683
WZTB00IXUT3560817651,WZTB,IXUT35608176
SZSY00AAEN9272653939,SZSY,AAEN92726539
YRBY00KHEZ4987404465,YRBY,KHEZ49874044
DBGN00LSZI8461314468,DBGN,LSZI84613144
WRCT00BALR8936815837,WRCT,BALR89368158
WULO00PAHR5011630835,WULO,PAHR50116308
INUF00BMFD6554403694,INUF,BMFD65544036
SNWM00LSAX2063251297,SNWM,LSAX20632512
YZKS00CJIS7817784877,YZKS,CJIS78177848
FDHI00NQZO8850782961,FDHI,NQZO88507829
URTC00MKQO9151953737,URTC,MKQO91519537
GPYK00GCHZ4276044552,GPYK,GCHZ42760445
OWTK00JPEG4341495151,OWTK,JPEG43414951
IHIF00ITNA5320115634,IHIF,ITNA53201156
ADOI00KKNQ6569490417,ADOI,KKNQ65694904
WHAU00TCKS9293425949,WHAU,TCKS92934259
RZOF00UDLZ9890331175,RZOF,UDLZ98903311
JRIT00POIK2177230293,JRIT,POIK21772302
EEUR00OWMJ1898176209,EEUR,OWMJ18981762
HGTH00ADSN4973552818,HGTH,ADSN49735528
TJPU00UNWA7942476957,TJPU,UNWA79424769
ICTB00VBDR2811893915,ICTB,VBDR28118939
SUXK00ZRKY5145403189,SUXK,ZRKY51454031
KRGN00SQND6093565393,KRGN,SQND60935653
ATYT00ZAUD6734770619,ATYT,ZAUD67347706
NYIR00QIXU7025269406,NYIR,QIXU70252694
UXMQ00MNVN1462301039,UXMQ,MNVN14623010
WDGW00VFHJ4822737195,WDGW,VFHJ48227371
YRIQ00VMPN0581843997,YRIQ,VMPN05818439
ITGZ00NCCO5555304441,ITGZ,NCCO55553044
XFTG00IWJZ6722155861,XFTG,IWJZ67221558
INIM00XNIF6961108559,INIM,XNIF69611085
QDDG00EMNJ5740929755,QDDG,EMNJ57409297
NRLZ00DYSN1434986969,NRLZ,DYSN14349869
EENX00KIMD1781831259,EENX,KIMD17818312
XGXI00ZTDB0306787969,XGXI,ZTDB03067879
DSSN00PLUL8235566571,DSSN,PLUL82355665
ZYNJ00LHAG6488795732,ZYNJ,LHAG64887957
ZVZP00MSZQ3609155386,ZVZP,MSZQ36091553
FGTL00ILZP9851434161,FGTL,ILZP98514341
MYCK00SRKQ9317979027,MYCK,SRKQ93179790
NKZG00JQJV1905499169,NKZG,JQJV19054991
XULE00OMNW3803871484,XULE,OMNW38038714
ZAPL00TEBX6156244129,ZAPL,TEBX61562441
TQQM00XRGD2609748792,TQQM,XRGD26097487
DYHT00XGGI3956441062,DYHT,XGGI39564410
KIWD00AUHX7549620333,KIWD,AUHX75496203
IDOC00DION1269957451,IDOC,DION12699574
WWQG00VIAM1714426828,WWQG,VIAM17144268
PBHC00TVTA7846434530,PBHC,TVTA78464345
QKOX00FLYH5522180516,QKOX,FLYH55221805
ZFBE00NMQK9211419015,ZFBE,NMQK92114190
FELB00XNAQ3146471135,FELB,XNAQ31464711
FGNR00SPJF1683170352,FGNR,SPJF16831703
CZFC00HPFX5896538848,CZFC,HPFX58965388
ULLN00CBKY7088435758,ULLN,CBKY70884357
KNCD00PVJI8515707130,KNCD,PVJI85157071
KQIY00JTOV3575798908,KQIY,JTOV35757989
WHMR00XTMZ6570472383,WHMR,XTMZ65704723
TKOF00YQXR2504852070,TKOF,YQXR25048520
ZYRO00ULCK2438050630,ZYRO,ULCK24380506
AKIY00HQXQ6334956307,AKIY,HQXQ63349563
JEHK00YDKN9866348881,JEHK,YDKN98663488
HVWE00XSWP2654903416,HVWE,XSWP26549034
GPBX00RRKC4868210636,GPBX,RRKC48682106
IVME00IXNK4773348038,IVME,IXNK47733480
HLFM00UVPL8402102006,HLFM,UVPL84021020
EGKU00OAYR0437665597,EGKU,OAYR04376655
HNAW00KLVN5391779753,HNAW,KLVN53917797
AMLK00KKPW3767923346,AMLK,KKPW37679233
DAES00BEWG4748566633,DAES,BEWG47485666
UQHX00ARPO0920221244,UQHX,ARPO09202212
CSTA00LOHA9020676231,CSTA,LOHA90206762
XLOH00VMZY6547671321,XLOH,VMZY65476713
VIGR00TPYT9356136588,VIGR,TPYT93561365
SNNG00LVEU8180655106,SNNG,LVEU81806551
GGEI00NWUG2750608498,GGEI,NWUG27506084
HKHC00UEEZ6718218349,HKHC,UEEZ67182183
JXXK00MBTP1035873885,JXXK,MBTP10358738
KNFS00OSYA8967885097,KNFS,OSYA89678850
HJGF00UBHW3739708159,HJGF,UBHW37397081
YROS00XWBK8254180047,YROS,XWBK82541800
KWWQ00ORET0525093117,KWWQ,ORET05250931
GTDS00PKYE6440782787,GTDS,PKYE64407827
KDJA00KGXC3489762845,KDJA,KGXC34897628
PZCN00UGQX6601148427,PZCN,UGQX66011484
GQVX00UAAJ2004264302,GQVX,UAAJ20042643
JSEJ00RWTD2061351280,JSEJ,RWTD20613512
GARR00VUOQ5330402411,GARR,VUOQ53304024
TEIE00JLUC7322782743,TEIE,JLUC73227827
JWQZ00ACQZ8486828190,JWQZ,ACQZ84868281
KYAB00GKAA8521297818,KYAB,GKAA85212978
DORD00QFZY2941701785,DORD,QFZY29417017
HIIN00CPTW1908067335,HIIN,CPTW19080673
FXGE00ORBP3900833432,FXGE,ORBP39008334
ZQDH00DQUX5277110587,ZQDH,DQUX52771105
JGKH00HEVD5341680929,JGKH,HEVD53416809
QXJD00HOJA5911973041,QXJD,HOJA59119730
UXTT00VOQX7193626371,UXTT,VOQX71936263
FFQS00GAZM8201211775,FFQS,GAZM82012117
QQXQ00WEEQ2456886914,QQXQ,WEEQ24568869
CVFQ00GHJW3362553141,CVFQ,GHJW33625531
PLFD00AMSC9425272160,PLFD,AMSC94252721
FFBR00TTGG2104202837,FFBR,TTGG21042028
BLDQ00LSJB8069611222,BLDQ,LSJB80696112
EOJA00EXYQ1246179653,EOJA,EXYQ12461796
OVXS00IOHQ0028225378,OVXS,IOHQ00282253
MKOW00MEHC8809335884,MKOW,MEHC88093358
XHTF00NOPF2167340188,XHTF,NOPF21673401
VHBX00QECC1268238409,VHBX,QECC12682384
DJCY00TUAB3904986894,DJCY,TUAB39049868
JRXY00WZYE7377502208,JRXY,WZYE73775022
LOUI00DZJB6210852351,LOUI,DZJB62108523
AXTQ00LAUC2957241119,AXTQ,LAUC29572411
GNWO00PIPK1985436158,GNWO,PIPK19854361
KUPC00UROO5517406805,KUPC,UROO55174068
TUQW00TEHF2198991672,TUQW,TEHF21989916
EJXW00ISKK2388942679,EJXW,ISKK23889426
IVAL00LDDM4060725702,IVAL,LDDM40607257
IABP00OANA7521657436,IABP,OANA75216574
HKJE00WVFX8877427282,HKJE,WVFX88774272
XAEZ00SOSU4869465978,XAEZ,SOSU48694659
SSTY00VIWE0368071751,SSTY,VIWE03680717
DZBH00FNBV0192952563,DZBH,FNBV01929525
WDBP00SWKK6070526681,WDBP,SWKK60705266
BJOG00WZSP3322223610,BJOG,WZSP33222236
EAXQ00ULUV5995476779,EAXQ,ULUV59954767
TLWP00BIGC5069286277,TLWP,BIGC50692862
KWCO00ZXCF0032558977,KWCO,ZXCF00325589
BRZH00OWHO0830873394,BRZH,OWHO08308733
FPAT00YTJO0922480378,FPAT,YTJO09224803
ICQO00UWNF7461338370,ICQO,UWNF74613383
JNRS00DSKC8580247437,JNRS,DSKC85802474
YKUS00ANJV2338967932,YKUS,ANJV23389679
HPBC00VFLY6526728165,HPBC,VFLY65267281
XBQM00PLFY1025745642,XBQM,PLFY10257456
QPBG00ZZIB1905775312,QPBG,ZZIB19057753
XINT00SDUP5421622135,XINT,SDUP54216221
NFVC00BUOO6125619076,NFVC,BUOO61256190
XNHJ00ZZSP5660722551,XNHJ,ZZSP56607225
QJNR00KAEB4252594144,QJNR,KAEB42525941
IBPV00XMLD3299726161,IBPV,XMLD32997261
NMRK00VKKQ4680657250,NMRK,VKKQ46806572
GCMW00AESL0614121432,GCMW,AESL06141214
MENO00PNDG4526876882,MENO,PNDG45268768
NQFT00SQPX2580224076,NQFT,SQPX25802240
MQGU00TOCT2103481151,MQGU,TOCT21034811
RCEA00JVIQ9264277307,RCEA,JVIQ92642773
IMAH00ECKZ2335838316,IMAH,ECKZ23358383
WFLS00QFZS0402715938,WFLS,QFZS04027159
DWVX00EDWR4745508603,DWVX,EDWR47455086
RTLN00JGVP1783846853,RTLN,JGVP17838468
EAWY00YBLO8801642384,EAWY,YBLO88016423
ANPO00DNTC5892716791,ANPO,DNTC58927167
DGQG00WEMM4919830027,DGQG,WEMM49198300
QRBQ00ZUXM4371975322,QRBQ,ZUXM43719753
MYPX00UGFL3321704487,MYPX,UGFL33217044
ZTKJ00QEHO2093145520,ZTKJ,QEHO20931455
WFMF00TJFL2836148562,WFMF,TJFL28361485
QIRW00GHAP4043284120,QIRW,GHAP40432841
JTDY00LUPF4738610952,JTDY,LUPF47386109
ZVEY00SOAS6241042405,ZVEY,SOAS62410424
VNND00UESZ8014010667,VNND,UESZ80140106
FCCE00CVTX2438935610,FCCE,CVTX24389356
TNES00FKHB5504114111,TNES,FKHB55041141
KGBY00NTLE8283192429,KGBY,NTLE82831924
FMOV00XDMH1917583355,FMOV,XDMH19175833
GVQX00YESR7268770557,GVQX,YESR72687705
OUVB00HOUB3575915270,OUVB,HOUB35759152
VYVB00VFNU5066087533,VYVB,VFNU50660875
JFOK00PMDK2239045888,JFOK,PMDK22390458
VUGH00EJRQ9324206539,VUGH,EJRQ93242065
NSPS00CUJA1891020683,NSPS,CUJA18910206
AVZC00JOFD5513351304,AVZC,JOFD55133513
QHYZ00RRVG3389145602,QHYZ,RRVG33891456
AIYG00HADC7993813068,AIYG,HADC79938130
DRZU00ARVD5155201643,DRZU,ARVD51552016
LORF00HACS5600531276,LORF,HACS56005312
HJIJ00GGFK5823858965,HJIJ,GGFK58238589
YWZL00YCFS7283411298,YWZL,YCFS72834112
ZCYV00EJEL0925102997,ZCYV,EJEL09251029
OIKV00MJUW5241231154,OIKV,MJUW52412311
EXID00HXYE2566360147,EXID,HXYE25663601
IUCW00YEFT3999362392,IUCW,YEFT39993623
DVMV00PLRQ0191599772,DVMV,PLRQ01915997
EWKE00MWIU2261505251,EWKE,MWIU22615052
TGJB00FIUA0255604725,TGJB,FIUA02556047
IHUF00EBDO0965460042,IHUF,EBDO09654600
XICD00VJVE0636717741,XICD,VJVE06367177
MMQQ00XPBR0576428188,MMQQ,XPBR05764281
KVPS00WLKM1267803850,KVPS,WLKM12678038
UBVB00VMVV8813580843,UBVB,VMVV88135808
DOPY00HHST5221711666,DOPY,HHST52217116
GZYL00CIKP9161133652,GZYL,CIKP91611336
YVNM00LKPA2326504784,YVNM,LKPA23265047
OFEI00GPMI6772663410,OFEI,GPMI67726634
QTGS00EFVT3435599186,QTGS,EFVT34355991
BALV00CRSX9357664835,BALV,CRSX93576648
KPFO00YTKK0066583843,KPFO,YTKK00665838
LIDB00UYZJ9621755179,LIDB,UYZJ96217551
JXIY00EBUM6545603132,JXIY,EBUM65456031
ACDJ00BEPS0874876579,ACDJ,BEPS08748765
ABKZ00DONI9310025123,ABKZ,DONI93100251
WOSJ00JNXC2849693056,WOSJ,JNXC28496930
OQJR00CLLI7926897517,OQJR,CLLI79268975
UJXJ00PYWT6686231265,UJXJ,PYWT66862312
EJEM00EDNU5164314010,EJEM,EDNU51643140
NXYJ00ZVCC7950717862,NXYJ,ZVCC79507178
DRUQ00OWVB3004508004,DRUQ,OWVB30045080
CTHA00IZKT0954412707,CTHA,IZKT09544127
IBID00CEYJ5469576625,IBID,CEYJ54695766
AYCP00ETHJ4810122860,AYCP,ETHJ48101228
FMLB00LWSY7691949068,FMLB,LWSY76919490
HLLF00FJGX5306620298,HLLF,FJGX53066202
MXJL00YPEE4922424767,MXJL,YPEE49224247
GHXP00ERHZ8957579973,GHXP,ERHZ89575799
WJQZ00XGFC3516858619,WJQZ,XGFC35168586
PKGV00TPIX2152649507,PKGV,TPIX21526495
EVHP00CIXE2117781579,EVHP,CIXE21177815
VKWC00OKQJ6463270156,VKWC,OKQJ64632701
QWCE00CKUV4051269370,QWCE,CKUV40512693
BTGI00QZXA2331506414,BTGI,QZXA23315064
CDVN00KBBU5734630029,CDVN,KBBU57346300
JKVU00KKJV1126390941,JKVU,KKJV11263909
WGVV00QSCT8407240778,WGVV,QSCT84072407
TRBE00UVDI2457659763,TRBE,UVDI24576597
ILZX00BHIZ5428950212,ILZX,BHIZ54289502
ICOI00YMAU9285042554,ICOI,YMAU92850425
LSZA00RGFD9159307625,LSZA,RGFD91593076
ROAT00ZLTP9503522232,ROAT,ZLTP95035222
YOOI00EDPS5001731743,YOOI,EDPS50017317
SQKE00NFVF6134812512,SQKE,NFVF61348125
MRYE00TTES6196022543,MRYE,TTES61960225
BAMA00UCNE9745210624,BAMA,UCNE97452106
TMHG00HAXK6919043743,TMHG,HAXK69190437
YOXG00CNRP9420416537,YOXG,CNRP94204165
NLDF00GOIG8813640586,NLDF,GOIG88136405
JCAH00JZNY4488578096,JCAH,JZNY44885780
PHFK00IIOT8105422587,PHFK,IIOT81054225
JLAN00CYJY4216116407,JLAN,CYJY42161164
UEMT00BOFR5575428428,UEMT,BOFR55754284
FTHG00FWJN8056866355,FTHG,FWJN80568663
JIEG00PVRT9061795861,JIEG,PVRT90617958
JQWV00LRCX0435063646,JQWV,LRCX04350636
XBMG00AZJT2528983349,XBMG,AZJT25289833
CVKO00ULZL1792628452,CVKO,ULZL17926284
MEDX00ZIHM5763203967,MEDX,ZIHM57632039
NZTW00VBWL6396282637,NZTW,VBWL63962826
RUMW00LDPL7106229643,RUMW,LDPL71062296
GHOQ00VBQY0122889649,GHOQ,VBQY01228896
QYEI00MCTX5570863941,QYEI,MCTX55708639
EYFX00RYUX7980953446,EYFX,RYUX79809534
RUCD00MWZG1561529924,RUCD,MWZG15615299
SRPI00WSPI2353989158,SRPI,WSPI23539891
VTMZ00QEDT1045637113,VTMZ,QEDT10456371
KWQA00QGAH8418464183,KWQA,QGAH84184641
ACPA00MREU4263209595,ACPA,MREU42632095
OSVM00DDQE0879215591,OSVM,DDQE08792155
PCPA00YROY8202142271,PCPA,YROY82021422
EHNC00SKJS0571061569,EHNC,SKJS05710615
MSVL00GWHX2726774895,MSVL,GWHX27267748
UKFJ00RWZC9909263527,UKFJ,RWZC99092635
RTYT00TVSO2152451470,RTYT,TVSO21524514
KWLG00TVTO0418860247,KWLG,TVTO04188602
JLIN00KUXE8131824910,JLIN,KUXE81318249
BZPT00DQPH5667449572,BZPT,DQPH56674495
ICSP00PCEZ6163455807,ICSP,PCEZ61634558
FERO00VQVN1921289258,FERO,VQVN19212892
PKKA00CCOJ7522016095,PKKA,CCOJ75220160
OPEG00ZFRX8405182328,OPEG,ZFRX84051823
KEOP00VOMJ2479587616,KEOP,VOMJ24795876
NGZH00RDGI2866593351,NGZH,RDGI28665933
BZXE00AGFG5778746622,BZXE,AGFG57787466
YHEW00NRTU1096876946,YHEW,NRTU10968769
CRLF00IGXO9707697747,CRLF,IGXO97076977
STBR00SBGE5845004103,STBR,SBGE58450041
ZKZA00WTSQ2261016839,ZKZA,WTSQ22610168
UOXM00LZRQ5781881348,UOXM,LZRQ57818813
OFXJ00OQZA7424779475,OFXJ,OQZA74247794
WGQB00TDTX6150268139,WGQB,TDTX61502681
NAWG00FYWN8282162190,NAWG,FYWN82821621
KKUN00CWCC2429324523,KKUN,CWCC24293245
EXWW00SQDY3317137684,EXWW,SQDY33171376
HSDV00OOWX3650455769,HSDV,OOWX36504557
GRVV00IWJQ8913118519,GRVV,IWJQ89131185
UUOT00FGME3462191558,UUOT,FGME34621915
TIIU00MHTS3589469787,TIIU,MHTS35894697
SPIY00FTKU0547212561,SPIY,FTKU05472125
TOSF00PWGE9473894057,TOSF,PWGE94738940
XQPJ00UPLJ8151480007,XQPJ,UPLJ81514800
QRQY00JARJ8325381224,QRQY,JARJ83253812
HYJA00GFZQ2374503281,HYJA,GFZQ23745032
CUEA00BALO6366987598,CUEA,BALO63669875
YZCV00CSLM5835200846,YZCV,CSLM58352008
ZPBN00YIXY7631018576,ZPBN,YIXY76310185
UAIR00BNAJ9278756973,UAIR,BNAJ92787569
NSJR00IXAE5207461590,NSJR,IXAE52074615
CXZE00QWJE6194692486,CXZE,QWJE61946924
ZYOT00VQVO9161725990,ZYOT,VQVO91617259
SGFN00CVPO9253876232,SGFN,CVPO92538762
NSML00TEGA1333779978,NSML,TEGA13337799
FJAC00NYWZ2665068352,FJAC,NYWZ26650683
NPJA00DHKD8347889009,NPJA,DHKD83478890
HNGS00ZMRI4344492667,HNGS,ZMRI43444926
QUYD00IKLK7673313389,QUYD,IKLK76733133
FHXJ00ISEP5364977134,FHXJ,ISEP53649771
QDCE00TDRQ0828972120,QDCE,TDRQ08289721
HCWC00KRXL6279792888,HCWC,KRXL62797928
KKHL00FZZD9513724464,KKHL,FZZD95137244
JPES00EVYP0021928003,JPES,EVYP00219280
JFIJ00CCWV8138137333,JFIJ,CCWV81381373
VPED00URNH3342167302,VPED,URNH33421673
KCMV00TIZU9529669336,KCMV,TIZU95296693
JSTV00KHYI7704696982,JSTV,KHYI77046969
OJAH00LMCW5549356176,OJAH,LMCW55493561
DIFP00HXNL3691240512,DIFP,HXNL36912405
SIFS00XDAX9253147305,SIFS,XDAX92531473
EOXD00WGJU0897179049,EOXD,WGJU08971790
QHFT00RRXB8583844890,QHFT,RRXB85838448
RQGB00MVET4115291252,RQGB,MVET41152912
HPVP00CCVT9258352558,HPVP,CCVT92583525
WAWL00VWNF2632862393,WAWL,VWNF26328623
WATP00BPZS0232974589,WATP,BPZS02329745
TNHN00CUST0958564682,TNHN,CUST09585646
MARB00ZOXQ8489890214,MARB,ZOXQ84898902
DVNT00YLCC7760780334,DVNT,YLCC77607803
YJSL00HJZG6953990728,YJSL,HJZG69539907
AVKB00PPXQ8637826781,AVKB,PPXQ86378267
GONF00ZOVQ6184279962,GONF,ZOVQ61842799
AUSX00LLNA7094661651,AUSX,LLNA70946616
FFUT00ASJN1450601628,FFUT,ASJN14506016
SEYN00TPIL4936969917,SEYN,TPIL49369699
WMVG00SAFJ5430916515,WMVG,SAFJ54309165
MSGP00ONBJ3081355371,MSGP,ONBJ30813553
XWPN00HYVN6245637448,XWPN,HYVN62456374
GCJV00QWXE8570027717,GCJV,QWXE85700277
JWGT00KEJE9281262829,JWGT,KEJE92812628
TIAZ00EWQL2251620693,TIAZ,EWQL22516206
EWHH00BNOJ7223219174,EWHH,BNOJ72232191
ECLS00OIGO8070872024,ECLS,OIGO80708720
MHFE00SKQN0859347113,MHFE,SKQN08593471
ZRCC00TGZM5560371487,ZRCC,TGZM55603714
WYOR00JVCD5733085396,WYOR,JVCD57330853
XMCR00MGTI5741013695,XMCR,MGTI57410136
XHYR00CZEW6610726934,XHYR,CZEW66107269
AYIT00EWEI9354613004,AYIT,EWEI93546130
OXKM00UWVQ8115430246,OXKM,UWVQ81154302
GYEK00STQN7764212922,GYEK,STQN77642129
SETJ00NJPD1737802135,SETJ,NJPD17378021
UYDS00DOHK7712353544,UYDS,DOHK77123535
DAUX00HTCK2368938128,DAUX,HTCK23689381
EMGO00SBFZ2364478307,EMGO,SBFZ23644783
FKHM00DOCH5286079565,FKHM,DOCH52860795
RRLY00UFKC1640967407,RRLY,UFKC16409674
QACU00AZRJ3246743092,QACU,AZRJ32467430
IQLO00GWKU6438729681,IQLO,GWKU64387296
PFFV00NWWT8313231148,PFFV,NWWT83132311
QTLT00XBEM9600337506,QTLT,XBEM96003375
VUCU00YFCA3741687707,VUCU,YFCA37416877
AQGD00ERBZ0043349664,AQGD,ERBZ00433496
PCDB00EVNX1079939286,PCDB,EVNX10799392
BBOT00DTDO4383623806,BBOT,DTDO43836238
EHRE00LBDD6139132056,EHRE,LBDD61391320
AHNB00DMYS5536969080,AHNB,DMYS55369690
ECSL00QAZA5333381270,ECSL,QAZA53333812
LTXK00ZHWF2574362694,LTXK,ZHWF25743626
HJXK00UBVQ7656754270,HJXK,UBVQ76567542
BBUG00LEQK8226274018,BBUG,LEQK82262740
RARV00HFML8296015438,RARV,HFML82960154
GVSV00LHFD6456003040,GVSV,LHFD64560030
FMIA00PTLC8543513749,FMIA,PTLC85435137
GDOU00PMUW0011090054,GDOU,PMUW00110900
PSJD00WYXK3099880948,PSJD,WYXK30998809
OFAG00UZJM4904557933,OFAG,UZJM49045579
VDAV00RAWN7085119038,VDAV,RAWN70851190
WCWG00VGUC5534668208,WCWG,VGUC55346682
ZCWP00MXWG3860367570,ZCWP,MXWG38603675
NKJD00NOWX9615583959,NKJD,NOWX96155839
ZRXE00FNFJ5116796116,ZRXE,FNFJ51167961
SMNC00VXKS0651751225,SMNC,VXKS06517512
PUTZ00UFUK9344909876,PUTZ,UFUK93449098
GMVB00UZJT4917069183,GMVB,UZJT49170691
TXSX00IIHK7261295449,TXSX,IIHK72612954
OXOR00RUAC0914827317,OXOR,RUAC09148273
YPMV00FATE5176348909,YPMV,FATE51763489
RYYZ00RFDC0049836929,RYYZ,RFDC00498369
WLGS00UYPL9567720043,WLGS,UYPL95677200
KIKE00LSXA7152003731,KIKE,LSXA71520037
TQWE00WOKC3865130668,TQWE,WOKC38651306
JUHS00FPQH8518998718,JUHS,FPQH85189987
TEVC00ACAC5737318241,TEVC,ACAC57373182
XWWV00OLGL3779083089,XWWV,OLGL37790830
CIMX00SVOR7007449159,CIMX,SVOR70074491
NVGQ00ZOJJ4716402106,NVGQ,ZOJJ47164021
SRFV00MZVG1724991618,SRFV,MZVG17249916
QXUV00WYWF3606458450,QXUV,WYWF36064584
RIHR00YMZV9541279997,RIHR,YMZV95412799
FUZN00BUDQ6716827898,FUZN,BUDQ67168278
UIZE00TLMS7361689235,UIZE,TLMS73616892
ASZA00FLTV8724693319,ASZA,FLTV87246933
QLRK00DKND3229298275,QLRK,DKND32292982
VZVP00LEGQ6216708057,VZVP,LEGQ62167080
MPLG00VBQG0304168903,MPLG,VBQG03041689
IRZU00DBKD2098270592,IRZU,DBKD20982705
YTNJ00HOMZ8895183094,YTNJ,HOMZ88951830
DADX00KLBK7204332096,DADX,KLBK72043320
LHKD00TALD5962946167,LHKD,TALD59629461
AVXQ00USUN6301935597,AVXQ,USUN63019355
YWZC00MXVS6905093423,YWZC,MXVS69050934
GXNF00NJYA9535006929,GXNF,NJYA95350069
IFTI00HNCS8272379208,IFTI,HNCS82723792
KFCN00HZTF3355041539,KFCN,HZTF33550415
SLTQ00AICM2393919867,SLTQ,AICM23939198
YAZG00YSIT9605351609,YAZG,YSIT96053516
GSCL00TLBK1650611322,GSCL,TLBK16506113
TCJO00XAOY2442306876,TCJO,XAOY24423068
YNME00HAXW8605702323,YNME,HAXW86057023
DVTY00TFAW6434612930,DVTY,TFAW64346129
ZIIA00WABP8883569966,ZIIA,WABP88835699
NQDG00TRMO6437433170,NQDG,TRMO64374331
AXIQ00DQZI4009409877,AXIQ,DQZI40094098
JTXU00JCNE5562461877,JTXU,JCNE55624618
JZAW00DLQF8783200082,JZAW,DLQF87832000
BIOL00WOGR7148819406,BIOL,WOGR71488194
EGSU00SLZI1975734108,EGSU,SLZI19757341
SQFG00WIYS2498581396,SQFG,WIYS24985813
XMPC00QUEA0224874780,XMPC,QUEA02248747
SVCY00ZWRI1562284478,SVCY,ZWRI15622844
OKKH00KESO9286517318,OKKH,KESO92865173
SNAA00IWST5932772016,SNAA,IWST59327720
WDHW00RGEK6130573625,WDHW,RGEK61305736
UWQY00KHRN5505990512,UWQY,KHRN55059905
KNPW00BHYU7753635957,KNPW,BHYU77536359
UYQU00VVRN6122433251,UYQU,VVRN61224332
PXVB00FIYV0607471388,PXVB,FIYV06074713
YBTK00RKOA8955075454,YBTK,RKOA89550754
ZWBP00ICRY6002870441,ZWBP,ICRY60028704
APEL00LZHJ1756057946,APEL,LZHJ17560579
IHEY00WCHB5612158448,IHEY,WCHB56121584
SOVT00XPLL6298598049,SOVT,XPLL62985980
TTWM00NSPS9739291158,TTWM,NSPS97392911
BHTS00JVFX7854769516,BHTS,JVFX78547695
MPHK00XSQY0410367060,MPHK,XSQY04103670
IZYM00PHVD6169071190,IZYM,PHVD61690711
XUVJ00RNBU9370471632,XUVJ,RNBU93704716
LKSE00BAKF2279972167,LKSE,BAKF22799721
NYPH00LFSW2408021112,NYPH,LFSW24080211
KBGJ00NKEW7062018524,KBGJ,NKEW70620185
KQOU00ZXIX5592411364,KQOU,ZXIX55924113
HJUT00EOIJ3835566957,HJUT,EOIJ38355669
WQCR00ETVX7864796649,WQCR,ETVX78647966
IXHD00PEMP7285782712,IXHD,PEMP72857827
YEIC00ZKPB9917636757,YEIC,ZKPB99176367
XOKV00DRXW5245612966,XOKV,DRXW52456129
MLLV00HKZM2930624339,MLLV,HKZM29306243
ZELI00NTMC3231348302,ZELI,NTMC32313483
TTDJ00TBPS9848323873,TTDJ,TBPS98483238
FDWY00DDJS1572816198,FDWY,DDJS15728161
JWCC00MRYH3063951818,JWCC,MRYH30639518
JCCV00BNYW7734546516,JCCV,BNYW77345465
TFSI00PLEL7782444452,TFSI,PLEL77824444
ZGEH00CCWE7156661092,ZGEH,CCWE71566610
ULPU00TCNG3259364331,ULPU,TCNG32593643
CJOO00IXOZ2002586112,CJOO,IXOZ20025861
NRML00DFSY0227516138,NRML,DFSY02275161
ECUQ00RQUL9887736266,ECUQ,RQUL98877362
QATM00HCGE2734743232,QATM,HCGE27347432
UIGR00FKRW6437502821,UIGR,FKRW64375028
XPGI00VWZJ3810301574,XPGI,VWZJ38103015
STCW00QFBN2690185910,STCW,QFBN26901859
JDMX00PEHE8434223033,JDMX,PEHE84342230
AWSK00KASA5319031770,AWSK,KASA53190317
VSRA00LIHZ6925357318,VSRA,LIHZ69253573
JZPO00MRWM0416561451,JZPO,MRWM04165614
SKJB00TAEF4699707291,SKJB,TAEF46997072
UWVF00HAIO8372565444,UWVF,HAIO83725654
USCM00DIOW3376271380,USCM,DIOW33762713
PNYW00DUFY6525604460,PNYW,DUFY65256044
VWXJ00PROG7588695029,VWXJ,PROG75886950
YLOC00WNJF6803991794,YLOC,WNJF68039917
KDGK00HPIX5092195121,KDGK,HPIX50921951
GFCJ00OZQW1054121298,GFCJ,OZQW10541212
EDPP00JSYP5164560779,EDPP,JSYP51645607
POGU00YRPA0920206732,POGU,YRPA09202067
HYFM00LRMS2634811893,HYFM,LRMS26348118
XJZP00DRSE2652634689,XJZP,DRSE26526346
TRSG00FUIK7613055694,TRSG,FUIK76130556
JVHE00VFFS0881453372,JVHE,VFFS08814533
FXQV00YMQT2053616766,FXQV,YMQT20536167
OJPS00AOHI1574459358,OJPS,AOHI15744593
COZU00MGAH1769032114,COZU,MGAH17690321
WRHP00TKDO0116762433,WRHP,TKDO01167624
JLDL00QGPY8375804997,JLDL,QGPY83758049
TPEY00TMML5715265192,TPEY,TMML57152651
FUYR00DERN0895529942,FUYR,DERN08955299
TKHH00VKDR4495794026,TKHH,VKDR44957940
KHCG00YBXT4551991550,KHCG,YBXT45519915
JAKA00MLRB6832051587,JAKA,MLRB68320515
RQRV00VLIG4033525134,RQRV,VLIG40335251
LGAW00WZNR9894511209,LGAW,WZNR98945112
RDQT00DVBC4347074674,RDQT,DVBC43470746
HXUR00MVZK7761462068,HXUR,MVZK77614620
FKMV00BFXK8495526305,FKMV,BFXK84955263
XZNO00AMPY5469489524,XZNO,AMPY54694895
VNIJ00WXJX6341097428,VNIJ,WXJX63410974
MIAD00MOBA1781029203,MIAD,MOBA17810292
INWW00ISIV3355227517,INWW,ISIV33552275
SYGQ00RUFO2257430325,SYGQ,RUFO22574303
EVVP00ZTTH6823789951,EVVP,ZTTH68237899
PPTW00KAUC0257123464,PPTW,KAUC02571234
UMVH00ZZAR9904769458,UMVH,ZZAR99047694
EUSY00JFBH2777061688,EUSY,JFBH27770616
YMJS00FZKY1939975650,YMJS,FZKY19399756
WNDE00RUUZ0593630719,WNDE,RUUZ05936307
TGPH00TJJS7065869482,TGPH,TJJS70658694
LKAX00KRGS1912814343,LKAX,KRGS19128143
RGIO00JWFE9156641490,RGIO,JWFE91566414
DJEW00AXVY9526534696,DJEW,AXVY95265346
TNIF00TKGS7710609460,TNIF,TKGS77106094
CPZL00HFDG8688451910,CPZL,HFDG86884519
WYHD00YOXA3881398005,WYHD,YOXA38813980
CFJS00LKDN8209820907,CFJS,LKDN82098209
JEEP00MFVS7928140703,JEEP,MFVS79281407
TURS00QNXC2001101683,TURS,QNXC20011016
PXSH00GLSM5080544386,PXSH,GLSM50805443
JNBT00VCEK5772941983,JNBT,VCEK57729419
XDVS00IXBL0185573080,XDVS,IXBL01855730
ZCSX00OWML9479864584,ZCSX,OWML94798645
BPMO00QHFN0975933410,BPMO,QHFN09759334
CZKP00FAKI3419173146,CZKP,FAKI34191731
CCBQ00ZTLS9187224274,CCBQ,ZTLS91872242
LBQV00YGNE2515357572,LBQV,YGNE25153575
HMTW00EGAO1021747952,HMTW,EGAO10217479
AYGN00ILRE3498407153,AYGN,ILRE34984071
OJDF00FIEH4112321478,OJDF,FIEH41123214
WAYX00VABW1350687882,WAYX,VABW13506878
GCNS00RTAF9758734061,GCNS,RTAF97587340
MFTL00CAIA6449065335,MFTL,CAIA64490653
YNYG00QXCO8836504118,YNYG,QXCO88365041
ILAN00OUOO2488683013,ILAN,OUOO24886830
HBOI00AYGU3356610889,HBOI,AYGU33566108
EVAP00PEUH0453983037,EVAP,PEUH04539830
JJMB00XHUI5378999526,JJMB,XHUI53789995
RYLI00FTIN2028186949,RYLI,FTIN20281869
EOKC00IQSX5284320796,EOKC,IQSX52843207
WGHL00OIOL6287718584,WGHL,OIOL62877185
PVDI00WJMT4706782830,PVDI,WJMT47067828
YVKA00IXEF8100559935,YVKA,IXEF81005599
MEDP00JHBX4668517677,MEDP,JHBX46685176
LKAI00QYSU9514108417,LKAI,QYSU95141084
VFWH00GYNI5663516080,VFWH,GYNI56635160
WXHD00ZALQ9860225309,WXHD,ZALQ98602253
CSMC00CJDI1203605098,CSMC,CJDI12036050
DCAL00KNPQ8681782641,DCAL,KNPQ86817826
SXEF00RFSK5764443120,SXEF,RFSK57644431
RFXQ00EEUF1473290909,RFXQ,EEUF14732909
XBLG00JEVD6949762120,XBLG,JEVD69497621
NFHB00DYWS5848385389,NFHB,DYWS58483853
WUYP00XEYL1327625724,WUYP,XEYL13276257
JVKZ00QTQB8490559773,JVKZ,QTQB84905597
USKF00OQMB6997583384,USKF,OQMB69975833
ZTAE00LXGK8197590133,ZTAE,LXGK81975901
ZZEQ00JZOA4750275551,ZZEQ,JZOA47502755
PFKH00SAPI2994396803,PFKH,SAPI29943968
GEYB00WZQC9589097668,GEYB,WZQC95890976
WPAZ00MDYL2607171940,WPAZ,MDYL26071719
UVUN00ENBW4011867141,UVUN,ENBW40118671
IVFY00PZOF8885522504,IVFY,PZOF88855225
LYBU00GGOL8425026437,LYBU,GGOL84250264
KDRD00DJCR0196356839,KDRD,DJCR01963568
GQDH00UJME7536407306,GQDH,UJME75364073
SKXQ00KHWJ2751520756,SKXQ,KHWJ27515207
WQUO00PWJS9943087673,WQUO,PWJS99430876
LQJA00ZGFW8954102957,LQJA,ZGFW89541029
PUDD00EBGU9998825507,PUDD,EBGU99988255
SPGJ00FAVS3570245354,SPGJ,FAVS35702453
AJMT00NEWZ6641988680,AJMT,NEWZ66419886
RPLI00SZSB0560312069,RPLI,SZSB05603120
WGQY00EWDI0967363433,WGQY,EWDI09673634
XPFD00SFLG3999746838,XPFD,SFLG39997468
BSAT00VBFW2652689334,BSAT,VBFW26526893
WDQC00QGOS2802725966,WDQC,QGOS28027259
EHTN00CQUI1941174396,EHTN,CQUI19411743
CSUR00VRTN9636547095,CSUR,VRTN96365470
ULFA00WYLT8426280321,ULFA,WYLT84262803
NLUY00CPGY8341220833,NLUY,CPGY83412208
EUXH00MEQG5278760840,EUXH,MEQG52787608
PMHG00IYLL4114686948,PMHG,IYLL41146869
VYYE00HSCR0917392198,VYYE,HSCR09173921
JTSE00SRVA7932899695,JTSE,SRVA79328996
UYJK00YECF1317949577,UYJK,YECF13179495
GWDV00ZUWX6545772386,GWDV,ZUWX65457723
IPFN00LQZR0287609117,IPFN,LQZR02876091
SHCB00UMXA0435788145,SHCB,UMXA04357881
SPYR00YZID5887355825,SPYR,YZID58873558
TSKI00GJXC3966066035,TSKI,GJXC39660660
FOXB00JNVV6377683412,FOXB,JNVV63776834
UMNF00ATXK9653047717,UMNF,ATXK96530477
YBAE00PWQB3541231002,YBAE,PWQB35412310
ARFM00VHVX7607801351,ARFM,VHVX76078013
HHWC00BHBJ3010955812,HHWC,BHBJ30109558
LRUY00JEGF6423644724,LRUY,JEGF64236447
MXMI00AXNR4984949245,MXMI,AXNR49849492
RZTK00AVNT8497787428,RZTK,AVNT84977874
EINK00UQJX9387100969,EINK,UQJX93871009
NWYZ00MUZI6317495465,NWYZ,MUZI63174954
HMAI00USEH6354509495,HMAI,USEH63545094
TNEQ00XVJK3258277225,TNEQ,XVJK32582772
FIDP00ZHID3236612253,FIDP,ZHID32366122
MNML00UIOO2914008546,MNML,UIOO29140085
ZOTT00ISIU2567772916,ZOTT,ISIU25677729
ILHA00LKNR6258869833,ILHA,LKNR62588698
MOZF00GREF1259426111,MOZF,GREF12594261
EZOA00UOYW5766377312,EZOA,UOYW57663773
EPFJ00LAJP5140239688,EPFJ,LAJP51402396
SYZE00XSBA1016576597,SYZE,XSBA10165765
TKLY00ZREJ2225341247,TKLY,ZREJ22253412
PALG00KHUN5517587628,PALG,KHUN55175876
CKZB00XRET8448078880,CKZB,XRET84480788
AGJN00XEYV0059241519,AGJN,XEYV00592415
GWCE00XHPK3575053064,GWCE,XHPK35750530
AZNF00EVLP7247299244,AZNF,EVLP72472992
DUGB00NEFD2307686222,DUGB,NEFD23076862
WKEC00LZHY6424695691,WKEC,LZHY64246956
RKCE00EYYS8300298254,RKCE,EYYS83002982
YHPG00EODN3653088883,YHPG,EODN36530888
GNTF00LAXW4986554882,GNTF,LAXW49865548
JXUQ00CUIA6082113665,JXUQ,CUIA60821136
JCHH00PRVH8923378054,JCHH,PRVH89233780
ZCOH00UHQY7248470066,ZCOH,UHQY72484700
KUJM00CWKK7270302426,KUJM,CWKK72703024
QTXR00YAJV3454358743,QTXR,YAJV34543587
DRKC00JDFA6317431109,DRKC,JDFA63174311
NUMJ00TDMX9174146204,NUMJ,TDMX91741462
BQQY00EFLJ6658521693,BQQY,EFLJ66585216
IBLG00ABWM1565364397,IBLG,ABWM15653643
UZTZ00PWRK7201711171,UZTZ,PWRK72017111
RUOM00IASS2829925908,RUOM,IASS28299259
QLBO00PGAV4155140503,QLBO,PGAV41551405
MELZ00ZMBX9849924623,MELZ,ZMBX98499246
BCCP00OPDU8246180146,BCCP,OPDU82461801
ZJCD00VWNY8851850423,ZJCD,VWNY88518504
KKEG00QYAS0094316981,KKEG,QYAS00943169
KUIH00JDGZ3341632813,KUIH,JDGZ33416328
ZXUE00HLGM8472166370,ZXUE,HLGM84721663
IZYX00QXDN4891825394,IZYX,QXDN48918253
VWRY00GFTT5100521104,VWRY,GFTT51005211
RHKA00LVJP4694410329,RHKA,LVJP46944103
DHPC00FARF4334332450,DHPC,FARF43343324
NKVA00OFPP0627371423,NKVA,OFPP06273714
SXNU00QTDY6055401414,SXNU,QTDY60554014
JVOL00GAYN0295050055,JVOL,GAYN02950500
IXTY00XMRZ3784997809,IXTY,XMRZ37849978
EJSV00GQXP4367490982,EJSV,GQXP43674909
UEUS00CGJB3633744745,UEUS,CGJB36337447
VRCN00JJGJ4727712823,VRCN,JJGJ47277128
TKDR00GLGX9946363315,TKDR,GLGX99463633
RCHY00FJHB8459488422,RCHY,FJHB84594884
CMTR00WMDD1774600123,CMTR,WMDD17746001
CIWC00ADBX9983425963,CIWC,ADBX99834259
JSWC00XKGN0269857213,JSWC,XKGN02698572
ZIII00PVDV6738348513,ZIII,PVDV67383485
YIPM00SHYD4538073991,YIPM,SHYD45380739
CKVY00QYMT1756881261,CKVY,QYMT17568812
ICDX00ORSS8958197750,ICDX,ORSS89581977
WHAL00AGUV8397481963,WHAL,AGUV83974819
IBCP00MVVC3942607273,IBCP,MVVC39426072
GRYD00NNQA6251891409,GRYD,NNQA62518914
PHTB00BIRH1592083965,PHTB,BIRH15920839
NJSE00MHAI3249197323,NJSE,MHAI32491973
TGSD00LBUN0559284332,TGSD,LBUN05592843
FCVV00NYQK0524248803,FCVV,NYQK05242488
QORR00DOQI6777717370,QORR,DOQI67777173
SEUY00QMGL2992498638,SEUY,QMGL29924986
WZFG00GMVP4932090708,WZFG,GMVP49320907
TKYF00MDDS6768293555,TKYF,MDDS67682935
QAPJ00TIYH2765854774,QAPJ,TIYH27658547
PSTA00XSJC9099331683,PSTA,XSJC90993316
VHQY00MVXX1144612609,VHQY,MVXX11446126
EZAV00UFNK6806322019,EZAV,UFNK68063220
TGKN00SUEC8188540698,TGKN,SUEC81885406
URPT00NBLV0021206342,URPT,NBLV00212063
ZWGV00LGAM4629476145,ZWGV,LGAM46294761
ONMN00IRQR4645387063,ONMN,IRQR46453870
PMUA00IXFW4535706936,PMUA,IXFW45357069
ZNNM00HWXZ5594261262,ZNNM,HWXZ55942612
LQHD00WXUB4625947705,LQHD,WXUB46259477
LZEB00OUYZ4390146902,LZEB,OUYZ43901469
QUPU00JRZG8556835742,QUPU,JRZG85568357
ZLFM00CYZW1676984375,ZLFM,CYZW16769843
ECIP00OJLS2303192261,ECIP,OJLS23031922
QUIR00UGUJ2487391134,QUIR,UGUJ24873911
WNIU00PUVS4813896725,WNIU,PUVS48138967
GUGF00GNPT3064508677,GUGF,GNPT30645086
ZNJY00ZRIP8033437910,ZNJY,ZRIP80334379
VBBN00TKCV8937256519,VBBN,TKCV89372565
PCWB00GKJF0343986511,PCWB,GKJF03439865
SHRD00AYPM1431488287,SHRD,AYPM14314882
OUZW00NPNZ2193595553,OUZW,NPNZ21935955
KSLT00LPEN5373788924,KSLT,LPEN53737889
NNSJ00CDDS9713239214,NNSJ,CDDS97132392
NTOQ00OVGN8967602794,NTOQ,OVGN89676027
DZDC00PRLM7807635220,DZDC,PRLM78076352
JMTK00AJXJ3416383264,JMTK,AJXJ34163832
LJSE00CYIN3369453179,LJSE,CYIN33694531
KTEJ00OKTS7426494496,KTEJ,OKTS74264944
YXIB00TWEE1743308580,YXIB,TWEE17433085
FKIO00EPEQ3763897217,FKIO,EPEQ37638972
OKYJ00KONU6040564411,OKYJ,KONU60405644
IZWD00INQH9570889033,IZWD,INQH95708890
ZIEH00ENRN3042864727,ZIEH,ENRN30428647
JQKW00NKTO3229771936,JQKW,NKTO32297719
KTEH00ZMAJ8687804481,KTEH,ZMAJ86878044
YBFP00KRVV3878555649,YBFP,KRVV38785556
CFYU00YPLJ0696626978,CFYU,YPLJ06966269
CWNY00OUIU7799397787,CWNY,OUIU77993977
XQFK00AQCK9595886656,XQFK,AQCK95958866
CLHP00ZSZI9428186982,CLHP,ZSZI94281869
BBCS00LIED0937866692,BBCS,LIED09378666
LBDM00AADI0409233711,LBDM,AADI04092337
QEUN00VNHY4744467639,QEUN,VNHY47444676
WXKO00FYDZ7728196174,WXKO,FYDZ77281961
VJRJ00IXTW2349039155,VJRJ,IXTW23490391
QIBM00VOUU6028172946,QIBM,VOUU60281729
LUTA00CWKM7785884113,LUTA,CWKM77858841
QEZZ00UXLA8154935736,QEZZ,UXLA81549357
XTVY00DIQT5161390590,XTVY,DIQT51613905
YFWA00DGOD6401435342,YFWA,DGOD64014353
JZYS00HEXF0056138938,JZYS,HEXF00561389
GTGV00NICD0279904338,GTGV,NICD02799043
LUBH00NTRN4686888621,LUBH,NTRN46868886
NLLU00YKRL4395748636,NLLU,YKRL43957486
HWNK00COCY7208022345,HWNK,COCY72080223
HLBL00AQTY7254974833,HLBL,AQTY72549748
BOVI00CBCU6008326992,BOVI,CBCU60083269
QHAI00GZOB3964221817,QHAI,GZOB39642218
EIAY00BISG8279988780,EIAY,BISG82799887
VHFZ00RAEA1281774758,VHFZ,RAEA12817747
RTNV00ABKV1334522928,RTNV,ABKV13345229
OVOL00DZCR7419952350,OVOL,DZCR74199523
ZLAF00LGIF2347010516,ZLAF,LGIF23470105
GVTD00AZCV9843042826,GVTD,AZCV98430428
MDVQ00JCWC8417077138,MDVQ,JCWC84170771
ODSR00AHSK2304845279,ODSR,AHSK23048452
DANX00JLST5634189192,DANX,JLST56341891
JKEZ00IAUW4975008355,JKEZ,IAUW49750083
BDES00CUQF7416752669,BDES,CUQF74167526
GOTO00BPSZ2491393105,GOTO,BPSZ24913931
MCJU00IYOK6506934180,MCJU,IYOK65069341
SULZ00MSSU3780207386,SULZ,MSSU37802073
ITIM00VYFD0547313765,ITIM,VYFD05473137
AMUC00FOTO2552680350,AMUC,FOTO25526803
IUUB00MCFK0348119187,IUUB,MCFK03481191
KJDF00WUGO3594133829,KJDF,WUGO35941338
ETIY00UOIE6857461196,ETIY,UOIE68574611
SYRQ00SHRR6607669925,SYRQ,SHRR66076699
XATK00DRLX0193266064,XATK,DRLX01932660
JDPV00ZPEI6301317664,JDPV,ZPEI63013176
ENBT00WIFL8367480393,ENBT,WIFL83674803
IKMI00MNBT4361733004,IKMI,MNBT43617330
RZLF00VVFE4502144814,RZLF,VVFE45021448
PMEA00AWSB6073807679,PMEA,AWSB60738076
NOFY00KHDY0205361969,NOFY,KHDY02053619
IBAS00BUYW8000175782,IBAS,BUYW80001757
KQGB00BYDS1782946588,KQGB,BYDS17829465
TZME00WUTK1139314623,TZME,WUTK11393146
KXNZ00DQRL8006514034,KXNZ,DQRL80065140
OSSR00FQVK3449201008,OSSR,FQVK34492010
ZRUS00QOKK0200734904,ZRUS,QOKK02007349
BCTF00YTHK0441832964,BCTF,YTHK04418329
ENLY00IIJK0937343836,ENLY,IIJK09373438
GRNU00EPFF4188408163,GRNU,EPFF41884081
ANGI00HTRM4738652014,ANGI,HTRM47386520
SNMH00DJJV0997919187,SNMH,DJJV09979191
OVRL00RMKC3038592023,OVRL,RMKC30385920
ZCNA00AEDY4310877218,ZCNA,AEDY43108772
TZZP00HVOZ2559400871,TZZP,HVOZ25594008
UMID00RIBJ9626091493,UMID,RIBJ96260914
SQVH00VXGL7227053140,SQVH,VXGL72270531
OPCD00JKBQ4644690989,OPCD,JKBQ46446909
SJAQ00NVNV0712072933,SJAQ,NVNV07120729
VTXU00JMPB6559093051,VTXU,JMPB65590930
CIUS00RRJG9158567007,CIUS,RRJG91585670
VIAB00XERV8100574664,VIAB,XERV81005746
AFPO00WATV4459555424,AFPO,WATV44595554
YCUG00YUBB5236006431,YCUG,YUBB52360064
NCGX00UCNF8039811172,NCGX,UCNF80398111
XJRB00NIDU7711829717,XJRB,NIDU77118297
SKBU00CEIA6490682593,SKBU,CEIA64906825
PEAJ00EJAE3730724640,PEAJ,EJAE37307246
YLRV00SWNM9398803677,YLRV,SWNM93988036
TGCI00LHYG9344622498,TGCI,LHYG93446224
DGTP00TVLD1638843647,DGTP,TVLD16388436
NZPF00RDZF6640385928,NZPF,RDZF66403859
YLRE00JHNU5044197489,YLRE,JHNU50441974
BYIS00OAUO4439014017,BYIS,OAUO44390140
LJNE00XHZZ6224306965,LJNE,XHZZ62243069
WKMD00UDGQ1029169244,WKMD,UDGQ10291692
VCHA00TOIL5627647679,VCHA,TOIL56276476
NTOP00KOYI8010886884,NTOP,KOYI80108868
VGJZ00BFND4653274867,VGJZ,BFND46532748
WGCB00OIGL2179492031,WGCB,OIGL21794920
TRCH00UAQK6970773452,TRCH,UAQK69707734
QCET00TVWW3941726421,QCET,TVWW39417264
WKOX00AZFO6385308524,WKOX,AZFO63853085
XKIA00YUSM6686454553,XKIA,YUSM66864545
CCLI00NEEC9014059389,CCLI,NEEC90140593
VVHB00EXGL6762721722,VVHB,EXGL67627217
OLGQ00OPOB4023162347,OLGQ,OPOB40231623
ETHB00OHXH2910007976,ETHB,OHXH29100079
WLDL00PRNF9449501984,WLDL,PRNF94495019
FCTR00MRGV6124007353,FCTR,MRGV61240073
FETF00XDNU0253060819,FETF,XDNU02530608
OSDG00HEQA2411158908,OSDG,HEQA24111589
YRTL00IMLG1057318290,YRTL,IMLG10573182
FUWF00AUUG8843934566,FUWF,AUUG88439345
KTAG00EUKY6766022449,KTAG,EUKY67660224
TOBJ00SSSE4377128623,TOBJ,SSSE43771286
WUAE00HLRB4269095679,WUAE,HLRB42690956
OBHC00AYEJ9482704251,OBHC,AYEJ94827042
CNSS00BEJM9674034217,CNSS,BEJM96740342
TEMB00ZCDN6631220479,TEMB,ZCDN66312204
DPKB00OFDO1637769217,DPKB,OFDO16377692
FGVV00QURM1974061985,FGVV,QURM19740619
QRIA00AFXO4356966939,QRIA,AFXO43569669
ZAWB00PBTN4399064364,ZAWB,PBTN43990643
FYGI00NFWJ1311855865,FYGI,NFWJ13118558
KNTH00AZNC6234515933,KNTH,AZNC62345159
TUMN00NFOR0717933536,TUMN,NFOR07179335
PHGF00COBR4742882451,PHGF,COBR47428824
YFVV00HOKD3023882207,YFVV,HOKD30238822
MIGC00SBEE4120276635,MIGC,SBEE41202766
OJRL00SOQG4381566280,OJRL,SOQG43815662
CBHP00FEVI2026342529,CBHP,FEVI20263425
EHQN00TRSZ0188702634,EHQN,TRSZ01887026
SIWF00PMUY2303583836,SIWF,PMUY23035838
FZPF00TKBM8056575092,FZPF,TKBM80565750
UMWQ00XAZY6685506345,UMWQ,XAZY66855063
XCME00TUOX1719564591,XCME,TUOX17195645
GXRA00FBPF8165749238,GXRA,FBPF81657492
RHAD00EDMU1373381904,RHAD,EDMU13733819
REMS00LDUM7933098412,REMS,LDUM79330984
ZFOB00GVLL9981206702,ZFOB,GVLL99812067
NVBH00QCCI2403171373,NVBH,QCCI24031713
UODP00YXQQ3885443388,UODP,YXQQ38854433
RFSH00PWJR6001760916,RFSH,PWJR60017609
UFGE00CFDK5096549022,UFGE,CFDK50965490
DAMX00MJOK6627701996,DAMX,MJOK66277019
RIPC00BNMZ6690212644,RIPC,BNMZ66902126
SBTZ00IBSF3242213090,SBTZ,IBSF32422130
ZSST00SZWW5582678874,ZSST,SZWW55826788
MPHB00DUBE3921506741,MPHB,DUBE39215067
CXVR00PPTY8160423914,CXVR,PPTY81604239
BNYX00TBDB1151794132,BNYX,TBDB11517941
NEJB00FKZL6536001474,NEJB,FKZL65360014
ZRCX00SIPH9044073178,ZRCX,SIPH90440731
UVBV00GNXP4525331868,UVBV,GNXP45253318
DFCR00BTPC1883631653,DFCR,BTPC18836316
PDGD00IKSQ8661312851,PDGD,IKSQ86613128
JIPU00DCQL5497181005,JIPU,DCQL54971810
YDYG00JWIM6826661370,YDYG,JWIM68266613
XVIB00WMGD9114762071,XVIB,WMGD91147620
IODK00WZTH3469612321,IODK,WZTH34696123
WPRK00AXMP4118014337,WPRK,AXMP41180143
YCPW00JRYV3536636321,YCPW,JRYV35366363
FSUM00RSUQ8965411931,FSUM,RSUQ89654119
WYXK00EBMI2249375830,WYXK,EBMI22493758
NVDY00TJTK1385520237,NVDY,TJTK13855202
EWJD00ZIQB8154426924,EWJD,ZIQB81544269
FRPY00XCBR7970016868,FRPY,XCBR79700168
DDOF00FTJF8655159992,DDOF,FTJF86551599
KBXY00CMET2830608552,KBXY,CMET28306085
GOZE00PTIA8087678574,GOZE,PTIA80876785
VPYN00QYMY2590705584,VPYN,QYMY25907055
EVKM00XTGW7375361002,EVKM,XTGW73753610
YRCX00WOMK5341704963,YRCX,WOMK53417049
EADA00IKMV2791379621,EADA,IKMV27913796
MRQR00IGVF5583808616,MRQR,IGVF55838086
PWLB00CUOT6158281050,PWLB,CUOT61582810
JYZH00VDBE0326177552,JYZH,VDBE03261775
EEWW00IXOU6439447657,EEWW,IXOU64394476
WLXS00YGGR8259032467,WLXS,YGGR82590324
ZLKC00NJQP4951054337,ZLKC,NJQP49510543
ALPI00MYAA2315342154,ALPI,MYAA23153421
SOMI00IQEV1386292058,SOMI,IQEV13862920
QKHU00GYEI0003200240,QKHU,GYEI00032002
IXTH00EEBQ3414015984,IXTH,EEBQ34140159
PDCS00BCXO5555271876,PDCS,BCXO55552718
PURG00UPMM3991513968,PURG,UPMM39915139
UYHC00YEPP5850564974,UYHC,YEPP58505649
PYUI00MVGE1285818433,PYUI,MVGE12858184
LSFH00TNWY1888790423,LSFH,TNWY18887904
RDPJ00KZTE3252551490,RDPJ,KZTE32525514
TAHZ00TMHB1224212984,TAHZ,TMHB12242129
AMXM00BUWG0825423318,AMXM,BUWG08254233
SQJE00QKRP0301944843,SQJE,QKRP03019448
ROLZ00SYTY0365030252,ROLZ,SYTY03650302
KVGU00YUFY0957959479,KVGU,YUFY09579594
UVCW00EOUP5335567559,UVCW,EOUP53355675
IWBU00YVEB1139595252,IWBU,YVEB11395952
MJYL00DIMV3550018666,MJYL,DIMV35500186
ORRL00QWGJ0967425596,ORRL,QWGJ09674255
BBMT00MDIT3698132411,BBMT,MDIT36981324
PJYW00OSTV9741493034,PJYW,OSTV97414930
UQBW00EWWD1363041275,UQBW,EWWD13630412
BICD00FCKH6991220259,BICD,FCKH69912202
BSCB00SMWO2669313991,BSCB,SMWO26693139
PPAO00YQKG3185525951,PPAO,YQKG31855259
MLQT00GYOA4156584829,MLQT,GYOA41565848
GTZZ00JKBJ0486872369,GTZZ,JKBJ04868723
RPAT00VQYC3962878162,RPAT,VQYC39628781
ZLDS00MIDQ6370522960,ZLDS,MIDQ63705229
QPPC00DWNS0705253060,QPPC,DWNS07052530
YOIR00URVX1170940258,YOIR,URVX11709402
EYQB00JFVK2507043749,EYQB,JFVK25070437
MBMU00JGDL6029643775,MBMU,JGDL60296437
IFBU00IQHL2410514521,IFBU,IQHL24105145
TDSY00FOWP4876981526,TDSY,FOWP48769815
XPCO00YONG3453544854,XPCO,YONG34535448
NJRE00QYCU2345760306,NJRE,QYCU23457603
LJID00GNWF0326753649,LJID,GNWF03267536
ECIS00PRYP1888417695,ECIS,PRYP18884176
WJDW00AYNK2591975483,WJDW,AYNK25919754
QBES00OFYR4524649081,QBES,OFYR45246490
EZJB00CDUS2002523185,EZJB,CDUS20025231
ONWJ00AOMA5118263502,ONWJ,AOMA51182635
DZWF00HXBH0762721098,DZWF,HXBH07627210
ULNK00MYNH0838011821,ULNK,MYNH08380118
QAAY00DWVE8392505762,QAAY,DWVE83925057
BAXP00HKJN9713753556,BAXP,HKJN97137535
CXVB00WQOP0773648791,CXVB,WQOP07736487
HOXR00VQBZ8241891133,HOXR,VQBZ82418911
AHER00LQSY8237042460,AHER,LQSY82370424
FKKD00VIQJ8919125184,FKKD,VIQJ89191251
KALN00ZUWF5896254351,KALN,ZUWF58962543
NZFF00ZALA0170280952,NZFF,ZALA01702809
LYOI00OHHP4043207375,LYOI,OHHP40432073
VRDS00FKNC2602716258,VRDS,FKNC26027162
YIRK00QKKP3371631122,YIRK,QKKP33716311
SZYI00WCRR8674432592,SZYI,WCRR86744325
HRQJ00LJCJ0195893936,HRQJ,LJCJ01958939
AOSU00QIEM5224338004,AOSU,QIEM52243380
LNLG00JJID6153284792,LNLG,JJID61532847
FJAE00XIYI4261157995,FJAE,XIYI42611579
PNAL00DXBS9182238609,PNAL,DXBS91822386
JNCP00WNGL1003968854,JNCP,WNGL10039688
KPIC00IYAE9191051021,KPIC,IYAE91910510
FGQP00JREM6214391340,FGQP,JREM62143913
JSLX00IIUB8300754793,JSLX,IIUB83007547
BQWF00SBAZ4331274275,BQWF,SBAZ43312742
BTRI00RYQW2228516913,BTRI,RYQW22285169
YEUW00VUFQ5855201245,YEUW,VUFQ58552012
SFPE00NXGG0141251441,SFPE,NXGG01412514
NSOQ00PIUO0487402676,NSOQ,PIUO04874026
KWOA00WMJF3305964216,KWOA,WMJF33059642
XRTN00BFRE3945484369,XRTN,BFRE39454843
YCEX00SUPC9542920158,YCEX,SUPC95429201
ESTA00PCLR5482136476,ESTA,PCLR54821364
FMBY00ELAL9047696495,FMBY,ELAL90476964
RSSS00RAVY4834516139,RSSS,RAVY48345161
JBUX00ISXX1885791587,JBUX,ISXX18857915
PNAQ00NWDZ0634867961,PNAQ,NWDZ06348679
LIVT00UGNO1066948364,LIVT,UGNO10669483
UIBP00IUCL4160631686,UIBP,IUCL41606316
PFXA00GDDN0092594332,PFXA,GDDN00925943
UGNB00TCBH6792511378,UGNB,TCBH67925113
KSRV00UIAL2653769544,KSRV,UIAL26537695
KWVN00RRXB6007530003,KWVN,RRXB60075300
OKIF00HUWE7027552624,OKIF,HUWE70275526
WIHV00OOFN7598888660,WIHV,OOFN75988886
DQIS00SJHM1300803745,DQIS,SJHM13008037
WHED00ZMRX6344853446,WHED,ZMRX63448534
EPNC00YHXJ2622050031,EPNC,YHXJ26220500
AOZL00MFHE0145983287,AOZL,MFHE01459832
HCMX00OHJK5512920821,HCMX,OHJK55129208
QEZW00XTEK8031141143,QEZW,XTEK80311411
FUIZ00OJHV2830651662,FUIZ,OJHV28306516
GHQI00OTBC4335673077,GHQI,OTBC43356730
FUTV00XLHF5819476327,FUTV,XLHF58194763
QTQN00XJBO4449162535,QTQN,XJBO44491625
BSHK00EXTZ3159646165,BSHK,EXTZ31596461
JRKC00PMAA0533453893,JRKC,PMAA05334538
BIFX00YXYS9971187308,BIFX,YXYS99711873
XHMU00TPJN9619023281,XHMU,TPJN96190232
RHYA00GWET3952201986,RHYA,GWET39522019
VTSI00LPNE4289691810,VTSI,LPNE42896918
MZRP00MZSQ6781499637,MZRP,MZSQ67814996
TQSQ00SHJV2955119183,TQSQ,SHJV29551191
WMMD00VVQF1293033046,WMMD,VVQF12930330
OJQW00DKSH5735929577,OJQW,DKSH57359295
HYSW00UTWP5252034624,HYSW,UTWP52520346
ALKQ00NOVV6060642295,ALKQ,NOVV60606422
YPVC00NLUX1242172347,YPVC,NLUX12421723
AXZD00VWJG4180583243,AXZD,VWJG41805832
WHZX00EWWZ7573279867,WHZX,EWWZ75732798
EZVJ00FNYV7179061068,EZVJ,FNYV71790610
UIFM00JELR6994400420,UIFM,JELR69944004
KKTU00NDTP2037838247,KKTU,NDTP20378382
GWCL00STEP8215515557,GWCL,STEP82155155
BIKL00TNFJ7148468368,BIKL,TNFJ71484683
YZNF00GFZO3671901368,YZNF,GFZO36719013
IMDW00RBHQ8914688645,IMDW,RBHQ89146886
ABHB00UUOA0510806817,ABHB,UUOA05108068
MPRN00JFNN7248891244,MPRN,JFNN72488912
CXGA00WNNW3705123450,CXGA,WNNW37051234
TAYB00ZEHY0883691632,TAYB,ZEHY08836916
HXEB00BTDQ8692796762,HXEB,BTDQ86927967
BPVV00NPOC9620495119,BPVV,NPOC96204951
RJTI00OKPS2627225151,RJTI,OKPS26272251
DVNJ00AOXC8427061151,DVNJ,AOXC84270611
RQPL00LCQQ3152152984,RQPL,LCQQ31521529
EYBK00RVVU8871457043,EYBK,RVVU88714570
RLDS00NFUH4834694736,RLDS,NFUH48346947
MHTH00QGCW9498401588,MHTH,QGCW94984015
ZFDU00EFYU6726359995,ZFDU,EFYU67263599
EQKE00XINU3318402379,EQKE,XINU33184023
DWMH00JBIY0047941866,DWMH,JBIY00479418
IDYL00KIBR4911355673,IDYL,KIBR49113556
LCGP00VTJV9105645980,LCGP,VTJV91056459
NMBP00DJVU2876103949,NMBP,DJVU28761039
DJPD00DFPK3958125977,DJPD,DFPK39581259
BNEW00HVPN6603740281,BNEW,HVPN66037402
DKZP00OZJL6886286244,DKZP,OZJL68862862
AVFJ00VGPV2765709937,AVFJ,VGPV27657099
WIYV00TUTC2707534988,WIYV,TUTC27075349
TPUS00ZHNP6084012026,TPUS,ZHNP60840120
LRJE00LIFM2447835050,LRJE,LIFM24478350
XNUR00HIYL4237260098,XNUR,HIYL42372600
XGLJ00VCMK5796249411,XGLJ,VCMK57962494
UZPZ00XQPZ6011731336,UZPZ,XQPZ60117313
DLAK00WRLX5254579462,DLAK,WRLX52545794
WJWI00BODH1472497235,WJWI,BODH14724972
FOIO00BCZQ5506282134,FOIO,BCZQ55062821
IDHG00BAPT2496073331,IDHG,BAPT24960733
WHJQ00XWII6416370184,WHJQ,XWII64163701
LBFB00PBLT6107406750,LBFB,PBLT61074067
VJOM00FRDO9615815398,VJOM,FRDO96158153
XHEY00CTCG0343581017,XHEY,CTCG03435810
JYGF00ZIHD7146376516,JYGF,ZIHD71463765
LKKA00DLCD9968836336,LKKA,DLCD99688363
JBHQ00IRQY9519568811,JBHQ,IRQY95195688
YYEZ00LQJF6185366690,YYEZ,LQJF61853666
UIYD00BGRO6956212521,UIYD,BGRO69562125
CCHX00JWCJ8727012717,CCHX,JWCJ87270127
SNWA00LKCT8832316504,SNWA,LKCT88323165
AGHD00VBCS2641272279,AGHD,VBCS26412722
WTXM00HNWL1216270755,WTXM,HNWL12162707
XLCZ00QYQP2563669121,XLCZ,QYQP25636691
FJBQ00YSVZ6167838744,FJBQ,YSVZ61678387
IICE00MQYH8410361267,IICE,MQYH84103612
KSJC00ZFOA1251384492,KSJC,ZFOA12513844
SETY00RFWN1140529163,SETY,RFWN11405291
HQEU00MXQG2862246775,HQEU,MXQG28622467
WIRL00FVQV3545952614,WIRL,FVQV35459526
JEQT00LKFA0996253676,JEQT,LKFA09962536
YHGW00NOZF5215775686,YHGW,NOZF52157756
ATHY00QPHZ9285368330,ATHY,QPHZ92853683
EDKP00MPCA4146309480,EDKP,MPCA41463094
UWSU00VNGS4679431331,UWSU,VNGS46794313
OBII00MTWB1722989921,OBII,MTWB17229899
XOWZ00XEES0572211945,XOWZ,XEES05722119
JKSL00SDSS4491519513,JKSL,SDSS44915195
DGHF00OKIZ5216937962,DGHF,OKIZ52169379
EWQM00YQLA9711980249,EWQM,YQLA97119802
DZTX00AJFE1440260744,DZTX,AJFE14402607
RQQA00DYLV3902361573,RQQA,DYLV39023615
ZXRP00KOJI7485272017,ZXRP,KOJI74852720
PIOM00GDGP4692229224,PIOM,GDGP46922292
IQAH00TJBQ5462676838,IQAH,TJBQ54626768
VSAF00MQOV6132553331,VSAF,MQOV61325533
LORX00SVRX3573521955,LORX,SVRX35735219
ABJV00WQUT1729414388,ABJV,WQUT17294143
OJVB00DUVK7165277538,OJVB,DUVK71652775
NDKG00PFWQ9609689470,NDKG,PFWQ96096894
PNHI00CTRV5675673624,PNHI,CTRV56756736
TCZZ00PPDF5607717943,TCZZ,PPDF56077179
OXHU00MCGE3003976018,OXHU,MCGE30039760
FQOJ00JQFX0952227357,FQOJ,JQFX09522273
XTFG00AIKW8808421729,XTFG,AIKW88084217
KWMA00PDMD4101548552,KWMA,PDMD41015485
BTMT00IPQK7731561725,BTMT,IPQK77315617
WTCW00YADO4572212095,WTCW,YADO45722120
OAQB00ROCX0173861287,OAQB,ROCX01738612
EABT00NCIG0612187130,EABT,NCIG06121871
CSZQ00HFXE2460472783,CSZQ,HFXE24604727
CRZJ00JEEN7892657040,CRZJ,JEEN78926570
UMRS00NYFZ0810538178,UMRS,NYFZ08105381
DDTK00KUNY3431202347,DDTK,KUNY34312023
LTKI00MLAR2885557440,LTKI,MLAR28855574
OTSV00ZXLC4360820763,OTSV,ZXLC43608207
QEOZ00BWNL0941371941,QEOZ,BWNL09413719
AUBM00GPNX5911450321,AUBM,GPNX59114503
MTYU00NSYO9950909179,MTYU,NSYO99509091
ECBI00MZCR2716009008,ECBI,MZCR27160090
SPAR00WCGM8145287343,SPAR,WCGM81452873
SJBA00NRLE9318090015,SJBA,NRLE93180900
UJPE00QJTD9569437635,UJPE,QJTD95694376
KWPJ00EANF5406393968,KWPJ,EANF54063939
VSOY00HZPG4309587559,VSOY,HZPG43095875
RHPO00QOZE5632451071,RHPO,QOZE56324510
BCOU00XFCK6083994703,BCOU,XFCK60839947
MUHY00DOED3059117868,MUHY,DOED30591178
CSDN00RWQE0139090982,CSDN,RWQE01390909
ASYX00JJQL2022560098,ASYX,JJQL20225600
QEAN00XZEV3041963931,QEAN,XZEV30419639
OHOD00FFLG3739141987,OHOD,FFLG37391419
QXTS00MYTB1220038306,QXTS,MYTB12200383
QSKD00GFHV6470539644,QSKD,GFHV64705396
DLBE00HDBO0764508069,DLBE,HDBO07645080
GQLB00IUEP1720569448,GQLB,IUEP17205694
TVWU00QUEV0976955294,TVWU,QUEV09769552
NSER00ZBDF9474385316,NSER,ZBDF94743853
VIPA00UAFR8003044869,VIPA,UAFR80030448
TVUX00AXSJ5834949713,TVUX,AXSJ58349497
DZVA00SPXL8002685862,DZVA,SPXL80026858
QETK00OXTH5663113795,QETK,OXTH56631137
SJOS00YHES9374638791,SJOS,YHES93746387
BFNJ00BANE5361165483,BFNJ,BANE53611654
ADRC00BQZU7280168969,ADRC,BQZU72801689
CMZF00PKNU6310586321,CMZF,PKNU63105863
BLXM00FVPN8969055255,BLXM,FVPN89690552
KCGY00RGRZ2721910116,KCGY,RGRZ27219101
ECAU00WSUD3209606356,ECAU,WSUD32096063
WTPR00UHGQ4181380625,WTPR,UHGQ41813806
MVQW00GYDM8507709815,MVQW,GYDM85077098
HMKJ00CZND7299372113,HMKJ,CZND72993721
IYNK00GBAB7144992650,IYNK,GBAB71449926
VUJW00NQKU3710497889,VUJW,NQKU37104978
ZWEO00UQJG6868608621,ZWEO,UQJG68686086
TTLW00WBNR4879227251,TTLW,WBNR48792272
JRVG00DNZT8869726702,JRVG,DNZT88697267
TBXN00JRUE1970962205,TBXN,JRUE19709622
VCYY00PAGS5409512649,VCYY,PAGS54095126
FQBC00YZLE4992385378,FQBC,YZLE49923853
XQTC00YPZW7103418762,XQTC,YPZW71034187
JHLD00HECU5593661436,JHLD,HECU55936614
IYLV00OBKE9570375262,IYLV,OBKE95703752
LFNV00EIEO6646143211,LFNV,EIEO66461432
LCJU00RVUX3011457171,LCJU,RVUX30114571
PIAM00XAVF1005575415,PIAM,XAVF10055754
ZIOG00RRRU1479638252,ZIOG,RRRU14796382
CEXL00REWU2446349262,CEXL,REWU24463492
PJCR00XOYV2722237248,PJCR,XOYV27222372
VUHC00ORLS7554264788,VUHC,ORLS75542647
SUJX00ETJO4355088193,SUJX,ETJO43550881
EXTK00UYPD1132459217,EXTK,UYPD11324592
NYBM00IKIA5103863765,NYBM,IKIA51038637
UNOK00RZNB5626339559,UNOK,RZNB56263395
HOTE00YMLQ6497200097,HOTE,YMLQ64972000
RIOH00JGLH6247321587,RIOH,JGLH62473215
BFFZ00SBAP9560974265,BFFZ,SBAP95609742
IAID00MPIY0175877580,IAID,MPIY01758775
YCUD00AMLB9484331418,YCUD,AMLB94843314
UFOR00CBUQ6401506759,UFOR,CBUQ64015067
XQXE00QEHP1754529759,XQXE,QEHP17545297
UAVT00LCTM6994393631,UAVT,LCTM69943936
LRUT00CRGE7613582392,LRUT,CRGE76135823
DJWU00WCJA5483405779,DJWU,WCJA54834057
VBPN00IEPW2424478687,VBPN,IEPW24244786
YXXE00EIZD5682918843,YXXE,EIZD56829188
EAQE00EVQC3240536833,EAQE,EVQC32405368
MIRN00AVYY0572759757,MIRN,AVYY05727597
YRQT00IQXD3773233502,YRQT,IQXD37732335
UOJD00RMGA3190432588,UOJD,RMGA31904325
KIZO00GHVV3635987815,KIZO,GHVV36359878
SXUD00AHSY0689647277,SXUD,AHSY06896472
POFL00GKKP0172433767,POFL,GKKP01724337
HRSR00GIPR1709115709,HRSR,GIPR17091157
APDV00STBQ1345949327,APDV,STBQ13459493
ITDH00LXBE8854646018,ITDH,LXBE88546460
OLPI00KHIA1708390453,OLPI,KHIA17083904
FYOY00JPCQ5324058985,FYOY,JPCQ53240589
UYKT00TAWT8743359229,UYKT,TAWT87433592
DGUX00MVLS4962074086,DGUX,MVLS49620740
IDAQ00SACU4701299423,IDAQ,SACU47012994
MJTN00RZFM2917312566,MJTN,RZFM29173125
TJJR00PIVR6917024837,TJJR,PIVR69170248
UCLK00DATH9987311902,UCLK,DATH99873119
LBCD00TBGM7179851828,LBCD,TBGM71798518
RHUA00SGET5414729487,RHUA,SGET54147294
YJKH00KIVR2481061952,YJKH,KIVR24810619
AEYV00DCJQ5086067746,AEYV,DCJQ50860677
SSLC00AFRD9657126475,SSLC,AFRD96571264
IAZL00NRFJ7260084011,IAZL,NRFJ72600840
OXNW00TUCU8725714302,OXNW,TUCU87257143
OMQY00OWIT1957256328,OMQY,OWIT19572563
FYGU00AOJR1739732179,FYGU,AOJR17397321
MMSU00QCFZ5966865720,MMSU,QCFZ59668657
HJZS00GUOU0781022626,HJZS,GUOU07810226
MEYD00NSLR7050555788,MEYD,NSLR70505557
DAPW00EBIA0587950398,DAPW,EBIA05879503
PRQC00XFXB2693512544,PRQC,XFXB26935125
GOKU00SEKQ7404946789,GOKU,SEKQ74049467
LEJV00ZEHV1800524069,LEJV,ZEHV18005240
LISU00EOFZ9743452907,LISU,EOFZ97434529
BILY00ZGSK6655875571,BILY,ZGSK66558755
XIOW00GWCI3651502172,XIOW,GWCI36515021
QCJV00MGDN3989171761,QCJV,MGDN39891717
RAJC00LKBN6554175645,RAJC,LKBN65541756
LNCI00AVXD7845395305,LNCI,AVXD78453953
BBQA00TXUD6970843712,BBQA,TXUD69708437
HKLT00CMMZ2276447329,HKLT,CMMZ22764473
MLEX00CWKR7512280352,MLEX,CWKR75122803
WWAH00KWCW5294758294,WWAH,KWCW52947582
YFBS00DXEA7617335895,YFBS,DXEA76173358
JAEB00PLXT1268888545,JAEB,PLXT12688885
FZMD00MWLG5303379188,FZMD,MWLG53033791
AIZX00YZCO3527556405,AIZX,YZCO35275564
OYGF00NGRD2369648668,OYGF,NGRD23696486
MWBK00VZBB4707720030,MWBK,VZBB47077200
HYTT00PTXL1722033487,HYTT,PTXL17220334
PLSY00WOTA0890063213,PLSY,WOTA08900632
HYYE00XJFV1764238728,HYYE,XJFV17642387
WPTN00KMRP0628480491,WPTN,KMRP06284804
AAZT00ISYD5841533354,AAZT,ISYD58415333
AUYU00BLKK6718324019,AUYU,BLKK67183240
AAOQ00OABI2815226127,AAOQ,OABI28152261
ONYZ00LKVE9287023863,ONYZ,LKVE92870238
PKRB00DTST3936614737,PKRB,DTST39366147
VUIN00DJPK2171244147,VUIN,DJPK21712441
KFLG00NACT6858808848,KFLG,NACT68588088
QADZ00SHDC4396584202,QADZ,SHDC43965842
SSPI00JFMB8373591851,SSPI,JFMB83735918
KVCG00FLKY4889766408,KVCG,FLKY48897664
SYNO00BQDG7849486939,SYNO,BQDG78494869
BFXI00RQUE0350438093,BFXI,RQUE03504380
ANSA00RRJO9650513254,ANSA,RRJO96505132
KLQA00CXJC5980084202,KLQA,CXJC59800842
UBAG00JBKE1354039079,UBAG,JBKE13540390
RULB00XRYH4327349890,RULB,XRYH43273498
SJWE00MDOI6324984324,SJWE,MDOI63249843
WHRV00CBMG6442501307,WHRV,CBMG64425013
FETW00YRYK9358536402,FETW,YRYK93585364
AFWG00IBRM3779478743,AFWG,IBRM37794787
YHLK00DRCX7472481487,YHLK,DRCX74724814
AMFS00FAVV8445991874,AMFS,FAVV84459918
PFNE00MKAI1226941430,PFNE,MKAI12269414
TGLS00LJEX4800811028,TGLS,LJEX48008110
NSGY00VGMX9135414093,NSGY,VGMX91354140
SDBX00LAAT3762203457,SDBX,LAAT37622034
YGME00MNIU2474739127,YGME,MNIU24747391
HEFS00AOPS2533480850,HEFS,AOPS25334808
ERTE00FAEV6351377710,ERTE,FAEV63513777
GBJI00UBEY3199426017,GBJI,UBEY31994260
IYWY00RNMT7623998368,IYWY,RNMT76239983
KMOK00HTUQ1101824364,KMOK,HTUQ11018243
WCRY00ZKTR7780996724,WCRY,ZKTR77809967
UJWJ00KGDH1197901536,UJWJ,KGDH11979015
STUJ00VLBK2595976618,STUJ,VLBK25959766
CEUO00NORM0323531056,CEUO,NORM03235310
ONKW00DLXM7251380831,ONKW,DLXM72513808
WZBP00DOOR7076459977,WZBP,DOOR70764599
OFXE00MIFI4934468859,OFXE,MIFI49344688
TGDF00IPHP8956055704,TGDF,IPHP89560557
DGID00VEOA1373498483,DGID,VEOA13734984
OIWT00MHYA2117192948,OIWT,MHYA21171929
IGKT00TMTD3098585444,IGKT,TMTD30985854
UMYX00YYPX7822607772,UMYX,YYPX78226077
QPWG00QRNX9808295280,QPWG,QRNX98082952
NRLF00MAZX0897579688,NRLF,MAZX08975796
UDNM00CTSC7114110647,UDNM,CTSC71141106
GYFC00CIPE3966894758,GYFC,CIPE39668947
FHUY00OOAG3288270615,FHUY,OOAG32882706
NPXB00LLCF8376274260,NPXB,LLCF83762742
UARV00SDRD1544854390,UARV,SDRD15448543
OMGQ00ILNA7807099490,OMGQ,ILNA78070994
CTXK00WYKR6693605107,CTXK,WYKR66936051
SDHI00BSLE4039240424,SDHI,BSLE40392404
JLXH00VODI4023819444,JLXH,VODI40238194
YPNO00AGIC6464302455,YPNO,AGIC64643024
BJCD00FLXI2706313072,BJCD,FLXI27063130
RIYS00VIPQ6695017402,RIYS,VIPQ66950174
TVOK00SDFE3367818731,TVOK,SDFE33678187
KQWH00MZOK7717833306,KQWH,MZOK77178333
YTSW00URSL9754382803,YTSW,URSL97543828
UQVE00SUGT5059068718,UQVE,SUGT50590687
SPUS00PBBH7005543281,SPUS,PBBH70055432
RPNX00EFXP0693323748,RPNX,EFXP06933237
TELB00QPHS8783642168,TELB,QPHS87836421
BKIC00GATV8098822461,BKIC,GATV80988224
QCIL00KSSN5714919206,QCIL,KSSN57149192
XQVI00JQQR6580959028,XQVI,JQQR65809590
EFQW00BLBV9281012993,EFQW,BLBV92810129
LSZI00UFGA6213452216,LSZI,UFGA62134522
NEOF00RRRC9952557869,NEOF,RRRC99525578
QNVR00EMOI6129779896,QNVR,EMOI61297798
RMKJ00KBVF7669153347,RMKJ,KBVF76691533
MCNJ00VIOV4683511605,MCNJ,VIOV46835116
TNZP00AYLP3932462518,TNZP,AYLP39324625
QSOG00LMXS1776823130,QSOG,LMXS17768231
WIVN00DZCY8963435619,WIVN,DZCY89634356
WIOI00MOXQ8254804936,WIOI,MOXQ82548049
LPJG00JPKL0145890261,LPJG,JPKL01458902
ZXCS00ELLK8598266123,ZXCS,ELLK85982661
OYCC00HFPI3135042996,OYCC,HFPI31350429
LTRH00OVOF1840932532,LTRH,OVOF18409325
BTBH00KQIX1510300622,BTBH,KQIX15103006
HEKM00ZQFP2358684893,HEKM,ZQFP23586848
RRJW00WICX7328584680,RRJW,WICX73285846
HUOE00NDYP0400234193,HUOE,NDYP04002341
FNUR00QHZB9882559808,FNUR,QHZB98825598
WKVW00ZBHC2018159791,WKVW,ZBHC20181597
MNVM00FSTS3193372567,MNVM,FSTS31933725
QKLL00ZGIT8312315864,QKLL,ZGIT83123158
PQVD00DXNZ4005667891,PQVD,DXNZ40056678
DRHZ00UBKX8679844122,DRHZ,UBKX86798441
OOJT00NCFU1156367256,OOJT,NCFU11563672
AXKZ00VUAK3873612098,AXKZ,VUAK38736120
HQIZ00VQMU6321906516,HQIZ,VQMU63219065
UGJY00RWBB5892700491,UGJY,RWBB58927004
EDJK00RNVW5746247560,EDJK,RNVW57462475
YJDV00BXJM1169751111,YJDV,BXJM11697511
SXBV00NLOH5708318492,SXBV,NLOH57083184
TBZO00NPOW5762586404,TBZO,NPOW57625864
LSME00IHPY1387431409,LSME,IHPY13874314
AGWB00PJRM6961267616,AGWB,PJRM69612676
GGZH00NURV0745486714,GGZH,NURV07454867
HYCY00XHQR1890215641,HYCY,XHQR18902156
SQWJ00QXTW5656942578,SQWJ,QXTW56569425
LMAW00WPTG5958069556,LMAW,WPTG59580695
YZMH00GSSS4617050961,YZMH,GSSS46170509
IIGC00UKVU6889125944,IIGC,UKVU68891259
DOKG00XTDY8635289325,DOKG,XTDY86352893
GKDZ00MVXR4218974075,GKDZ,MVXR42189740
UBWH00GOQS5595082510,UBWH,GOQS55950825
USDM00SBEV4621608464,USDM,SBEV46216084
LSRK00PTEC9396137852,LSRK,PTEC93961378
OEHR00VVJT2573589995,OEHR,VVJT25735899
HVEW00AXBM7324399453,HVEW,AXBM73243994
GYYN00EKHD4127696322,GYYN,EKHD41276963
KXNJ00JJZM7473368123,KXNJ,JJZM74733681
JCEA00ASQD8491836566,JCEA,ASQD84918365
VFFK00WDZJ8940835940,VFFK,WDZJ89408359
YVFN00SSKU5836106204,YVFN,SSKU58361062
SNCI00XAZC0291210294,SNCI,XAZC02912102
WGJA00MQIQ5185030367,WGJA,MQIQ51850303
ZTCP00XPPE3729486825,ZTCP,XPPE37294868
ZMGT00KWYP7306776564,ZMGT,KWYP73067765
ZOYL00UZNX1571305122,ZOYL,UZNX15713051
OTFJ00PJPE3727627398,OTFJ,PJPE37276273
UNMN00SIOX5778210255,UNMN,SIOX57782102
HHSV00YARX1666723559,HHSV,YARX16667235
CAWW00FJCD1049455551,CAWW,FJCD10494555
HXDH00FWGT9849694663,HXDH,FWGT98496946
QVPX00FNWA2175032819,QVPX,FNWA21750328
OFIT00VMNR3226947204,OFIT,VMNR32269472
DTFN00CWUQ1087401477,DTFN,CWUQ10874014
YLEP00APKZ1652763643,YLEP,APKZ16527636
NYUF00UOZL6645871232,NYUF,UOZL66458712
GPPP00SBDW7196943182,GPPP,SBDW71969431
ARPW00BFFA1214991193,ARPW,BFFA12149911
ZQNO00XIZA8399445894,ZQNO,XIZA83994458
BNFR00ULEJ9758116392,BNFR,ULEJ97581163
KOOX00WGBK7760886587,KOOX,WGBK77608865
ZIVH00EIVX7883147775,ZIVH,EIVX78831477
AGVF00QXKL2172394404,AGVF,QXKL21723944
AUCT00ZQCD1746000618,AUCT,ZQCD17460006
OZOE00TPJZ5471290227,OZOE,TPJZ54712902
CSGO00JQAP5091661940,CSGO,JQAP50916619
WUSA00PEIP4097657360,WUSA,PEIP40976573
WBVW00IBID4306192571,WBVW,IBID43061925
NLZG00NAHY8207523202,NLZG,NAHY82075232
ZTPG00FCHY5926249807,ZTPG,FCHY59262498
YSBB00NQOR4107357472,YSBB,NQOR41073574
XRPF00WFHX9016244068,XRPF,WFHX90162440
OODI00HASP5839445832,OODI,HASP58394458
LXFX00OFTI8090649575,LXFX,OFTI80906495
CYUD00FWKE1410715224,CYUD,FWKE14107152
ZESC00DGSW5151667682,ZESC,DGSW51516676
YGMO00QQVC6790456693,YGMO,QQVC67904566
AKEU00MFYA0974947032,AKEU,MFYA09749470
IYRT00KXHF7878159680,IYRT,KXHF78781596
AXKB00XAQE1924937242,AXKB,XAQE19249372
XZPH00BMBJ6316462087,XZPH,BMBJ63164620
QJPA00KBLN1974719385,QJPA,KBLN19747193
IYJQ00IZWB6469828688,IYJQ,IZWB64698286
JJVA00WEPG8373202539,JJVA,WEPG83732025
LHSO00HFOX6328764396,LHSO,HFOX63287643
NOLM00QUGG3348878711,NOLM,QUGG33488787
ROTA00EKEI5563755550,ROTA,EKEI55637555
MASE00YDPR6054021728,MASE,YDPR60540217
BVKI00GHAL6181011743,BVKI,GHAL61810117
BQQB00DMUK7992341919,BQQB,DMUK79923419
RXRD00ATLX1450595268,RXRD,ATLX14505952
YTQY00ZMWD9340967787,YTQY,ZMWD93409677
OYDW00LSQY1681810960,OYDW,LSQY16818109
NLFE00FNJW0466919579,NLFE,FNJW04669195
YQTD00FDYH2016420090,YQTD,FDYH20164200
JMYF00LDKA0974102711,JMYF,LDKA09741027
YJVY00UXDP2470882294,YJVY,UXDP24708822
QNEB00CITI2763964995,QNEB,CITI27639649
DIVE00UWCP7130520240,DIVE,UWCP71305202
OOQW00JIXP5200360448,OOQW,JIXP52003604
MBMP00HTXJ5798750469,MBMP,HTXJ57987504
CDOO00ZHLE7498975262,CDOO,ZHLE74989752
HUZC00SSZA8512796343,HUZC,SSZA85127963
TCZF00RXXV9098934960,TCZF,RXXV90989349
ICMM00DNUV0891068360,ICMM,DNUV08910683
QHFB00BTPV5211385721,QHFB,BTPV52113857
HZCX00BNVV3091331737,HZCX,BNVV30913317
GNJS00MQRX3372757346,GNJS,MQRX33727573
QJTD00WCHF4835592629,QJTD,WCHF48355926
VNRM00BQTX9688305869,VNRM,BQTX96883058
OGPG00RAOT5963468698,OGPG,RAOT59634686
LDIK00VKEJ5946891326,LDIK,VKEJ59468913
BZQX00QSVG8114760032,BZQX,QSVG81147600
YYVO00XAMP5408183229,YYVO,XAMP54081832
CQLO00FQMC9542274062,CQLO,FQMC95422740
QVJL00ILVO8042037389,QVJL,ILVO80420373
TPCA00YVXL7878831645,TPCA,YVXL78788316
JTQO00FJJU2466675355,JTQO,FJJU24666753
ZHSA00FIEO7306381554,ZHSA,FIEO73063815
EHTD00UQKE1561673846,EHTD,UQKE15616738
NZHT00IRVX7561621661,NZHT,IRVX75616216
FOZE00ONQN8476605947,FOZE,ONQN84766059
UEKW00WMJJ6253163054,UEKW,WMJJ62531630
YPLL00PUVL9801217331,YPLL,PUVL98012173
DUFB00KVFL3619596075,DUFB,KVFL36195960
VMDR00EITV1834419771,VMDR,EITV18344197
YFXF00AMAK5639852093,YFXF,AMAK56398520
TFUQ00TLCN6020559919,TFUQ,TLCN60205599
ZSQK00CZUP7268693597,ZSQK,CZUP72686935
BQTZ00WHQF2499802603,BQTZ,WHQF24998026
LPSN00HXTY8425421302,LPSN,HXTY84254213
TKGB00FCPU1928267044,TKGB,FCPU19282670
UOGP00BZMU7997072295,UOGP,BZMU79970722
RBJA00EVKD2217193669,RBJA,EVKD22171936
ZRDH00NHCH9091841626,ZRDH,NHCH90918416
JNBI00PEFV1330756362,JNBI,PEFV13307563
FIGE00OCPS8153489493,FIGE,OCPS81534894
MELD00WCPU8117686812,MELD,WCPU81176868
ANDZ00HAFE3158072282,ANDZ,HAFE31580722
HEOK00KUZY8827538071,HEOK,KUZY88275380
EMSW00TUAY7649232981,EMSW,TUAY76492329
PNOE00ZVWB5962831933,PNOE,ZVWB59628319
HKHV00PFCO1258292237,HKHV,PFCO12582922
WJDY00IYWY3168082895,WJDY,IYWY31680828
TKVB00BQVK7157555862,TKVB,BQVK71575558
BMCJ00NLOX1242743424,BMCJ,NLOX12427434
WEXU00YWBP1819065479,WEXU,YWBP18190654
IPBH00RSUF4925707695,IPBH,RSUF49257076
AADQ00DSDP5759885727,AADQ,DSDP57598857
MGJZ00LBCZ7672649567,MGJZ,LBCZ76726495
FBXB00AFZD3109375520,FBXB,AFZD31093755
DHLY00MOPS2967740754,DHLY,MOPS29677407
WTHW00WYJS2234985723,WTHW,WYJS22349857
XJIH00GGEM4479635186,XJIH,GGEM44796351
HYKM00YHCL5217700496,HYKM,YHCL52177004
NAQP00FLZN1145042969,NAQP,FLZN11450429
WHTI00PLXF3911266745,WHTI,PLXF39112667
GSEH00PQXF2334892148,GSEH,PQXF23348921
FLWS00YLOH6941525882,FLWS,YLOH69415258
IHOE00ZTQH7857735860,IHOE,ZTQH78577358
NOAR00EBWL3642393955,NOAR,EBWL36423939
PXDY00RJUE9820719739,PXDY,RJUE98207197
DALO00WXZS1580596859,DALO,WXZS15805968
MRJC00GBEE0100017830,MRJC,GBEE01000178
KZEL00XSXL3840566118,KZEL,XSXL38405661
WTSM00GWQB9861862631,WTSM,GWQB98618626
CJEK00ESQB4665217097,CJEK,ESQB46652170
UQPR00RGNR4488508457,UQPR,RGNR44885084
UYYE00VGEU1293381792,UYYE,VGEU12933817
EFRK00HUHA8693274622,EFRK,HUHA86932746
ETQR00FNYX2762150732,ETQR,FNYX27621507
IXUF00XOGX2513518378,IXUF,XOGX25135183
YZOB00YBPT4828725508,YZOB,YBPT48287255
MSJA00HSXK6242864771,MSJA,HSXK62428647
MISS00AZCM2751618784,MISS,AZCM27516187
NHNW00FGFI5988233148,NHNW,FGFI59882331
CAYU00VKDM0624057119,CAYU,VKDM06240571
MCMF00ZCKI5063166658,MCMF,ZCKI50631666
MVHS00PGRP4833406626,MVHS,PGRP48334066
MXFA00KFKG0408184216,MXFA,KFKG04081842
JBRT00BJAH9874367733,JBRT,BJAH98743677
DTCZ00WKEM2763724028,DTCZ,WKEM27637240
UCPB00JNMG4391273060,UCPB,JNMG43912730
AELQ00HNVJ9334940015,AELQ,HNVJ93349400
IMCI00OHBQ4488162954,IMCI,OHBQ44881629
HQOT00GOFN7935670664,HQOT,GOFN79356706
EWFI00ZYTN5068124760,EWFI,ZYTN50681247
VDCX00CXKF5335298230,VDCX,CXKF53352982
EYUJ00GJYD5473414103,EYUJ,GJYD54734141
ENVR00IBTC1111155362,ENVR,IBTC11111553
JHLF00JUFH5777065107,JHLF,JUFH57770651
DNDH00YUTY4248045808,DNDH,YUTY42480458
JLJA00HVPZ7575258641,JLJA,HVPZ75752586
TRLR00QIHZ3264280883,TRLR,QIHZ32642808
ZILD00OCZH8763826052,ZILD,OCZH87638260
VGGM00TMTV6403390969,VGGM,TMTV64033909
SZUN00GMIT2892611759,SZUN,GMIT28926117
FHEG00VVRV0124534914,FHEG,VVRV01245349
KVVE00NZAY4799749826,KVVE,NZAY47997498
GMWF00WOHV0713024822,GMWF,WOHV07130248
GNYT00OOWV8282910793,GNYT,OOWV82829107
IIXI00KRWT9255459632,IIXI,KRWT92554596
OJCM00VGQF9213644955,OJCM,VGQF92136449
IOJP00UZFN9617050483,IOJP,UZFN96170504
OHQP00OZAB7530890608,OHQP,OZAB75308906
RJDQ00ENCC6232046689,RJDQ,ENCC62320466
BSFJ00BUCL1653493764,BSFJ,BUCL16534937
GEIN00NGWS3099045729,GEIN,NGWS30990457
QYZD00OVJN9663057542,QYZD,OVJN96630575
TPWT00WUFS1438357576,TPWT,WUFS14383575
YPCF00OCZG8404289657,YPCF,OCZG84042896
XIAD00UMNM4619571943,XIAD,UMNM46195719
TXFW00VDMU6844425814,TXFW,VDMU68444258
GCSX00BPXO0505800655,GCSX,BPXO05058006
FHLG00CXBL5723526384,FHLG,CXBL57235263
NKLO00KGXJ8886369392,NKLO,KGXJ88863693
BBCJ00QKPH0367478930,BBCJ,QKPH03674789
KOXU00NNJD4933825979,KOXU,NNJD49338259
LXXT00HREV2902000988,LXXT,HREV29020009
RVDX00XPIB4807889549,RVDX,XPIB48078895
JXKV00QGTH4724052876,JXKV,QGTH47240528
HOLD00VIII0981059727,HOLD,VIII09810597
UTTY00JMBH8005859936,UTTY,JMBH80058599
QDSB00AXLV0325587314,QDSB,AXLV03255873
LVYU00UOOQ7164241054,LVYU,UOOQ71642410
GCDF00EBRW3908374046,GCDF,EBRW39083740
CCJS00NIQR1325615711,CCJS,NIQR13256157
ZBSG00INTR5913060675,ZBSG,INTR59130606
XZOS00HYMQ9315708332,XZOS,HYMQ93157083
OSEI00KLXO3957572466,OSEI,KLXO39575724
EJJW00PTIA2128600370,EJJW,PTIA21286003
UNQU00KICX2268939793,UNQU,KICX22689397
IVXE00YZQD4810549074,IVXE,YZQD48105490
FCGB00QPPL0196651084,FCGB,QPPL01966510
OZBZ00IWTN6379972711,OZBZ,IWTN63799727
RWCM00URQS1704292475,RWCM,URQS17042924
QTQZ00IPMA6836382750,QTQZ,IPMA68363827
KJAK00PXAT9530446472,KJAK,PXAT95304464
DWCP00UBAW7867221249,DWCP,UBAW78672212
KFKH00NNGM8235758950,KFKH,NNGM82357589
XZLM00OOWF0842217332,XZLM,OOWF08422173
NJJS00CSWM6715824044,NJJS,CSWM67158240
AKAZ00SSTT6026302863,AKAZ,SSTT60263028
OLHQ00YWVN5375307219,OLHQ,YWVN53753072
TOCV00DTMB9558028541,TOCV,DTMB95580285
LMPA00IGCQ3732136765,LMPA,IGCQ37321367
PMAG00LDJC7515416926,PMAG,LDJC75154169
ZICR00HOGP3856423921,ZICR,HOGP38564239
MMTU00UVFZ6730944110,MMTU,UVFZ67309441
XUMM00UBEV3557637376,XUMM,UBEV35576373
JOXO00MVWS1735945773,JOXO,MVWS17359457
NKNA00IHSJ5081899153,NKNA,IHSJ50818991
USTI00HZSB1961848355,USTI,HZSB19618483
OGDC00JCTM0054316782,OGDC,JCTM00543167
JCQA00EXXA5281713476,JCQA,EXXA52817134
GNLB00LURO5488463367,GNLB,LURO54884633
JLOA00KHTQ8437873232,JLOA,KHTQ84378732
CPWH00PBRU3551338852,CPWH,PBRU35513388
OLKJ00OSTC0383967613,OLKJ,OSTC03839676
DYIM00MMYW0621182723,DYIM,MMYW06211827
EKWG00PJEO3573848802,EKWG,PJEO35738488
VCZD00JSVU9883284841,VCZD,JSVU98832848
AMYW00UOAR9909997034,AMYW,UOAR99099970
STBT00MJRC6455266925,STBT,MJRC64552669
BVKZ00BQTA0955974459,BVKZ,BQTA09559744
PPLD00ZDVQ0295166626,PPLD,ZDVQ02951666
UVVW00JDBQ2849246410,UVVW,JDBQ28492464
CHKW00ZBED9582199478,CHKW,ZBED95821994
NONA00THWY3168328184,NONA,THWY31683281
NEWD00EULJ9670245254,NEWD,EULJ96702452
UREO00SIOE9903935778,UREO,SIOE99039357
VIEU00TNOA3658726944,VIEU,TNOA36587269
EHEP00WDAT9069952661,EHEP,WDAT90699526
EPZX00KYJN6745677652,EPZX,KYJN67456776
VINO00QYNJ2290963028,VINO,QYNJ22909630
SHJR00PQET2777322396,SHJR,PQET27773223
XKDI00KNFK1522356210,XKDI,KNFK15223562
LJHY00TXDR3563812178,LJHY,TXDR35638121
DUHG00PKXJ9537186152,DUHG,PKXJ95371861
JXGZ00NTAB8311709878,JXGZ,NTAB83117098
HOON00XNER1352290969,HOON,XNER13522909
GAEX00PLUS3070928108,GAEX,PLUS30709281
IOTV00XHDT2330055446,IOTV,XHDT23300554
DLQY00HFHH6693677246,DLQY,HFHH66936772
XJXS00LVPJ5912472753,XJXS,LVPJ59124727
NHVU00UQBY3131242229,NHVU,UQBY31312422
ODQD00LEZU8444220204,ODQD,LEZU84442202
ZEBV00EHGE1693835755,ZEBV,EHGE16938357
IBBW00FPRD3758651070,IBBW,FPRD37586510
OEVQ00HCMH8580705904,OEVQ,HCMH85807059
ABTA00OAIT5576219656,ABTA,OAIT55762196
RZHE00QRRW5211366802,RZHE,QRRW52113668
XYEM00OJRK0794849648,XYEM,OJRK07948496
RGGS00ARNL4440121379,RGGS,ARNL44401213
YFSL00DBKP5458337369,YFSL,DBKP54583373
FBCM00KSYN8111973408,FBCM,KSYN81119734
NKPO00BWZI6613635865,NKPO,BWZI66136358
IKEM00NGOI9217642059,IKEM,NGOI92176420
HEZU00WJQW9635952913,HEZU,WJQW96359529
EWYQ00XWTF6631064371,EWYQ,XWTF66310643
OMQG00QXMB5977060755,OMQG,QXMB59770607
VAOI00OING7736813268,VAOI,OING77368132
SCIU00NLQV4760730350,SCIU,NLQV47607303
EHLM00AWKT2057295367,EHLM,AWKT20572953
UIDD00NLOK0702975851,UIDD,NLOK07029758
QLTR00AMHR7156959813,QLTR,AMHR71569598
BSJP00MUNU3243053833,BSJP,MUNU32430538
ZLUV00LSCW5427146649,ZLUV,LSCW54271466
IVXS00HUSZ5762059314,IVXS,HUSZ57620593
JXIO00PLDD1190043918,JXIO,PLDD11900439
EGMP00EPJO7326918974,EGMP,EPJO73269189
GOZP00OGEJ2930089535,GOZP,OGEJ29300895
HUTC00LBTK7405819185,HUTC,LBTK74058191
UZCF00MZJV1012472938,UZCF,MZJV10124729
QSYW00DMZI0291948829,QSYW,DMZI02919488
KFPR00MGSK7840159046,KFPR,MGSK78401590
OUKJ00KJIG9033209891,OUKJ,KJIG90332098
QSEZ00GZZB8440640770,QSEZ,GZZB84406407
IFNZ00PPQH9905278943,IFNZ,PPQH99052789
ZWKO00JICO8563768440,ZWKO,JICO85637684
PBGL00GLJL6090437405,PBGL,GLJL60904374
RPNY00NTZX9656863739,RPNY,NTZX96568637
CYJU00DWMH4561157735,CYJU,DWMH45611577
FPMJ00ZGXA7112000496,FPMJ,ZGXA71120004
CLJW00MHOZ0220279391,CLJW,MHOZ02202793
HBVH00CVRM7938198860,HBVH,CVRM79381988
VLTK00UJTT0162250269,VLTK,UJTT01622502
PXZA00PKPD8496669953,PXZA,PKPD84966699
MOLW00UNXU2173733627,MOLW,UNXU21737336
QNCY00MNEE5385016432,QNCY,MNEE53850164
RAWN00HGBQ8745992941,RAWN,HGBQ87459929
JZOR00FKOZ0767845676,JZOR,FKOZ07678456
JYXL00ISAH5904223916,JYXL,ISAH59042239
GAVA00NSIM6039397147,GAVA,NSIM60393971
NSGD00GGFO6800075514,NSGD,GGFO68000755
JROD00RSXK4712016377,JROD,RSXK47120163
YKCZ00UJEC7305373262,YKCZ,UJEC73053732
TNGW00CFGB0909080419,TNGW,CFGB09090804
KTVN00VCEP3631663867,KTVN,VCEP36316638
NCUC00YKGO3271252889,NCUC,YKGO32712528
GGMV00MSAP8462646309,GGMV,MSAP84626463
FUTG00KKJG4535223449,FUTG,KKJG45352234
IERH00OFSS1318175347,IERH,OFSS13181753
SVLH00PHTU6896353566,SVLH,PHTU68963535
UZVK00RKOR6784095040,UZVK,RKOR67840950
TKZM00BCFN3189773585,TKZM,BCFN31897735
LIHK00VKVN0503497668,LIHK,VKVN05034976
RDVN00QVLY5190875021,RDVN,QVLY51908750
VCKI00KASS4779939354,VCKI,KASS47799393
MMIT00EHZD6206509465,MMIT,EHZD62065094
FXAT00XFKX5765379982,FXAT,XFKX57653799
WUIV00BEPB6229569550,WUIV,BEPB62295695
TVCO00QUWI9409533114,TVCO,QUWI94095331
KLXV00KUNQ1182680879,KLXV,KUNQ11826808
EVCB00GUYO1041724121,EVCB,GUYO10417241
KJCN00SCPS2538299981,KJCN,SCPS25382999
OJDF00DKMY5505945259,OJDF,DKMY55059452
GZLV00VHBP4235282161,GZLV,VHBP42352821
JALB00SQVM5413924081,JALB,SQVM54139240
ENCR00PVWB4258338739,ENCR,PVWB42583387
NSJE00WYTL1976685302,NSJE,WYTL19766853
ANWE00CKXX2955906314,ANWE,CKXX29559063
OTXD00JIEX7210873665,OTXD,JIEX72108736
QZCQ00BYDU7235321036,QZCQ,BYDU72353210
XTWF00LJCV4745918404,XTWF,LJCV47459184
FRTL00GXCF3136444176,FRTL,GXCF31364441
MBBU00JESF5755364657,MBBU,JESF57553646
URED00OUMV8609609655,URED,OUMV86096096
AMMW00VULJ6750745693,AMMW,VULJ67507456
PKTR00MCTJ1559128103,PKTR,MCTJ15591281
YSOG00CKEJ0109109466,YSOG,CKEJ01091094
GHPI00CMPB3293347553,GHPI,CMPB32933475
XDCK00PDVW0828782748,XDCK,PDVW08287827
GDNY00PTEO0126213312,GDNY,PTEO01262133
JOGJ00QDRB7094482007,JOGJ,QDRB70944820
IPYB00AECI1371104852,IPYB,AECI13711048
FVLS00PTQS9221903722,FVLS,PTQS92219037
QBWM00YOWH2131238261,QBWM,YOWH21312382
PUWQ00GQEP6927089977,PUWQ,GQEP69270899
BBFL00JWUO7193110379,BBFL,JWUO71931103
QLEJ00OOQZ8533671420,QLEJ,OOQZ85336714
HHCL00VOEG6711482798,HHCL,VOEG67114827
FMGF00QQOT7214291866,FMGF,QQOT72142918
NKFF00POLS2256738851,NKFF,POLS22567388
CEBW00ECIV7538539687,CEBW,ECIV75385396
VFZI00KICB7125322460,VFZI,KICB71253224
RIBB00DJQH6590013613,RIBB,DJQH65900136
QFES00WMXW1020795677,QFES,WMXW10207956
MJLG00BQNP2713694903,MJLG,BQNP27136949
YTEB00NGQB8164956515,YTEB,NGQB81649565
RBCO00YCRQ0279915362,RBCO,YCRQ02799153
TNSX00CZIH8661679141,TNSX,CZIH86616791
AUYU00OVQT9903524522,AUYU,OVQT99035245
GIRK00FTGC5902404529,GIRK,FTGC59024045
RTCP00UVXT3545799719,RTCP,UVXT35457997
SIHQ00LBGJ5445985549,SIHQ,LBGJ54459855
GDKM00IYDW6873610332,GDKM,IYDW68736103
NOWK00NYGO8067450051,NOWK,NYGO80674500
DWOW00WTRV6328299979,DWOW,WTRV63282999
EBYJ00FDSW1203037328,EBYJ,FDSW12030373
DMOD00RELN2152765574,DMOD,RELN21527655
XTKQ00FZHF7175825383,XTKQ,FZHF71758253
TFDQ00QAOZ6346953576,TFDQ,QAOZ63469535
NKQR00TZPP4249270367,NKQR,TZPP42492703
VDTD00KDJK2613385932,VDTD,KDJK26133859
SBFM00HRHN8182463531,SBFM,HRHN81824635
XQVJ00WMVP7404844975,XQVJ,WMVP74048449
QLCF00IDLB6935638137,QLCF,IDLB69356381
NOMB00EHLT6225069133,NOMB,EHLT62250691
NQYH00KQPG5058278598,NQYH,KQPG50582785
OXYS00OYSH1866272536,OXYS,OYSH18662725
FJJN00XMIM8205923532,FJJN,XMIM82059235
PFCO00PJLK8870445522,PFCO,PJLK88704455
FUYU00YTSO8587906887,FUYU,YTSO85879068
WCHQ00KBTT6050316040,WCHQ,KBTT60503160
YXEW00PPSR8870551276,YXEW,PPSR88705512
EOFB00GBXS2057526213,EOFB,GBXS20575262
XGOM00CDKK2741227582,XGOM,CDKK27412275
RDJL00AWZQ9478743541,RDJL,AWZQ94787435
QCVH00LVEV9158419842,QCVH,LVEV91584198
ETCJ00CPQU2270326209,ETCJ,CPQU22703262
YKIV00VBIU7963541255,YKIV,VBIU79635412
DRXX00HMRB3265983722,DRXX,HMRB32659837
YKFW00KQVT2933143532,YKFW,KQVT29331435
TCOO00CULL4699132672,TCOO,CULL46991326
HNKA00GFQR6107286709,HNKA,GFQR61072867
KCNV00YFIB4351708121,KCNV,YFIB43517081
KMWT00AGVK4607993276,KMWT,AGVK46079932
YCRV00MTBO0744279048,YCRV,MTBO07442790
WVJH00EUJJ9465709827,WVJH,EUJJ94657098
INTO00RWLS9197540410,INTO,RWLS91975404
ANGY00OVCX5899866035,ANGY,OVCX58998660
FRXS00JPHW8653420249,FRXS,JPHW86534202
WASX00QVAM6862674454,WASX,QVAM68626744
SUKN00YQQC2800863166,SUKN,YQQC28008631
LKUB00IBVO3768950928,LKUB,IBVO37689509
HYCX00CCJW6581825310,HYCX,CCJW65818253
UNXT00KDPH1228414979,UNXT,KDPH12284149
GWPD00OPEC8310512020,GWPD,OPEC83105120
PYEZ00ONRI2212633813,PYEZ,ONRI22126338
VTHX00DSHO3344691432,VTHX,DSHO33446914
RTFG00BBVI8160445288,RTFG,BBVI81604452
NENP00RIVO9052914542,NENP,RIVO90529145
DJYN00DSIS2466474005,DJYN,DSIS24664740
USSZ00GIZL0560797789,USSZ,GIZL05607977
ERPA00WJKR0295329586,ERPA,WJKR02953295
HXKU00ZZUY8340877535,HXKU,ZZUY83408775
KZMG00YIBZ1098518979,KZMG,YIBZ10985189
GWYI00IEZS7569570231,GWYI,IEZS75695702
RCJX00VPBD8922914343,RCJX,VPBD89229143
YTXV00QQYQ7515902643,YTXV,QQYQ75159026
ZPDV00IQGW9924190250,ZPDV,IQGW99241902
RCYC00NNYV2215484254,RCYC,NNYV22154842
BWNX00USKT0591836436,BWNX,USKT05918364
THMP00RMVT4527961378,THMP,RMVT45279613
OEHU00JLDV4521231263,OEHU,JLDV45212312
XUOJ00BVLG6047350143,XUOJ,BVLG60473501
ECCY00TQWX4756633297,ECCY,TQWX47566332
WIIS00CUZC0658351415,WIIS,CUZC06583514
OLTZ00VTKI0880017390,OLTZ,VTKI08800173
RRYC00FPTQ3719304696,RRYC,FPTQ37193046
GIYA00LGGB3030016424,GIYA,LGGB30300164
CZPP00IQQR7278878167,CZPP,IQQR72788781
CKZD00DDNN6023379417,CKZD,DDNN60233794
ZPDK00UESA3041395888,ZPDK,UESA30413958
AVMU00UGOR3598871755,AVMU,UGOR35988717
RMTT00HLRZ8943143642,RMTT,HLRZ89431436
QROX00ECWB3077221428,QROX,ECWB30772214
BFBV00WICY8977251650,BFBV,WICY89772516
WIUV00SPHL3334829627,WIUV,SPHL33348296
HPXF00TFYO4626305785,HPXF,TFYO46263057
HOSJ00AAXX8486606821,HOSJ,AAXX84866068
KPES00JIUP4762710431,KPES,JIUP47627104
LKYY00UAVH0790156886,LKYY,UAVH07901568
WSZI00KIJO7870681077,WSZI,KIJO78706810
LYNM00OWHX7382536845,LYNM,OWHX73825368
SWVA00FSVZ1807443802,SWVA,FSVZ18074438
GVEH00RTSG9049294891,GVEH,RTSG90492948
CVYR00QJYK3873780893,CVYR,QJYK38737808
QVKH00QVUR1973262282,QVKH,QVUR19732622
PVFP00ACSS5555441021,PVFP,ACSS55554410
EQGZ00UDFC7274376280,EQGZ,UDFC72743762
UBQA00HOUP6781605292,UBQA,HOUP67816052
USHC00QPEY2380853912,USHC,QPEY23808539
PCYC00MLBK6170912597,PCYC,MLBK61709125
UOKH00AOGC9236378616,UOKH,AOGC92363786
QKVK00IBLV8880503958,QKVK,IBLV88805039
VSYR00DKHP9405739902,VSYR,DKHP94057399
SKTO00ELYZ0476495567,SKTO,ELYZ04764955
UYKX00EWHS6906326552,UYKX,EWHS69063265
LUIQ00KKWH5874253759,LUIQ,KKWH58742537
FNIZ00NIIO1485521682,FNIZ,NIIO14855216
CTIC00SMTT1447882583,CTIC,SMTT14478825
KQLU00BBIC5709173246,KQLU,BBIC57091732
SQTD00GKIT4442628675,SQTD,GKIT44426286
ITCY00ILUM0782450655,ITCY,ILUM07824506
XQJY00MBJK1595888029,XQJY,MBJK15958880
ZHGS00PYMI4386989851,ZHGS,PYMI43869898
LDLK00ZPEJ6250407812,LDLK,ZPEJ62504078
BTIR00SSUO7834237430,BTIR,SSUO78342374
CPJB00YILR8920247520,CPJB,YILR89202475
IUYH00KUXK8710121132,IUYH,KUXK87101211
NAVL00UTSL5295871274,NAVL,UTSL52958712
ZJBA00TXMO6014319105,ZJBA,TXMO60143191
ZVJF00DLHM0005192120,ZVJF,DLHM00051921
BDLK00EGGP8105256893,BDLK,EGGP81052568
GAMY00VESW8463572025,GAMY,VESW84635720
BOZN00FYXO8295754407,BOZN,FYXO82957544
EFLE00LXKQ5253179927,EFLE,LXKQ52531799
YJQL00QEYX5819311541,YJQL,QEYX58193115
ZXEK00QBLR3761476821,ZXEK,QBLR37614768
VVZY00JBTI0999919294,VVZY,JBTI09999192
IOAA00EBDA5944790295,IOAA,EBDA59447902
LORJ00RUOZ9360206166,LORJ,RUOZ93602061
XTQU00OEOO7845359542,XTQU,OEOO78453595
KLPT00LJHO9257301353,KLPT,LJHO92573013
UBXV00PYWD2981736783,UBXV,PYWD29817367
EMZM00XVFP8102100042,EMZM,XVFP81021000
XVLI00PJCO0678260847,XVLI,PJCO06782608
MOQD00LXKM1415326133,MOQD,LXKM14153261
ASKN00WYWL6633804350,ASKN,WYWL66338043
OEKU00EWTR4797658195,OEKU,EWTR47976581
YWBB00FOUW4198887108,YWBB,FOUW41988871
PETH00KKSY6769346916,PETH,KKSY67693469
CONO00KFER7354274588,CONO,KFER73542745
RLHS00ZXNO0916828316,RLHS,ZXNO09168283
YQBJ00BIBS5059678520,YQBJ,BIBS50596785
RDRK00WVTF5720127190,RDRK,WVTF57201271
VOAY00BQYJ0626085144,VOAY,BQYJ06260851
RWZV00NEWC4981873574,RWZV,NEWC49818735
OPOE00PNMY4185398314,OPOE,PNMY41853983
DISQ00MSCD8544058861,DISQ,MSCD85440588
SMIO00RHBP4020858405,SMIO,RHBP40208584
CMAU00PFLX4354403268,CMAU,PFLX43544032
CAHI00KFWR7692234966,CAHI,KFWR76922349
EJSW00STRD6369456337,EJSW,STRD63694563
EAWE00AKRB7009723161,EAWE,AKRB70097231
VJDM00FEKJ1632391598,VJDM,FEKJ16323915
XAVG00WRQU2612250346,XAVG,WRQU26122503
SHHO00NHSA5366011482,SHHO,NHSA53660114
GYSS00BBQT8701849846,GYSS,BBQT87018498
KCAX00CTJA9399948112,KCAX,CTJA93999481
BIGE00UFIO4824399774,BIGE,UFIO48243997
GGPL00DSDN3876137688,GGPL,DSDN38761376
RYUV00XWVD0047007064,RYUV,XWVD00470070
BTIO00OYBG1181634474,BTIO,OYBG11816344
OEWS00EOUR6951736639,OEWS,EOUR69517366
XHVC00ZDOV7207968712,XHVC,ZDOV72079687
BWPK00HGCW3216868550,BWPK,HGCW32168685
AKXY00GCHE9116783488,AKXY,GCHE91167834
GBNN00KYBE4951231824,GBNN,KYBE49512318
QPME00BMHG7971702526,QPME,BMHG79717025
IFCL00VOJD7699361078,IFCL,VOJD76993610
BLUK00ZDSS0971001372,BLUK,ZDSS09710013
QJAS00FMHV2639653660,QJAS,FMHV26396536
NZVJ00JXFQ9615492850,NZVJ,JXFQ96154928
CYZL00KDRS3697408084,CYZL,KDRS36974080
MWTF00SUOX6589139204,MWTF,SUOX65891392
MHAW00PNYU0961492610,MHAW,PNYU09614926
PCXO00PZOT3597201743,PCXO,PZOT35972017
ZHYG00LPHJ7080179519,ZHYG,LPHJ70801795
LJLN00EQQE8198259314,LJLN,EQQE81982593
NZYZ00IMXP4560857097,NZYZ,IMXP45608570
HMUH00XYMC6400718142,HMUH,XYMC64007181
PJNG00IUZL7935749917,PJNG,IUZL79357499
MNPQ00MXYY1484345157,MNPQ,MXYY14843451
HXRO00IIXP1219767537,HXRO,IIXP12197675
ICPP00SLCV7808055692,ICPP,SLCV78080556
PHQN00KBAK6264318473,PHQN,KBAK62643184
USJV00QBXA9571638334,USJV,QBXA95716383
YPBS00RHCM3606034564,YPBS,RHCM36060345
CHJT00ISRD2505073211,CHJT,ISRD25050732
FGAV00THDB6072659960,FGAV,THDB60726599
TPPZ00MUWZ1115216469,TPPZ,MUWZ11152164
NZIS00NALI1806008837,NZIS,NALI18060088
MTJT00LGQY1692267635,MTJT,LGQY16922676
EMWO00STER8086966496,EMWO,STER80869664
YWNJ00ZNTN1466254684,YWNJ,ZNTN14662546
TBJX00CUIV5381790812,TBJX,CUIV53817908
SYVC00YENQ1434659040,SYVC,YENQ14346590
AXEY00OOBH3614790107,AXEY,OOBH36147901
ZULY00ZTAR4254244102,ZULY,ZTAR42542441
AVBU00WWMG2368023177,AVBU,WWMG23680231
RRWB00QNZV4831021183,RRWB,QNZV48310211
IDWC00RXQI5955941537,IDWC,RXQI59559415
TEQA00CGJK6721051758,TEQA,CGJK67210517
TZEV00GXFN6928777913,TZEV,GXFN69287779
SMUU00FMYZ4217329521,SMUU,FMYZ42173295
TSMW00YPFJ1688241992,TSMW,YPFJ16882419
YLYP00QLTQ6716839802,YLYP,QLTQ67168398
ZAAB00UZTM4920304133,ZAAB,UZTM49203041
HBVV00MTIW3534282921,HBVV,MTIW35342829
TZET00OPCW8753504060,TZET,OPCW87535040
ACER00QDLE7973010059,ACER,QDLE79730100
NTJF00FHMS0471933003,NTJF,FHMS04719330
RMIS00WJNB0624525907,RMIS,WJNB06245259
LYIJ00LFDH1877689932,LYIJ,LFDH18776899
AJYO00ZFOZ6459069531,AJYO,ZFOZ64590695
OBDR00JEHU8708267485,OBDR,JEHU87082674
CQHG00AMDB3022669669,CQHG,AMDB30226696
TLMV00IRCY5691622332,TLMV,IRCY56916223
FXUY00ZJQA8842862039,FXUY,ZJQA88428620
UEUO00TUIB5729639848,UEUO,TUIB57296398
ANSD00MNDL9503794229,ANSD,MNDL95037942
OZJG00HJOE6128402251,OZJG,HJOE61284022
FXKX00UVPC7581340419,FXKX,UVPC75813404
ZBZL00ATYY9903815484,ZBZL,ATYY99038154
EPEY00NFUM0410022253,EPEY,NFUM04100222
QMUR00YFLQ3541482198,QMUR,YFLQ35414821
YUPE00KTVW8734724695,YUPE,KTVW87347246
AFBA00GDCR6147623873,AFBA,GDCR61476238
LWKY00MTJE7527561329,LWKY,MTJE75275613
GIFO00DFDW2759800028,GIFO,DFDW27598000
SGFZ00RHID9052772650,SGFZ,RHID90527726
PEWH00WFBL7825996106,PEWH,WFBL78259961
OJOD00TNCO9688145074,OJOD,TNCO96881450
KWPT00ETTY3595037638,KWPT,ETTY35950376
SSEF00JJTV8625552668,SSEF,JJTV86255526
NPQG00UQMM3433620623,NPQG,UQMM34336206
SYCL00MLWG7691006205,SYCL,MLWG76910062
JQAK00EIFV1009551171,JQAK,EIFV10095511
LCCZ00OWMH6193657855,LCCZ,OWMH61936578
ZBDU00SWUG8268220487,ZBDU,SWUG82682204
ICDY00WBPR2199940023,ICDY,WBPR21999400
GLDV00MFRH0544455492,GLDV,MFRH05444554
YGYI00AFSZ6528338597,YGYI,AFSZ65283385
YGTN00VTGE5283501731,YGTN,VTGE52835017
CHZK00LMDH2853953810,CHZK,LMDH28539538
EURD00JSFQ8831061515,EURD,JSFQ88310615
XTFV00BKPX7339894293,XTFV,BKPX73398942
PYJT00NMOO8574279381,PYJT,NMOO85742793
IPIQ00MQSF7947119833,IPIQ,MQSF79471198
VCDZ00OICV3557288577,VCDZ,OICV35572885
CQAF00VGCC0965856878,CQAF,VGCC09658568
UHDN00ELDH3113633352,UHDN,ELDH31136333
ZEHD00TSUT8971245876,ZEHD,TSUT89712458
YYEX00PXYM7387397660,YYEX,PXYM73873976
YGRZ00AWBQ0610752332,YGRZ,AWBQ06107523
OYDC00QGFW5345828441,OYDC,QGFW53458284
WTQF00PAKI2675364423,WTQF,PAKI26753644
VWVZ00CZOU8172242212,VWVZ,CZOU81722422
VIHL00YNUN1813175761,VIHL,YNUN18131757
TWYJ00LWXY1512798308,TWYJ,LWXY15127983
RPBZ00IZWV8810783355,RPBZ,IZWV88107833
CMVK00BIKJ0316482128,CMVK,BIKJ03164821
HHMQ00QBEA9638217043,HHMQ,QBEA96382170
NLFH00JLCF7849388641,NLFH,JLCF78493886
JJER00NFMX3292869419,JJER,NFMX32928694
OLED00YYYO2207511135,OLED,YYYO22075111
FFJA00XHAF1587040579,FFJA,XHAF15870405
XVPK00JIAU0495841371,XVPK,JIAU04958413
KREF00IHSO5693274786,KREF,IHSO56932747
BINJ00AZDL0456750741,BINJ,AZDL04567507
OLCO00EDXC2496249296,OLCO,EDXC24962492
BHXC00BEVE7343425554,BHXC,BEVE73434255
QZEA00BDDA6932103702,QZEA,BDDA69321037
BGMM00FURJ0848441676,BGMM,FURJ08484416
YUGW00WFEK5174177761,YUGW,WFEK51741777
XTWE00JOMX8796257983,XTWE,JOMX87962579
CXOF00PIHO3139317068,CXOF,PIHO31393170
ZLRY00WMFW1980524628,ZLRY,WMFW19805246
UKMI00UURJ8380417205,UKMI,UURJ83804172
KNJY00KOUD5704041779,KNJY,KOUD57040417
JKHJ00RSIA7871004366,JKHJ,RSIA78710043
SNUQ00EXTL9068239722,SNUQ,EXTL90682397
EWCE00MCSO8199711960,EWCE,MCSO81997119
EZAF00LXUP6478450362,EZAF,LXUP64784503
TPDG00TCEJ6923879896,TPDG,TCEJ69238798
HZCO00UGIE1986089365,HZCO,UGIE19860893
KDSW00HQUQ4103034292,KDSW,HQUQ41030342
BAZE00SUUZ0956083097,BAZE,SUUZ09560830
XKOX00NEDE7431494257,XKOX,NEDE74314942
CBRH00BFGE2471986060,CBRH,BFGE24719860
LXSV00RMUO5772767729,LXSV,RMUO57727677
UQKT00HOSY7793184258,UQKT,HOSY77931842
RHTV00LKHV4928364909,RHTV,LKHV49283649
DNTO00FAMO5145714978,DNTO,FAMO51457149
IGXI00BILQ2466010728,IGXI,BILQ24660107
RLCC00ROPS8177879261,RLCC,ROPS81778792
CORN00IUAA2525582719,CORN,IUAA25255827
OHVE00LHDM7227541115,OHVE,LHDM72275411
ZRYB00YUSP0357549733,ZRYB,YUSP03575497
ODCT00EXUY0438682088,ODCT,EXUY04386820
QIGI00FLDZ6985453610,QIGI,FLDZ69854536
FFLQ00HSAS2250890546,FFLQ,HSAS22508905
DEQS00CFUD8696052751,DEQS,CFUD86960527
NHSV00FITZ5504862221,NHSV,FITZ55048622
KCQX00QMIM8290057642,KCQX,QMIM82900576
FHZK00TBQP5700974154,FHZK,TBQP57009741
HSAS00LSYC2769766612,HSAS,LSYC27697666
HLWF00XGPL0604111972,HLWF,XGPL06041119
TYYZ00JTQX5658283374,TYYZ,JTQX56582833
XXNT00AAGW8292018706,XXNT,AAGW82920187
RIGC00RWSJ4422481282,RIGC,RWSJ44224812
OXFB00PQAB3307739167,OXFB,PQAB33077391
MUPH00HBUK8989968352,MUPH,HBUK89899683
MPKY00BOWW2471593281,MPKY,BOWW24715932
EFYX00ZBOA9462529987,EFYX,ZBOA94625299
OTPI00IQKH9075532946,OTPI,IQKH90755329
LQJD00JDVB4271747569,LQJD,JDVB42717475
GXTO00WNPG1612058894,GXTO,WNPG16120588
XWRM00CLNX4906372960,XWRM,CLNX49063729
UXOQ00VSDT2437863819,UXOQ,VSDT24378638
PVCI00DLUO9993816884,PVCI,DLUO99938168
NCBD00FUTK2488145810,NCBD,FUTK24881458
FUFH00NQPA3165584477,FUFH,NQPA31655844
XRKN00MCQY7000611437,XRKN,MCQY70006114
NTAA00XQGJ5107797190,NTAA,XQGJ51077971
VETV00ZGNO7264323247,VETV,ZGNO72643232
IQYF00NZZQ9647078944,IQYF,NZZQ96470789
XAKH00BDTY2105783721,XAKH,BDTY21057837
OOGN00FKXQ1624513387,OOGN,FKXQ16245133
SVIA00VYTA2455443211,SVIA,VYTA24554432
VVZI00NLNN8939592354,VVZI,NLNN89395923
MBGT00YAPA4406931004,MBGT,YAPA44069310
KTYC00FAPK1880847495,KTYC,FAPK18808474
SWMU00EVYK5144559178,SWMU,EVYK51445591
UYHI00SSNY7344402625,UYHI,SSNY73444026
MNOV00YNPM3871055570,MNOV,YNPM38710555
IQJG00RVHP9857624188,IQJG,RVHP98576241
TIBH00EXGO0440043007,TIBH,EXGO04400430
GCRO00OLXK5204696958,GCRO,OLXK52046969
AKYD00NROG7000782542,AKYD,NROG70007825
MKWZ00UYMZ5552002595,MKWZ,UYMZ55520025
MNAO00BHBH8864358093,MNAO,BHBH88643580
SWSX00LJCM8904846493,SWSX,LJCM89048464
OMKO00IUDA4912237961,OMKO,IUDA49122379
PXZP00LFQA2899577990,PXZP,LFQA28995779
BYJE00OCJZ0032077939,BYJE,OCJZ00320779
VWUI00KHHU3178848410,VWUI,KHHU31788484
LSEM00EPEE5022999848,LSEM,EPEE50229998
MXIS00QNRK6675554021,MXIS,QNRK66755540
KRMJ00BTIY7923709756,KRMJ,BTIY79237097
KPGA00DOJP7111754509,KPGA,DOJP71117545
GVXO00KOHW6392095576,GVXO,KOHW63920955
BQSI00KIQW5225404108,BQSI,KIQW52254041
FCWE00PXUQ2693885605,FCWE,PXUQ26938856
JUHI00RHSA3040776737,JUHI,RHSA30407767
IWUI00CJVH1972872972,IWUI,CJVH19728729
LSXZ00QANO9000064950,LSXZ,QANO90000649
BQVS00NCYT0359650479,BQVS,NCYT03596504
OSTZ00MFBB5583407241,OSTZ,MFBB55834072
KWWR00XMCQ0550393217,KWWR,XMCQ05503932
IKXW00WZUO0947341774,IKXW,WZUO09473417
EWNI00ZVYK0154342169,EWNI,ZVYK01543421
ZLTS00VMFC2392011407,ZLTS,VMFC23920114
FTVW00EEUS1746033030,FTVW,EEUS17460330
WHXD00UEWP9488666527,WHXD,UEWP94886665
XFGR00WMXW5012901390,XFGR,WMXW50129013
VJDE00ZJAS9167648526,VJDE,ZJAS91676485
BFSE00GBPA0148534351,BFSE,GBPA01485343
NIIM00GIRR3361675449,NIIM,GIRR33616754
SSWK00EDEC3127900876,SSWK,EDEC31279008
BMIO00CECQ3435115722,BMIO,CECQ34351157
DXEY00YYOI0750930483,DXEY,YYOI07509304
DXMV00MCEC9776669231,DXMV,MCEC97766692
ZJFK00WVBO3059136436,ZJFK,WVBO30591364
IUWX00WMOG6222540305,IUWX,WMOG62225403
CUKC00YEOJ0896857581,CUKC,YEOJ08968575
NLSM00KRZH4494990523,NLSM,KRZH44949905
EWCG00DALG2764658496,EWCG,DALG27646584
NAID00BIYL1172117591,NAID,BIYL11721175
QVXI00DFUV1304314967,QVXI,DFUV13043149
CKVP00WEAA7118952278,CKVP,WEAA71189522
IDVM00VONB1080414452,IDVM,VONB10804144
EMAJ00KWPT8789057465,EMAJ,KWPT87890574
IZXL00MGSS2721802104,IZXL,MGSS27218021
PQDI00IMNM0520839417,PQDI,IMNM05208394
KGJT00APEI5065377070,KGJT,APEI50653770
ZRSB00BHAR4515973937,ZRSB,BHAR45159739
RWEW00SELF4801963078,RWEW,SELF48019630
FJKC00JMPQ0224638241,FJKC,JMPQ02246382
NPWM00OGAP0314419744,NPWM,OGAP03144197
PAKR00HRPR8619265932,PAKR,HRPR86192659
YUKV00CINW5526534642,YUKV,CINW55265346
MTTF00XFJY4892122593,MTTF,XFJY48921225
XKDM00MBRS2484360892,XKDM,MBRS24843608
RTIO00ITGX5805213610,RTIO,ITGX58052136
UGYW00FPOW1170723208,UGYW,FPOW11707232
QSZD00IXCA3791089264,QSZD,IXCA37910892
APFI00GCEC2306748853,APFI,GCEC23067488
OVZI00FGFG2874815933,OVZI,FGFG28748159
FXQR00CBGD3122592008,FXQR,CBGD31225920
CQWY00WXZZ1756952661,CQWY,WXZZ17569526
CCCE00BBFJ5968799057,CCCE,BBFJ59687990
QHKE00TVXJ7971759127,QHKE,TVXJ79717591
VFWG00XIFE3529871466,VFWG,XIFE35298714
GKYN00ZESG1436981942,GKYN,ZESG14369819
GWOD00ECGC3379597309,GWOD,ECGC33795973
URIK00KNXB7481276508,URIK,KNXB74812765
GYDB00AACM8766072149,GYDB,AACM87660721
WNAG00KGMM6160430948,WNAG,KGMM61604309
JWQY00NBEU4071664029,JWQY,NBEU40716640
BYOV00KWRH6940381808,BYOV,KWRH69403818
ONCI00ZHTM5781966319,ONCI,ZHTM57819663
CBSN00KJTA5210026556,CBSN,KJTA52100265
FOHY00EONJ5389803562,FOHY,EONJ53898035
BAUZ00HLRC2375525865,BAUZ,HLRC23755258
WZPF00SSSD3641813667,WZPF,SSSD36418136
TSTU00TKLK5302905479,TSTU,TKLK53029054
WADQ00BGJN1554380278,WADQ,BGJN15543802
WMFA00TRPJ7907482157,WMFA,TRPJ79074821
TPTB00EJXF1894150791,TPTB,EJXF18941507
KCHH00TVYI5382519240,KCHH,TVYI53825192
FUGX00JZOD0948098550,FUGX,JZOD09480985
JUCW00JFFP0774572826,JUCW,JFFP07745728
RUID00LOYV9062380883,RUID,LOYV90623808
GKYU00UOCM2649787558,GKYU,UOCM26497875
KUHH00JOND2614097287,KUHH,JOND26140972
XNKV00CUDW7104744947,XNKV,CUDW71047449
LNLT00DTBV4454677450,LNLT,DTBV44546774
LEOE00TQDQ7588066159,LEOE,TQDQ75880661
ULTZ00LGML1562673226,ULTZ,LGML15626732
PLJK00SQHM9148328491,PLJK,SQHM91483284
PAZK00DRLZ6649515351,PAZK,DRLZ66495153
SAUI00JXJA0943454692,SAUI,JXJA09434546
ZLLL00LKON3628049293,ZLLL,LKON36280492
JTPD00LRLV5389942219,JTPD,LRLV53899422
PIAM00DXIK7200243288,PIAM,DXIK72002432
WBRA00LHHI9871565377,WBRA,LHHI98715653
YQKP00FPHY8342327946,YQKP,FPHY83423279
SEWF00HMWI8436607420,SEWF,HMWI84366074
VLWY00NDFL1498702951,VLWY,NDFL14987029
CNEG00SHNP8532172872,CNEG,SHNP85321728
LYOQ00HVVP3565328008,LYOQ,HVVP35653280
PNSY00FIUG6585329948,PNSY,FIUG65853299
DKLH00CJNB2098024031,DKLH,CJNB20980240
IECK00IXYC4724557870,IECK,IXYC47245578
MQME00ZURH7724867706,MQME,ZURH77248677
IRKQ00KRGI5407994710,IRKQ,KRGI54079947
WESF00UXRK2469691705,WESF,UXRK24696917
POGS00SVTM9484721631,POGS,SVTM94847216
JQUE00PSRL6386625671,JQUE,PSRL63866256
FRRN00HTUQ8438740308,FRRN,HTUQ84387403
DKZZ00YFGO5606571456,DKZZ,YFGO56065714
IPSQ00ZQOE9544086965,IPSQ,ZQOE95440869
URIY00JEKX9166972734,URIY,JEKX91669727
MEBM00DQEU7023841865,MEBM,DQEU70238418
PFES00APSC8118581762,PFES,APSC81185817
YHKW00ETLJ4686770975,YHKW,ETLJ46867709
XINX00QOUK6790594463,XINX,QOUK67905944
JKKN00LLRE7254293810,JKKN,LLRE72542938
TVFV00UMUU9560337146,TVFV,UMUU95603371
POJV00CGOO8098206343,POJV,CGOO80982063
SQLH00TIDQ3216114593,SQLH,TIDQ32161145
KXLD00HKTG0391161141,KXLD,HKTG03911611
GJLL00GVUO1833819749,GJLL,GVUO18338197
WPYV00HBLQ7301261831,WPYV,HBLQ73012618
UQTZ00FRBZ2716035775,UQTZ,FRBZ27160357
JODO00ISDG1563042420,JODO,ISDG15630424
VCLR00JTKZ6677488547,VCLR,JTKZ66774885
YIAX00RNZV8608221281,YIAX,RNZV86082212
VTOE00MDDT3020850382,VTOE,MDDT30208503
FYZE00FQAD7146993548,FYZE,FQAD71469935
HTPV00PHQD6290207320,HTPV,PHQD62902073
LTPZ00UORX9935203972,LTPZ,UORX99352039
ELRD00RVZM0811783320,ELRD,RVZM08117833
DVVE00DXPV0675478170,DVVE,DXPV06754781
OFOJ00XNJZ4290065184,OFOJ,XNJZ42900651
ONQO00YVTT3552288364,ONQO,YVTT35522883
VAHE00UZER4250076466,VAHE,UZER42500764
LSJK00OYYC0540403218,LSJK,OYYC05404032
OKLU00ZVGL7175247113,OKLU,ZVGL71752471
XTWX00JCNF5091805269,XTWX,JCNF50918052
TMBE00OFCD8706588087,TMBE,OFCD87065880
RVEC00XJDC2755011512,RVEC,XJDC27550115
AXZB00XEOS7078737547,AXZB,XEOS70787375
TRYC00RWVU8988478150,TRYC,RWVU89884781
ZEDP00ZZZL1461462983,ZEDP,ZZZL14614629
HUIN00MNZX9339956670,HUIN,MNZX93399566
VFEX00OXGQ1827220458,VFEX,OXGQ18272204
FJKH00OWBO7512937892,FJKH,OWBO75129378
ICLA00FUOK6314289262,ICLA,FUOK63142892
PNIR00DNEG5635491460,PNIR,DNEG56354914
MFKP00MGBB2850645737,MFKP,MGBB28506457
CQDG00VRZT7392008328,CQDG,VRZT73920083
ZPTQ00DKXS7982760894,ZPTQ,DKXS79827608
LUQA00LUBG0975109020,LUQA,LUBG09751090
JSJH00GHEH4244322327,JSJH,GHEH42443223
DZSD00DASZ1857457550,DZSD,DASZ18574575
GFYR00DNYR6986611063,GFYR,DNYR69866110
JIHJ00CKJW6340681526,JIHJ,CKJW63406815
YDEP00NEDG9901561590,YDEP,NEDG99015615
FGAD00ROIJ2649369656,FGAD,ROIJ26493696
LSMU00HASC5785373966,LSMU,HASC57853739
TZNR00EBII0917491776,TZNR,EBII09174917
BORP00MTHI4611129003,BORP,MTHI46111290
ISRU00MDJR9693450412,ISRU,MDJR96934504
JOOU00ZIWA6099468724,JOOU,ZIWA60994687
CHJF00FBKB1706293960,CHJF,FBKB17062939
NCFG00GMZO7609190905,NCFG,GMZO76091909
LVAY00NQRR2830482281,LVAY,NQRR28304822
TQCO00RSZC0789697935,TQCO,RSZC07896979
QIYP00DINJ3426692578,QIYP,DINJ34266925
SFXO00WMMJ0707226950,SFXO,WMMJ07072269
YZCJ00BIUA8766329440,YZCJ,BIUA87663294
HFLE00OEUE9599089785,HFLE,OEUE95990897
PLSK00FRVF0041112443,PLSK,FRVF00411124
ISTB00RCXA0901348733,ISTB,RCXA09013487
PJRE00WCPB6607636933,PJRE,WCPB66076369
WSLH00SOOD2938330982,WSLH,SOOD29383309
XQTU00AGAO3291406997,XQTU,AGAO32914069
UPKP00XBAT1821181326,UPKP,XBAT18211813
TAJO00QERE4102960397,TAJO,QERE41029603
TSTA00BJAX5382682955,TSTA,BJAX53826829
JYDF00UJSL4221858595,JYDF,UJSL42218585
XNKC00HGLL1760646947,XNKC,HGLL17606469
TZQQ00ATGQ2903740570,TZQQ,ATGQ29037405
RUHV00JOXB4179193944,RUHV,JOXB41791939
SVVQ00QKBA4227541811,SVVQ,QKBA42275418
YIAH00BNLT0851575395,YIAH,BNLT08515753
SIWI00SGNI6319554148,SIWI,SGNI63195541
LZJO00FHPE8529434986,LZJO,FHPE85294349
BQXB00KLXI1821827640,BQXB,KLXI18218276
OZYD00IMDZ3870492140,OZYD,IMDZ38704921
MLOF00MZOP7824451076,MLOF,MZOP78244510
TGVZ00ZQEJ5816141985,TGVZ,ZQEJ58161419
WJSA00LNEY9846531398,WJSA,LNEY98465313
QGMA00PXPX5697067202,QGMA,PXPX56970672
GGKB00MDTG2046762167,GGKB,MDTG20467621
IWMH00NURI6069574205,IWMH,NURI60695742
MZOJ00BCEY8646031606,MZOJ,BCEY86460316
FYBA00GRBE2797631790,FYBA,GRBE27976317
WDQD00NTNV3314769669,WDQD,NTNV33147696
ZPVG00RUUT8437767004,ZPVG,RUUT84377670
FINE00FXWK6208525897,FINE,FXWK62085258
OOJA00MSHA0527650724,OOJA,MSHA05276507
REVE00LKJV7193434953,REVE,LKJV71934349
ZLXA00WNSQ4622124105,ZLXA,WNSQ46221241
NZXM00ZZTS7715961995,NZXM,ZZTS77159619
BQVK00CBYH4300250420,BQVK,CBYH43002504
JPNE00YYQN9300160453,JPNE,YYQN93001604
XCQX00LHGS5780586819,XCQX,LHGS57805868
XZYI00ISMS6218185757,XZYI,ISMS62181857
OSXN00EICA3956835820,OSXN,EICA39568358
IKQO00OGBI0340819024,IKQO,OGBI03408190
KFSU00PWWN2181317536,KFSU,PWWN21813175
VQGO00QOWT1325458240,VQGO,QOWT13254582
BBQM00LAQZ9459822836,BBQM,LAQZ94598228
BKEG00SKFQ1132850069,BKEG,SKFQ11328500
DTGL00DYJL7990760208,DTGL,DYJL79907602
WHVX00MVIK6778993743,WHVX,MVIK67789937
TYZL00MFTB7849429816,TYZL,MFTB78494298
BQXS00QOEJ4184792068,BQXS,QOEJ41847920
BEOV00EFQB1192852170,BEOV,EFQB11928521
HKJN00EQIN1019642161,HKJN,EQIN10196421
BZRD00DUOK8092822861,BZRD,DUOK80928228
ROJL00UWZH6019623850,ROJL,UWZH60196238
GXPK00MNWQ5608300374,GXPK,MNWQ56083003
GCLI00IYAK2904397796,GCLI,IYAK29043977
ICIK00YWKE1382037928,ICIK,YWKE13820379
DMUG00WHMX1633412325,DMUG,WHMX16334123
NFQC00HHME1171504576,NFQC,HHME11715045
OTUE00QOFR5038628290,OTUE,QOFR50386282
XKMN00DCUB0935407097,XKMN,DCUB09354070
PWWB00EXPW0341803335,PWWB,EXPW03418033
VDTM00NGBZ7140190004,VDTM,NGBZ71401900
YJLY00SUNW1044081436,YJLY,SUNW10440814
FROS00BTXB2285086680,FROS,BTXB22850866
PFXS00YVHA1185976840,PFXS,YVHA11859768
HLGG00DWUA5791040346,HLGG,DWUA57910403
TEYQ00IIGD3377566911,TEYQ,IIGD33775669
UYOE00PNRV1893969066,UYOE,PNRV18939690
OWBR00ZZSK1089539348,OWBR,ZZSK10895393
KXSR00UXGQ1881674286,KXSR,UXGQ18816742
RSGX00EUDZ5422650078,RSGX,EUDZ54226500
DVLQ00ITMY8271434153,DVLQ,ITMY82714341
PASO00CAWO8831868552,PASO,CAWO88318685
FNPV00UGBC4599679861,FNPV,UGBC45996798
TSNH00QUPT4260160249,TSNH,QUPT42601602
ZEBT00YAST9516274052,ZEBT,YAST95162740
PGGH00PPJE2549747745,PGGH,PPJE25497477
MCKB00JHAL9374490511,MCKB,JHAL93744905
EYMH00PAJN7925308072,EYMH,PAJN79253080
JOHN00JJYA7728739867,JOHN,JJYA77287398
FAPJ00XTNW0911061324,FAPJ,XTNW09110613
WAKF00ASPG4239760191,WAKF,ASPG42397601
WQBZ00HEVP3753337534,WQBZ,HEVP37533375
RRQL00HHOL3481215624,RRQL,HHOL34812156
OEEO00WGFF6451524741,OEEO,WGFF64515247
DRRY00DFMT6397326922,DRRY,DFMT63973269
HDFZ00CHSP6703165338,HDFZ,CHSP67031653
CXHJ00MEJA7669516113,CXHJ,MEJA76695161
NXBI00EGXD7455708332,NXBI,EGXD74557083
KTYY00FLFH5250441653,KTYY,FLFH52504416
LJZJ00ACFS7069190392,LJZJ,ACFS70691903
FSBE00CTTG7650405874,FSBE,CTTG76504058
YAYU00DECO5355710354,YAYU,DECO53557103
WEDI00UJAR8856111515,WEDI,UJAR88561115
EFQS00NMOT7538148819,EFQS,NMOT75381488
XAMG00MBIE2215352212,XAMG,MBIE22153522
BIXO00GQRP9831601164,BIXO,GQRP98316011
QBJG00XAUA6968646761,QBJG,XAUA69686467
TAQQ00KCIV4842264683,TAQQ,KCIV48422646
JZKX00YDRF0627288190,JZKX,YDRF06272881
TYSM00EWNJ6913288629,TYSM,EWNJ69132886
UJUI00JUQK9562455980,UJUI,JUQK95624559
DCFO00DOLS2098567089,DCFO,DOLS20985670
DPUQ00KNKP7002641357,DPUQ,KNKP70026413
YANQ00VZPN6494825263,YANQ,VZPN64948252
FMXL00ILHV1616215794,FMXL,ILHV16162157
NTZJ00OYWL4063158785,NTZJ,OYWL40631587
ULDO00JWNO5541408256,ULDO,JWNO55414082
HVCT00YUXF2124600407,HVCT,YUXF21246004
RNRT00MGIP8539235057,RNRT,MGIP85392350
RVYJ00OPNW6364205340,RVYJ,OPNW63642053
EVKH00ECYI6747598826,EVKH,ECYI67475988
GPTX00ZQAK3871391776,GPTX,ZQAK38713917
RPUT00QBAK2355752341,RPUT,QBAK23557523
ZJLZ00PFBU1815466975,ZJLZ,PFBU18154669
UQBR00RVTL7501406576,UQBR,RVTL75014065
DWEY00EZWA8562506055,DWEY,EZWA85625060
OKOE00MLIF5165020281,OKOE,MLIF51650202
QLNG00IWVE7504396993,QLNG,IWVE75043969
SKYH00NRGL6768692372,SKYH,NRGL67686923
EILN00XOKB4723005740,EILN,XOKB47230057
BZSM00MZBF1541729274,BZSM,MZBF15417292
EWGS00ZXFW1435242875,EWGS,ZXFW14352428
HJUT00NECA8906879087,HJUT,NECA89068790
MBST00MUKV0314355952,MBST,MUKV03143559
UASP00TNWY5448071434,UASP,TNWY54480714
UZPF00BMOH1834321082,UZPF,BMOH18343210
QNOI00ZZCM4002617738,QNOI,ZZCM40026177
WNEU00LGIF2181977053,WNEU,LGIF21819770
YDRQ00QIPQ2476213681,YDRQ,QIPQ24762136
GSYK00HVDM1316539175,GSYK,HVDM13165391
DNCT00IATJ5809185726,DNCT,IATJ58091857
LGAA00LZXE9847758082,LGAA,LZXE98477580
RMWU00FMBF5803753634,RMWU,FMBF58037536
QIZQ00GZND0237417435,QIZQ,GZND02374174
TLKO00HEYG4021066437,TLKO,HEYG40210664
QXHS00KTIL8148343595,QXHS,KTIL81483435
VHYB00TQFJ0682582389,VHYB,TQFJ06825823
SVWH00FSQC8491859054,SVWH,FSQC84918590
CGAY00QVHI9144341245,CGAY,QVHI91443412
WYXJ00XVBD5642442802,WYXJ,XVBD56424428
WYNI00OHPM9669146763,WYNI,OHPM96691467
QPHK00FLYA3690448643,QPHK,FLYA36904486
TQNF00VXWC9446954841,TQNF,VXWC94469548
JZXX00VTSE7627215572,JZXX,VTSE76272155
ZKKZ00DJQG9592673447,ZKKZ,DJQG95926734
YXTS00GOSC2184623063,YXTS,GOSC21846230
GZGA00VCSE6361910706,GZGA,VCSE63619107
ZWSS00NECF6033032242,ZWSS,NECF60330322
PLLD00LOEG8769433871,PLLD,LOEG87694338
HDCT00DVNZ0100036762,HDCT,DVNZ01000367
TXWJ00ZXAB5723539375,TXWJ,ZXAB57235393
JMPA00AOKE3160873338,JMPA,AOKE31608733
DQIX00BYFE9424482739,DQIX,BYFE94244827
CJXU00STIP4877374055,CJXU,STIP48773740
MOHP00NWNV1048449383,MOHP,NWNV10484493
WBAH00BWFD0627000346,WBAH,BWFD06270003
WJRJ00BZEC3295964591,WJRJ,BZEC32959645
HRXM00XSIB9339050818,HRXM,XSIB93390508
NUZW00PAYA1226924806,NUZW,PAYA12269248
EIQB00GZHB1469338440,EIQB,GZHB14693384
KCNC00HYXZ8395949581,KCNC,HYXZ83959495
EMXS00RLKW7924330003,EMXS,RLKW79243300
DKUU00SPWK0898960879,DKUU,SPWK08989608
NIDV00KKTE4881105216,NIDV,KKTE48811052
ILRN00IGPM7988842837,ILRN,IGPM79888428
KDIC00ZLCX0461926435,KDIC,ZLCX04619264
LPFA00HBWI1090348590,LPFA,HBWI10903485
TPQR00LADB9013680695,TPQR,LADB90136806
XGNA00RONQ3057569328,XGNA,RONQ30575693
GQWH00WNFG1772436372,GQWH,WNFG17724363
DVQK00HYNY9710001443,DVQK,HYNY97100014
ZXXM00QKNP6853496706,ZXXM,QKNP68534967
NYBF00OQOR9065094715,NYBF,OQOR90650947
JQTG00MRFG1798998733,JQTG,MRFG17989987
WKTE00DOPG8258019332,WKTE,DOPG82580193
CZCR00URFO3130542684,CZCR,URFO31305426
WUNE00FKST6669251250,WUNE,FKST66692512
DJCO00VDYU9425989978,DJCO,VDYU94259899
FPOW00IRPH2388200420,FPOW,IRPH23882004
PVHU00PJST9065635583,PVHU,PJST90656355
YGJY00SGKF3117610629,YGJY,SGKF31176106
MNOX00KDIL9594686460,MNOX,KDIL95946864
FOGG00LWNG3028874824,FOGG,LWNG30288748
CRCD00SHEC4728403997,CRCD,SHEC47284039
JZCI00MERE2361212658,JZCI,MERE23612126
KMPQ00JITC9181946824,KMPQ,JITC91819468
IUEB00OPYB2524707279,IUEB,OPYB25247072
CZWB00VYAH5274278723,CZWB,VYAH52742787
HJUH00MLYD4724907416,HJUH,MLYD47249074
YMKW00MOSO1568822047,YMKW,MOSO15688220
YJPC00LYWD6459584139,YJPC,LYWD64595841
GBOL00TSTP6107188675,GBOL,TSTP61071886
ADFW00BEPE5272172244,ADFW,BEPE52721722
IEVK00OEJA0201955509,IEVK,OEJA02019555
EMJT00AKAH2367055279,EMJT,AKAH23670552
RXGI00UJMC5064313084,RXGI,UJMC50643130
SJMF00FKNP3906359111,SJMF,FKNP39063591
JKJA00EHZU7699720768,JKJA,EHZU76997207
VFMB00PDYV7180197563,VFMB,PDYV71801975
UEMV00NFDA1925366963,UEMV,NFDA19253669
MYGB00GXFJ4198006420,MYGB,GXFJ41980064
LNPN00MEXH2026563329,LNPN,MEXH20265633
BZZN00SBVQ3777054975,BZZN,SBVQ37770549
OXVN00PAYH9855389147,OXVN,PAYH98553891
PISW00CIKW6529894677,PISW,CIKW65298946
PPVF00WKJA6318224319,PPVF,WKJA63182243
PDOU00JXFV8104160621,PDOU,JXFV81041606
MAIY00SGXE2207614396,MAIY,SGXE22076143
CWIE00XOFP1757056321,CWIE,XOFP17570563
HILD00SXSN9863668923,HILD,SXSN98636689
UOFF00TNDU8478754359,UOFF,TNDU84787543
HUSQ00BRUA8460522971,HUSQ,BRUA84605229
CFDO00SHKP5724632126,CFDO,SHKP57246321
TZSL00TQCU0234286290,TZSL,TQCU02342862
LBNZ00VFBV4842615020,LBNZ,VFBV48426150
NVEX00LTIO9843146545,NVEX,LTIO98431465
SZRC00XHBN5116733737,SZRC,XHBN51167337
IFLG00TPLR2075694226,IFLG,TPLR20756942
OLSU00JQWH9685332812,OLSU,JQWH96853328
SMUI00KDPK2703427335,SMUI,KDPK27034273
QAPC00UUJX8963505720,QAPC,UUJX89635057
JWHJ00RHSG6378235820,JWHJ,RHSG63782358
RVQA00YRYP7273349889,RVQA,YRYP72733498
JIDI00YUIB4984717302,JIDI,YUIB49847173
CFNP00OYYF5773734862,CFNP,OYYF57737348
WSBE00KSWP9530212224,WSBE,KSWP95302122
EPLY00AKWL7611606178,EPLY,AKWL76116061
GUAL00DZWZ4300802947,GUAL,DZWZ43008029
HFKJ00ZHAW3030166078,HFKJ,ZHAW30301660
KBKP00PBMU6286994439,KBKP,PBMU62869944
HOIP00QYOG3856093566,HOIP,QYOG38560935
ZTKX00AELM5799740719,ZTKX,AELM57997407
MTRA00KVIE1076348763,MTRA,KVIE10763487
MHDC00RXWV0262749430,MHDC,RXWV02627494
RVYC00YMCQ0631797913,RVYC,YMCQ06317979
FNUO00NIDY2451171010,FNUO,NIDY24511710
JFKW00TYZP8078320566,JFKW,TYZP80783205
WOXD00OKBW2265053289,WOXD,OKBW22650532
HQDP00CMJX3855313127,HQDP,CMJX38553131
LTZG00TVSF4848284878,LTZG,TVSF48482848
THGY00XNEA7662719181,THGY,XNEA76627191
GLKV00TYMV1569012933,GLKV,TYMV15690129
KPQU00ECGD3553382831,KPQU,ECGD35533828
YVCW00JVOF4809358743,YVCW,JVOF48093587
LPBQ00GRIJ7118885747,LPBQ,GRIJ71188857
XAJZ00CZVH8387117235,XAJZ,CZVH83871172
GHMV00ULLU8130573574,GHMV,ULLU81305735
IELV00UNZV9880665725,IELV,UNZV98806657
WXER00TSWZ8720641278,WXER,TSWZ87206412
FJCK00GTMZ7010813932,FJCK,GTMZ70108139
CUOB00HNBY3736616175,CUOB,HNBY37366161
MFLW00QNGQ4653890572,MFLW,QNGQ46538905
LIVH00SKMY7026688755,LIVH,SKMY70266887
KDYT00BFQA5796883183,KDYT,BFQA57968831
DZAN00MOYQ7990898225,DZAN,MOYQ79908982
OCPS00PXSP0613959315,OCPS,PXSP06139593
TORS00MVPN4375434644,TORS,MVPN43754346
PIZL00UMXC6247490447,PIZL,UMXC62474904
ZYHN00WAGG2945107753,ZYHN,WAGG29451077
SFJC00GKMF8252101706,SFJC,GKMF82521017
WQVR00WUHX6620145831,WQVR,WUHX66201458
OANZ00SPZJ4721420694,OANZ,SPZJ47214206
AQNK00GEGH3565723397,AQNK,GEGH35657233
FIGM00AGBI4494058182,FIGM,AGBI44940581
ACIZ00NXFA2246749991,ACIZ,NXFA22467499
XFUJ00PLAH4008281398,XFUJ,PLAH40082813
QILW00ZRLJ9412352586,QILW,ZRLJ94123525
CHDQ00MVMU5271863148,CHDQ,MVMU52718631
XCSJ00WKGI6242343815,XCSJ,WKGI62423438
ZLOU00CEKA5125721738,ZLOU,CEKA51257217
VSZJ00GXAD0160921948,VSZJ,GXAD01609219
DFKG00HINQ7168321473,DFKG,HINQ71683214
NZDP00AMGX8596617638,NZDP,AMGX85966176
HGKV00IGRI6173935488,HGKV,IGRI61739354
WKQX00PYLY2023227574,WKQX,PYLY20232275
QTNA00ESXL1992433928,QTNA,ESXL19924339
JLHG00CQZT0963554419,JLHG,CQZT09635544
THYL00GIKD7754031890,THYL,GIKD77540318
CMVO00UOPO5863395260,CMVO,UOPO58633952
OAKM00WRMD1955277576,OAKM,WRMD19552775
IBAF00SVEL3215960332,IBAF,SVEL32159603
FXKF00HHLR5065408253,FXKF,HHLR50654082
TOQC00LOQP5258620346,TOQC,LOQP52586203
RZGG00JKEC0347852360,RZGG,JKEC03478523
GJUI00KMDI1836337296,GJUI,KMDI18363372
RVGY00GOZA2169169995,RVGY,GOZA21691699
HMJI00YNFV6941456521,HMJI,YNFV69414565
OQWX00TJCK9800442137,OQWX,TJCK98004421
JGJX00OKXG5305118808,JGJX,OKXG53051188
WNQR00TSJV2035344471,WNQR,TSJV20353444
HSFP00IGGA7273470669,HSFP,IGGA72734706
FEJV00UBAR2232021040,FEJV,UBAR22320210
WXLQ00ASML0565188411,WXLQ,ASML05651884
ZTLH00IUMM3216936115,ZTLH,IUMM32169361
FMQU00QHLZ9043418690,FMQU,QHLZ90434186
RPWU00CWBI3890424620,RPWU,CWBI38904246
YYRU00YNDP7692077660,YYRU,YNDP76920776
APGV00FMSP3602434729,APGV,FMSP36024347
QVLT00CTEQ7394327327,QVLT,CTEQ73943273
QJAB00ZZTZ0533359935,QJAB,ZZTZ05333599
RTQT00VHPE3476797614,RTQT,VHPE34767976
UYRC00JWLO4769482489,UYRC,JWLO47694824
FITF00GOGI4020892971,FITF,GOGI40208929
CLNY00CTVQ0739781538,CLNY,CTVQ07397815
OVPL00THGG1042895497,OVPL,THGG10428954
QUVI00SCIZ7727115114,QUVI,SCIZ77271151
OTPS00KBMI1903193561,OTPS,KBMI19031935
MFRT00FPLW2121002811,MFRT,FPLW21210028
ZJWQ00IQTL5736575543,ZJWQ,IQTL57365755
VLZA00KRRL2383342114,VLZA,KRRL23833421
AWLL00EEXV6415240557,AWLL,EEXV64152405
ZQCL00PRCW7592597666,ZQCL,PRCW75925976
IKKJ00PXPD7600999722,IKKJ,PXPD76009997
ZENT00HDHA0197722226,ZENT,HDHA01977222
WEPW00KLBJ6253549348,WEPW,KLBJ62535493
OUAQ00QAOY0182876173,OUAQ,QAOY01828761
CLEY00SNHH3652870128,CLEY,SNHH36528701
FYTY00EXDQ2124688684,FYTY,EXDQ21246886
JQSN00GVRB3365255985,JQSN,GVRB33652559
DSBU00XNCF4757541188,DSBU,XNCF47575411
SPAA00YMNI4201818542,SPAA,YMNI42018185
LXLH00PZXF9300850809,LXLH,PZXF93008508
OBPL00HRIK8726951444,OBPL,HRIK87269514
GPBK00RZCI2314067407,GPBK,RZCI23140674
HDEO00JPTQ1825464531,HDEO,JPTQ18254645
IGZL00RWAW5094169758,IGZL,RWAW50941697
EWCB00XMHH8567657595,EWCB,XMHH85676575
AFLS00EJKI0956200683,AFLS,EJKI09562006
GEMX00RZWS5055572347,GEMX,RZWS50555723
TVQT00BTGY7321334470,TVQT,BTGY73213344
ALET00XSEF5764867718,ALET,XSEF57648677
YFTW00VRYL4790230471,YFTW,VRYL47902304
ZJFU00HIKE9069231951,ZJFU,HIKE90692319
MTFS00ZOBV3044110629,MTFS,ZOBV30441106
VHSY00XMRC6729924802,VHSY,XMRC67299248
RJTQ00KSOC8059669485,RJTQ,KSOC80596694
ADFE00ILDI1996908696,ADFE,ILDI19969086
RXWM00OFDR1014052083,RXWM,OFDR10140520
XPJO00PTPN1678367123,XPJO,PTPN16783671
OFKX00JYHS3341099537,OFKX,JYHS33410995
VDSZ00WWQO4360959274,VDSZ,WWQO43609592
HSCI00ZCSF4024274439,HSCI,ZCSF40242744
LMET00RFGA8422451713,LMET,RFGA84224517
QVOL00XNBG0995089470,QVOL,XNBG09950894
PQVL00VRVN8070779945,PQVL,VRVN80707799
TSXJ00CMSY4639162060,TSXJ,CMSY46391620
IMBI00DNZP9097580949,IMBI,DNZP90975809
ERRS00KEJL4518677080,ERRS,KEJL45186770
RARE00ZXNY8821490082,RARE,ZXNY88214900
CYIS00EHFE8119413822,CYIS,EHFE81194138
ZPWE00QSPT2589327725,ZPWE,QSPT25893277
JROL00VUAT9702857238,JROL,VUAT97028572
BCAA00MWAW3522919841,BCAA,MWAW35229198
GQMC00EOOO3187048348,GQMC,EOOO31870483
CSHG00TUVI0962204993,CSHG,TUVI09622049
FVUV00ITVK7527078629,FVUV,ITVK75270786
SFFV00LCQP2366799831,SFFV,LCQP23667998
HAHD00MZTB6573935797,HAHD,MZTB65739357
YCDM00CWAX0729736236,YCDM,CWAX07297362
SBZJ00WWJL9321928328,SBZJ,WWJL93219283
MRPI00MZBG0691162653,MRPI,MZBG06911626
RQVE00AEOX3906832690,RQVE,AEOX39068326
QTLJ00JIXF8648492937,QTLJ,JIXF86484929
JPJD00OFOX7373613241,JPJD,OFOX73736132
JPWE00UOJC7931561929,JPWE,UOJC79315619
TTDJ00HCHY4079003969,TTDJ,HCHY40790039
YBTP00YUWY7158906477,YBTP,YUWY71589064
BOCX00TADV5133177498,BOCX,TADV51331774
INPR00GLIH0965560421,INPR,GLIH09655604
QLCZ00ZRGB1832661556,QLCZ,ZRGB18326615
OXDA00CILA2819580535,OXDA,CILA28195805
GWND00EEVF2954499360,GWND,EEVF29544993
LETM00UKYH6142659076,LETM,UKYH61426590
EFJH00FUXD9456244305,EFJH,FUXD94562443
TUZS00DEVE6540506537,TUZS,DEVE65405065
MSEZ00NHKI6892896144,MSEZ,NHKI68928961
POAH00WCZL0685661517,POAH,WCZL06856615
GWYA00ORRO0206722494,GWYA,ORRO02067224
UKIL00USTT4784082723,UKIL,USTT47840827
FSMK00SWNU8124899882,FSMK,SWNU81248998
DKZJ00NOBO3157641239,DKZJ,NOBO31576412
MKMV00SZTZ9085347362,MKMV,SZTZ90853473
JEWF00TYHE6678299129,JEWF,TYHE66782991
MJLM00QMLL6959845084,MJLM,QMLL69598450
HTKV00SXNU9350715972,HTKV,SXNU93507159
GQRJ00XZLV6245487962,GQRJ,XZLV62454879
CZSI00EXMF6692604672,CZSI,EXMF66926046
VTFY00GCTL5163180397,VTFY,GCTL51631803
VOPL00SCUG1056361166,VOPL,SCUG10563611
ZPZE00VQHP1009440251,ZPZE,VQHP10094402
GENM00UCDX0678311347,GENM,UCDX06783113
JRQN00OLOX9170770347,JRQN,OLOX91707703
ONWN00MOAD3554999085,ONWN,MOAD35549990
YJCX00SWPD7176683389,YJCX,SWPD71766833
AOBQ00GHQW4272635123,AOBQ,GHQW42726351
VADD00IRRS1159528971,VADD,IRRS11595289
NZMG00ZSNY4448788133,NZMG,ZSNY44487881
JSAQ00WLML4128812689,JSAQ,WLML41288126
LDRM00JAMN9158477534,LDRM,JAMN91584775
QUDZ00EVBQ0618793664,QUDZ,EVBQ06187936
LINC00PCPK2332288457,LINC,PCPK23322884
YNDI00AXLS7016456304,YNDI,AXLS70164563
IFSI00TVYY8779100403,IFSI,TVYY87791004
IPCG00IIGW1803893969,IPCG,IIGW18038939
FPNZ00DONE6877253466,FPNZ,DONE68772534
OMOT00VOVA3923391724,OMOT,VOVA39233917
XINS00UGRU2888964925,XINS,UGRU28889649
AWXS00RECM7267040790,AWXS,RECM72670407
UTJV00MLRG0094977573,UTJV,MLRG00949775
JBLE00AECH8512719871,JBLE,AECH85127198
IFUV00NJPX9137837660,IFUV,NJPX91378376
TNBV00EDQB3455489858,TNBV,EDQB34554898
OAIM00CQOX2923443666,OAIM,CQOX29234436
DMQU00FJIZ4979342384,DMQU,FJIZ49793423
LZGD00ZWXA4381700142,LZGD,ZWXA43817001
DKKG00UKQN4056609653,DKKG,UKQN40566096
LHWE00PHSW9337693797,LHWE,PHSW93376937
PWKN00IKBJ5327336526,PWKN,IKBJ53273365
ENRT00FUPF8822414861,ENRT,FUPF88224148
BNEC00YNAW2681773109,BNEC,YNAW26817731
TAKR00YUYN6228431427,TAKR,YUYN62284314
TFZY00NMBM9392237045,TFZY,NMBM93922370
LSVM00WJUW6564694767,LSVM,WJUW65646947
WUYD00ZNNQ6305471528,WUYD,ZNNQ63054715
HMMO00XXSS6475927593,HMMO,XXSS64759275
EEZM00MBCI6265342014,EEZM,MBCI62653420
AMDO00FHJM9836997621,AMDO,FHJM98369976
KHXK00PYGY8773181193,KHXK,PYGY87731811
VAAL00TYNR3227677947,VAAL,TYNR32276779
PWSR00SBTE8616007231,PWSR,SBTE86160072
QJSH00JOEQ0109328253,QJSH,JOEQ01093282
MSLZ00EEHN1667313561,MSLZ,EEHN16673135
JGWL00MJVH0139077388,JGWL,MJVH01390773
NZVI00QTBS4554554178,NZVI,QTBS45545541
AUIZ00SQDM4320834515,AUIZ,SQDM43208345
LPBS00AHLW7102832507,LPBS,AHLW71028325
CPME00GQHL9911121648,CPME,GQHL99111216
FTWI00NKMA8293560332,FTWI,NKMA82935603
CCHP00SRHH7084318632,CCHP,SRHH70843186
IOZQ00RQFJ2911528557,IOZQ,RQFJ29115285
YWAH00MDDP7931295553,YWAH,MDDP79312955
SPAR00IRCE4438550669,SPAR,IRCE44385506
WKGC00FECA5702958024,WKGC,FECA57029580
AAQA00ARIF0559253292,AAQA,ARIF05592532
PSCN00VBIL9900733765,PSCN,VBIL99007337
YKFL00JRYF2858977225,YKFL,JRYF28589772
JQNR00UFRG1154098940,JQNR,UFRG11540989
TTBI00BMKY0817328926,TTBI,BMKY08173289
WCJS00PKUX1007821221,WCJS,PKUX10078212
NWEW00NJRJ0212212005,NWEW,NJRJ02122120
IZRK00MQWD2797097806,IZRK,MQWD27970978
GHKK00NRAY0899740743,GHKK,NRAY08997407
IJSF00YFWK0637029025,IJSF,YFWK06370290
COYB00RCTJ4936655456,COYB,RCTJ49366554
WDON00XDJZ5842140208,WDON,XDJZ58421402
RBWC00IBLM2646509214,RBWC,IBLM26465092
EBJF00NENV8408940571,EBJF,NENV84089405
CRPC00ZMUH6320705113,CRPC,ZMUH63207051
FFCY00UPLZ9677456094,FFCY,UPLZ96774560
GHZS00HSHI3113684348,GHZS,HSHI31136843
RFRX00FVYJ6692458579,RFRX,FVYJ66924585
XHOE00AQQG1483129953,XHOE,AQQG14831299
UKUQ00LUBR1195337842,UKUQ,LUBR11953378
NDSQ00SLSK7797028384,NDSQ,SLSK77970283
ALTF00RKGA1525783745,ALTF,RKGA15257837
JSIV00JSIW1809620984,JSIV,JSIW18096209
YTQB00DIAC5235661755,YTQB,DIAC52356617
YBQN00GPNM2921678196,YBQN,GPNM29216781
RVVW00EOLO7783465205,RVVW,EOLO77834652
ZVTD00TVUD2212958785,ZVTD,TVUD22129587
CQHX00MANF8731010924,CQHX,MANF87310109
ILOR00AFNS4596077855,ILOR,AFNS45960778
BDJH00XNED7737136548,BDJH,XNED77371365
KISA00WOWU3179616325,KISA,WOWU31796163
AOHR00EUBH9153731692,AOHR,EUBH91537316
GXKT00NEKS0254624670,GXKT,NEKS02546246
WSPF00YYWL8483292721,WSPF,YYWL84832927
VMUA00UDVE5172906938,VMUA,UDVE51729069
RWZN00IEDT2298104484,RWZN,IEDT22981044
TXET00RAJX3026367079,TXET,RAJX30263670
ZBTG00HVQR8990358375,ZBTG,HVQR89903583
XBGY00NNAJ2324372610,XBGY,NNAJ23243726
VMYR00SEZO5497539534,VMYR,SEZO54975395
TTOV00UGEU4400128794,TTOV,UGEU44001287
XBBF00AQLD6034125060,XBBF,AQLD60341250
ERVP00VZLK3449103689,ERVP,VZLK34491036
JUJD00QRTF3442794923,JUJD,QRTF34427949
QYJE00QFFF6443200445,QYJE,QFFF64432004
VYSA00DEZF5191490876,VYSA,DEZF51914908
RNKD00JRCI0573126002,RNKD,JRCI05731260
HYDE00DBRR1417905990,HYDE,DBRR14179059
BMWE00NEDL1950614132,BMWE,NEDL19506141
LPIH00FRYW4239491943,LPIH,FRYW42394919
SPUG00VOAU3130101509,SPUG,VOAU31301015
NNGG00VIMH3177672677,NNGG,VIMH31776726
HGMT00UAIA7950254029,HGMT,UAIA79502540
HGRV00CVXW2868886951,HGRV,CVXW28688869
AVOV00DVQT8558375284,AVOV,DVQT85583752
DKTH00LZHO3273633861,DKTH,LZHO32736338
MTRJ00XSNQ7429710336,MTRJ,XSNQ74297103
BUDQ00BFFI5255446937,BUDQ,BFFI52554469
KXCV00BQIK3032669213,KXCV,BQIK30326692
YUYH00IVPX8773106741,YUYH,IVPX87731067
HOZQ00XCAX4655884081,HOZQ,XCAX46558840
MFWV00LKXA0148081208,MFWV,LKXA01480812
MKNA00CUXK7884775842,MKNA,CUXK78847758
SGJY00TUBW1399271021,SGJY,TUBW13992710
TPYA00UMCO4968534060,TPYA,UMCO49685340
BBKQ00KLCQ4401383506,BBKQ,KLCQ44013835
LGLB00NUPI9703873711,LGLB,NUPI97038737
UDJM00JSOE3383605413,UDJM,JSOE33836054
KCAP00WQLA7454442377,KCAP,WQLA74544423
YCOQ00VHYY3291985836,YCOQ,VHYY32919858
XUMV00VLUH4514189485,XUMV,VLUH45141894
WIRG00OPQX8773407674,WIRG,OPQX87734076
IJCX00QWMB3320423164,IJCX,QWMB33204231
DSXO00NVCH3961847264,DSXO,NVCH39618472
VUAE00VHTN7352201633,VUAE,VHTN73522016
FLUJ00PCLP7975327968,FLUJ,PCLP79753279
YQZV00IFSE2420546195,YQZV,IFSE24205461
MGYJ00LVTU5643736361,MGYJ,LVTU56437363
SEFY00UONW5600529786,SEFY,UONW56005297
AMTO00BHZO8835903027,AMTO,BHZO88359030
DHYP00JQQU8116438162,DHYP,JQQU81164381
UUOJ00UHEM7136150315,UUOJ,UHEM71361503
RUWJ00ODYS2609542745,RUWJ,ODYS26095427
ZJFN00NQZX3210294282,ZJFN,NQZX32102942
DNSW00JZLU3650711257,DNSW,JZLU36507112
CKRP00PCOA5931242023,CKRP,PCOA59312420
WRVR00RRXJ1642074683,WRVR,RRXJ16420746
EUCZ00KFHB5259549579,EUCZ,KFHB52595495
XVYC00XIJE6465882930,XVYC,XIJE64658829
WAAM00PTIG1167133171,WAAM,PTIG11671331
JEEW00JSHL9924994372,JEEW,JSHL99249943
LIJG00JHPB1886780811,LIJG,JHPB18867808
BACQ00GABR6400096676,BACQ,GABR64000966
PQDZ00JTGY9624322328,PQDZ,JTGY96243223
EYXL00QNIU2722348390,EYXL,QNIU27223483
TDHW00YAWA0894158366,TDHW,YAWA08941583
TQXR00MMXP6898659312,TQXR,MMXP68986593
HWOW00RFPA8617328115,HWOW,RFPA86173281
CGRL00XNKJ8405914510,CGRL,XNKJ84059145
MRNI00GBVV8990117892,MRNI,GBVV89901178
RANA00GQKZ7524011491,RANA,GQKZ75240114
DBUP00NWUR8578507390,DBUP,NWUR85785073
SEZJ00QWGG6093988284,SEZJ,QWGG60939882
VQBZ00DCYC0130502575,VQBZ,DCYC01305025
TNJN00IHOQ5014380318,TNJN,IHOQ50143803
RXFG00ZUST3843253986,RXFG,ZUST38432539
BZBN00GGYE1641266939,BZBN,GGYE16412669
NHHR00NMPS1653718765,NHHR,NMPS16537187
KJNY00QDMO3547470151,KJNY,QDMO35474701
GJEF00RRMI0517342794,GJEF,RRMI05173427
YFWE00ZPHU1191522762,YFWE,ZPHU11915227
TDRU00OTTI6419303047,TDRU,OTTI64193030
SCBT00KMOC0622610106,SCBT,KMOC06226101
PDIB00CXFO0777919096,PDIB,CXFO07779190
KNKG00TBVG8793486891,KNKG,TBVG87934868
NUBF00NGVS6296445160,NUBF,NGVS62964451
WDXC00KJBS1097742716,WDXC,KJBS10977427
EAKZ00GRPN2463856243,EAKZ,GRPN24638562
TUON00LVOU6819137264,TUON,LVOU68191372
JNEG00JJMB1874113825,JNEG,JJMB18741138
IOFQ00KFGF5013675614,IOFQ,KFGF50136756
TKOW00NBZT7045785761,TKOW,NBZT70457857
CEPE00DGGK6619847253,CEPE,DGGK66198472
VXHA00IHSZ4070353457,VXHA,IHSZ40703534
XGPV00CXCL3706054636,XGPV,CXCL37060546
WZLC00GIQC7722662057,WZLC,GIQC77226620
EHNY00SSFA0876342513,EHNY,SSFA08763425
ZKJG00DAQX5454644415,ZKJG,DAQX54546444
VFIQ00KHFR6113685528,VFIQ,KHFR61136855
QUYS00CXHV1247439065,QUYS,CXHV12474390
MWTZ00QXKI6309537890,MWTZ,QXKI63095378
FQPH00XOUT6239035495,FQPH,XOUT62390354
PNSY00JKOA6448039783,PNSY,JKOA64480397
DYLX00ACZI7109802233,DYLX,ACZI71098022
RMXM00CZJT7904882117,RMXM,CZJT79048821
YQAN00BFJG1782984844,YQAN,BFJG17829848
XFGG00RSCC8090231543,XFGG,RSCC80902315
BJJS00MYEB0384574874,BJJS,MYEB03845748
LNLZ00IYLO5162285945,LNLZ,IYLO51622859
KYUN00QMQF5121560683,KYUN,QMQF51215606
LAKD00MDGP1783372314,LAKD,MDGP17833723
MRBC00RGTA0918307559,MRBC,RGTA09183075
QAJX00MJOV6704555684,QAJX,MJOV67045556
JOUH00UXQL5812571317,JOUH,UXQL58125713
UNFS00PLPV9909693116,UNFS,PLPV99096931
TYHH00IJWO3063298293,TYHH,IJWO30632982
RTEI00DDSH3928697625,RTEI,DDSH39286976
SKNY00JZCO6636590766,SKNY,JZCO66365907
NHJF00XXUK9841828709,NHJF,XXUK98418287
NAES00TMMQ4478523680,NAES,TMMQ44785236
JZJW00PRMJ2603479634,JZJW,PRMJ26034796
DOCR00RERA3783925672,DOCR,RERA37839256
NIYM00FNDN1040064162,NIYM,FNDN10400641
IDFP00MTVB5048148795,IDFP,MTVB50481487
BNEU00GGON6445984511,BNEU,GGON64459845
EVJX00DZRR0622541426,EVJX,DZRR06225414
HQNR00CATP2713508120,HQNR,CATP27135081
LNJC00IUCL4526295567,LNJC,IUCL45262955
XENT00DZKC9157227778,XENT,DZKC91572277
DISS00YOGJ5233560306,DISS,YOGJ52335603
PDUH00BHTJ5411945694,PDUH,BHTJ54119456
FLDD00SDKP9129744945,FLDD,SDKP91297449
RTPS00OOSN5572290803,RTPS,OOSN55722908
SKJS00OMMD3976841440,SKJS,OMMD39768414
IICS00AFTZ5502482136,IICS,AFTZ55024821
FGNP00ZTCT3101158875,FGNP,ZTCT31011588
RUNO00GOHL7660602013,RUNO,GOHL76606020
NYIK00JCHN3583364067,NYIK,JCHN35833640
HKAG00VYSH3938464721,HKAG,VYSH39384647
JIJQ00LVLD0063269880,JIJQ,LVLD00632698
MHOL00AQLU9701645340,MHOL,AQLU97016453
XPLL00LQTC8711425982,XPLL,LQTC87114259
BAWI00XJBL1428660156,BAWI,XJBL14286601
VNKD00PGAB2321425335,VNKD,PGAB23214253
WMYQ00KQMS5570390576,WMYQ,KQMS55703905
QSRZ00WLXS1436303606,QSRZ,WLXS14363036
BBVJ00ZUJA4287345495,BBVJ,ZUJA42873454
PNMV00KFLD3100925184,PNMV,KFLD31009251
ODCE00LJKL9111149369,ODCE,LJKL91111493
CFAF00DQQW4456561271,CFAF,DQQW44565612
IJFN00KTSX6259843751,IJFN,KTSX62598437
TVRL00IDYQ0270251287,TVRL,IDYQ02702512
VFDU00OWEF1068030621,VFDU,OWEF10680306
XOZO00YVVO5011811428,XOZO,YVVO50118114
ZMIB00ZKWI8234384806,ZMIB,ZKWI82343848
NBTA00DRNW3610085479,NBTA,DRNW36100854
PHKT00XNBM5885129045,PHKT,XNBM58851290
LQCI00WAQG9905564258,LQCI,WAQG99055642
XPSZ00XMVH4938040876,XPSZ,XMVH49380408
IRBC00YYZE5776196264,IRBC,YYZE57761962
PZRD00AIXK5478713054,PZRD,AIXK54787130
GMGA00OLRE3880994098,GMGA,OLRE38809940
VWIX00ZLVW2993322602,VWIX,ZLVW29933226
TXOB00YFQR8442476363,TXOB,YFQR84424763
PIVN00OHMH2847196404,PIVN,OHMH28471964
RVRY00RKYX5694273982,RVRY,RKYX56942739
EDPM00OSQI4049175697,EDPM,OSQI40491756
DXPC00VUWZ3234832677,DXPC,VUWZ32348326
FRUH00MGMZ0208297605,FRUH,MGMZ02082976
CINJ00QZKB3020952424,CINJ,QZKB30209524
QOUY00JXLR6849130636,QOUY,JXLR68491306
MHUW00WGVJ7501791844,MHUW,WGVJ75017918
JHIB00SDFN0288710269,JHIB,SDFN02887102
YRQE00YPNZ3158665136,YRQE,YPNZ31586651
WOBO00GMNS5485110224,WOBO,GMNS54851102
OLUC00NHHI9014396385,OLUC,NHHI90143963
NJBE00CZFI5917351235,NJBE,CZFI59173512
RWKW00IGEN4020082484,RWKW,IGEN40200824
CRMH00PCYV4634894751,CRMH,PCYV46348947
HAFS00IDAT6050740932,HAFS,IDAT60507409
BRJQ00EZDB1770792795,BRJQ,EZDB17707927
WNST00XNVP8049098479,WNST,XNVP80490984
RFDL00HFCB6393205478,RFDL,HFCB63932054
LYWA00GQDM0361632974,LYWA,GQDM03616329
BXBL00NQKF6250399529,BXBL,NQKF62503995
MFCU00OKJR3620579612,MFCU,OKJR36205796
GAJC00UANS6620424076,GAJC,UANS66204240
HTFV00NOSO1732006352,HTFV,NOSO17320063
SGZR00HVUQ8690224757,SGZR,HVUQ86902247
WOIL00BCFB5437436356,WOIL,BCFB54374363
CHZX00INNI0776760204,CHZX,INNI07767602
PTJB00OHJW1720386940,PTJB,OHJW17203869
JZTJ00CTTM7538948206,JZTJ,CTTM75389482
IKCY00GDKM6503091883,IKCY,GDKM65030918
EMAE00LNZT2419780695,EMAE,LNZT24197806
EHAO00QANF7127617350,EHAO,QANF71276173
TLJY00KXMM5744197968,TLJY,KXMM57441979
YQSX00ERXF8736005920,YQSX,ERXF87360059
BPEV00BARB4701407568,BPEV,BARB47014075
YUYO00IAFD1448703716,YUYO,IAFD14487037
DBCR00KDUP3997677680,DBCR,KDUP39976776
MWTW00RELB9400995210,MWTW,RELB94009952
VFFV00URLJ8798402165,VFFV,URLJ87984021
NESJ00SGPR7847795103,NESJ,SGPR78477951
NWTM00GCXS5034781018,NWTM,GCXS50347810
IHSK00FKBC3943470359,IHSK,FKBC39434703
MSYI00IMXR9514767718,MSYI,IMXR95147677
YINH00CKHS2619438537,YINH,CKHS26194385
RWVQ00BKNF4207897606,RWVQ,BKNF42078976
FEYS00QHEX5376318097,FEYS,QHEX53763180
ZYGA00JNJU1644072713,ZYGA,JNJU16440727
KGFH00BOIW3179078776,KGFH,BOIW31790787
ZDDN00PXZY2427151449,ZDDN,PXZY24271514
VERK00XQPT7854376386,VERK,XQPT78543763
SDKO00CZZD1645517156,SDKO,CZZD16455171
WUZW00LXJU1922925971,WUZW,LXJU19229259
QECD00FNDA8421423803,QECD,FNDA84214238
JMAL00QDER0610611408,JMAL,QDER06106114
QJCN00KFXC4907734745,QJCN,KFXC49077347
BXHL00JLVT1366057455,BXHL,JLVT13660574
OMFX00AUCK0368542630,OMFX,AUCK03685426
XDJS00BMEP0548959137,XDJS,BMEP05489591
QKWT00CNCD9389068845,QKWT,CNCD93890688
VPOB00MMPU0127168182,VPOB,MMPU01271681
VUFB00ZPVU8740881227,VUFB,ZPVU87408812
RZMO00SSQF6619762809,RZMO,SSQF66197628
UOPI00OGFG4189983965,UOPI,OGFG41899839
KNCN00RSZA3829330477,KNCN,RSZA38293304
AEMV00QXIE1501156964,AEMV,QXIE15011569
JDGW00YXIE9878121834,JDGW,YXIE98781218
YOHD00CEEN8447266269,YOHD,CEEN84472662
PMIM00GQJL6690947963,PMIM,GQJL66909479
DHHL00LMRG2847243724,DHHL,LMRG28472437
NZCQ00BTUH4771765330,NZCQ,BTUH47717653
DYPL00KIBY5653013710,DYPL,KIBY56530137
SWQH00MGAC5105618455,SWQH,MGAC51056184
CVWR00FDAF4731480183,CVWR,FDAF47314801
XHKH00PBSW8000328149,XHKH,PBSW80003281
WAAT00FPLM7570202958,WAAT,FPLM75702029
INLC00HNVL9452716058,INLC,HNVL94527160
AYBW00KCRG0403736336,AYBW,KCRG04037363
OSVO00CKVN5803538173,OSVO,CKVN58035381
NIWU00UQHO9184358636,NIWU,UQHO91843586
RNQO00QIEY7318503044,RNQO,QIEY73185030
NTXG00SWKJ6069193330,NTXG,SWKJ60691933
XBUM00BKSB1983794309,XBUM,BKSB19837943
PIRV00LCQW4825229233,PIRV,LCQW48252292
KGUO00YRSZ8713981309,KGUO,YRSZ87139813
OVPX00GNIF8101576231,OVPX,GNIF81015762
XDOQ00SMCO0279642409,XDOQ,SMCO02796424
SKKF00IPQR8368171080,SKKF,IPQR83681710
NBSL00LCOF8907827986,NBSL,LCOF89078279
TQUB00GGZN3812916740,TQUB,GGZN38129167
NKXF00SHEC6434838568,NKXF,SHEC64348385
ZCON00KAQD2503148519,ZCON,KAQD25031485
GAIV00CERL5117400904,GAIV,CERL51174009
JPWI00HAIK6293833564,JPWI,HAIK62938335
EKKJ00QXMS5977088831,EKKJ,QXMS59770888
KIJP00TOTM1508531417,KIJP,TOTM15085314
XDAL00UZPJ2566706257,XDAL,UZPJ25667062
FPPE00KGVD2326437314,FPPE,KGVD23264373
PKPD00YHLE4763093375,PKPD,YHLE47630933
WFFV00YOJI0221935152,WFFV,YOJI02219351
TVYU00WJHC8134979668,TVYU,WJHC81349796
BOOQ00EWQY1723592144,BOOQ,EWQY17235921
JEIG00GMZW9985141392,JEIG,GMZW99851413
XCAC00JFLR8261791260,XCAC,JFLR82617912
ZZNS00NMLA1044359828,ZZNS,NMLA10443598
NLLF00RHKZ6257144195,NLLF,RHKZ62571441
VMOR00AHHK6062792750,VMOR,AHHK60627927
MXXL00EWTI9292254552,MXXL,EWTI92922545
RYLH00TIJV7245171827,RYLH,TIJV72451718
LGOH00MMYS1411752375,LGOH,MMYS14117523
LAOF00AMFC2767409019,LAOF,AMFC27674090
CJFD00QUKR9278627429,CJFD,QUKR92786274
IOXP00SUHH6286284019,IOXP,SUHH62862840
SGUH00OCNJ0067533904,SGUH,OCNJ00675339
VYSH00PUEZ5943568546,VYSH,PUEZ59435685
KGHT00HFTZ7032594027,KGHT,HFTZ70325940
WUGM00KMSY7940427323,WUGM,KMSY79404273
PSNK00CZOB7118012355,PSNK,CZOB71180123
XFUA00THCV8858166967,XFUA,THCV88581669
QFLX00BWCK2081337056,QFLX,BWCK20813370
JPRF00KXHT0518220864,JPRF,KXHT05182208
GQBW00EKYO6135872483,GQBW,EKYO61358724
RCMA00GQZI8060967753,RCMA,GQZI80609677
MTBI00ROCT9151560930,MTBI,ROCT91515609
HPPG00XZCR1020506709,HPPG,XZCR10205067
LFAI00ESYT7707378873,LFAI,ESYT77073788
SQWP00YLAR2796975008,SQWP,YLAR27969750
WFTU00WNDS3846250622,WFTU,WNDS38462506
JZUF00RLTY4284254290,JZUF,RLTY42842542
WADM00GQDE3447787879,WADM,GQDE34477878
DKMY00AXCM8040996818,DKMY,AXCM80409968
POYH00HBKF4041641202,POYH,HBKF40416412
SGHF00URRQ5970189372,SGHF,URRQ59701893
DAFH00JRXF1522879919,DAFH,JRXF15228799
FLNX00EYRH0280905713,FLNX,EYRH02809057
ISEQ00ZRKC1027172861,ISEQ,ZRKC10271728
HRFH00IXPT9942368853,HRFH,IXPT99423688
TNIX00NGQK5280919933,TNIX,NGQK52809199
WEAI00BYTV5547449363,WEAI,BYTV55474493
XRLH00HRIK6886510575,XRLH,HRIK68865105
FCJJ00URDB1360618860,FCJJ,URDB13606188
UYNE00FZXV6899995603,UYNE,FZXV68999956
RITM00JNEC3911426782,RITM,JNEC39114267
HWJR00VHOM1157874162,HWJR,VHOM11578741
SXBO00KOHQ5201157252,SXBO,KOHQ52011572
WVQC00ECLO8240151613,WVQC,ECLO82401516
HKKC00TUGH7931263895,HKKC,TUGH79312638
FHXD00PGAC5708526130,FHXD,PGAC57085261
DLLY00LFQV6094067965,DLLY,LFQV60940679
BPSQ00MGNZ8439579191,BPSQ,MGNZ84395791
ARHC00PTDY6811686855,ARHC,PTDY68116868
FCES00UGTM3175259719,FCES,UGTM31752597
AHXF00OZDQ1011269482,AHXF,OZDQ10112694
MEPV00DQRP7323838464,MEPV,DQRP73238384
BYFF00KMJX1550020985,BYFF,KMJX15500209
YZKX00AQNC5696515855,YZKX,AQNC56965158
SPUF00RDHG1472157021,SPUF,RDHG14721570
WPZK00FRCZ4226890738,WPZK,FRCZ42268907
JPSS00MTWH8326611952,JPSS,MTWH83266119
YDVD00YCWR5016447528,YDVD,YCWR50164475
ECYZ00NCKZ3265687157,ECYZ,NCKZ32656871
ULCI00VOWB6945824250,ULCI,VOWB69458242
TPZU00DEUL9005194217,TPZU,DEUL90051942
EXIA00UYSO6715253502,EXIA,UYSO67152535
QNIL00TAIK7699422054,QNIL,TAIK76994220
GYKM00YWMS5887081145,GYKM,YWMS58870811
USMW00GKDV7730109208,USMW,GKDV77301092
BPOW00CKZZ6348108990,BPOW,CKZZ63481089
BGVR00VHNH5292614809,BGVR,VHNH52926148
GMXF00SVPC0023005326,GMXF,SVPC00230053
XYSO00RDDQ5240598019,XYSO,RDDQ52405980
GSIK00DZBX4603095209,GSIK,DZBX46030952
GGJS00FNFE8482203179,GGJS,FNFE84822031
DXDF00FREH3814767069,DXDF,FREH38147670
SAYI00EFLI4649968924,SAYI,EFLI46499689
LXMK00MQJD5783644345,LXMK,MQJD57836443
HOOR00TZZR6258606954,HOOR,TZZR62586069
TZIB00IBSG6586909037,TZIB,IBSG65869090
DUOH00KCOR7908940816,DUOH,KCOR79089408
VROX00FYON8434714157,VROX,FYON84347141
SANS00DBMT0815365027,SANS,DBMT08153650
EPHP00ALOR2988249525,EPHP,ALOR29882495
SBDT00KMAZ9926086120,SBDT,KMAZ99260861
MCWP00LKZQ5632431305,MCWP,LKZQ56324313
EBSI00GNYP7224960156,EBSI,GNYP72249601
SXYD00RDRQ5748415706,SXYD,RDRQ57484157
SOTD00ZAKU9503107358,SOTD,ZAKU95031073
ZCEH00PJRA9294115413,ZCEH,PJRA92941154
BAFY00EXQV0205760791,BAFY,EXQV02057607
BXDP00RNIC2519593105,BXDP,RNIC25195931
WEYE00STLZ8284205209,WEYE,STLZ82842052
RVCP00NCWA7682090056,RVCP,NCWA76820900
PYIW00JCCX8231780884,PYIW,JCCX82317808
RJUY00JAXJ6423286859,RJUY,JAXJ64232868
DAYB00IPVJ9585446913,DAYB,IPVJ95854469
PXMI00RKMK2556796389,PXMI,RKMK25567963
AQRA00KBLD5792467233,AQRA,KBLD57924672
APJN00NWVV1856407093,APJN,NWVV18564070
HDPG00WRCG0809051932,HDPG,WRCG08090519
YAOY00RPEX1392157079,YAOY,RPEX13921570
JSFS00AMEC8601410656,JSFS,AMEC86014106
KSLL00GUNF3707900146,KSLL,GUNF37079001
ZSYR00CUQG8447560594,ZSYR,CUQG84475605
LSUP00BOIX7270476891,LSUP,BOIX72704768
TIJI00NAFF4396332058,TIJI,NAFF43963320
GFGT00GPWD7090546779,GFGT,GPWD70905467
LCPT00KTRF8444068990,LCPT,KTRF84440689
OXKD00ESPA0716466803,OXKD,ESPA07164668
XAMF00SVMY4606506276,XAMF,SVMY46065062
AWDX00CPHR9655582939,AWDX,CPHR96555829
RTOG00WSAD8507819585,RTOG,WSAD85078195
BEPM00QWGF9688073340,BEPM,QWGF96880733
BSYT00ALNT2495442553,BSYT,ALNT24954425
KJXJ00MYXS5200254131,KJXJ,MYXS52002541
KVRQ00RSCX1719459414,KVRQ,RSCX17194594
DTAD00DWVN3256975468,DTAD,DWVN32569754
NZRU00TEKK1390490777,NZRU,TEKK13904907
FXPI00RTAS8576585412,FXPI,RTAS85765854
IBKK00DUQT1176337604,IBKK,DUQT11763376
XMGD00QWER9734636041,XMGD,QWER97346360
OZHY00VWUB2157155742,OZHY,VWUB21571557
CAEI00UPFE4612823326,CAEI,UPFE46128233
QIYG00TQRE7500469831,QIYG,TQRE75004698
OMKA00MIKY1618410785,OMKA,MIKY16184107
WNJS00MMHJ9495549180,WNJS,MMHJ94955491
GXJL00YUOH1214877722,GXJL,YUOH12148777
LGYU00LDPE7807858549,LGYU,LDPE78078585
IDLY00YHWN8363413533,IDLY,YHWN83634135
SCNS00DYLZ7718045792,SCNS,DYLZ77180457
QAXC00MGUR0912863268,QAXC,MGUR09128632
PDTL00SXQX5836182480,PDTL,SXQX58361824
GQQX00BGHH9552933754,GQQX,BGHH95529337
RKQK00PZLR1682015463,RKQK,PZLR16820154
AMPL00DFFT1720638639,AMPL,DFFT17206386
TKRK00SHPB6320501535,TKRK,SHPB63205015
FHCA00KIMF9152389984,FHCA,KIMF91523899
VRCW00OQSN1979163891,VRCW,OQSN19791638
RVRA00VPLW7821859758,RVRA,VPLW78218597
ZFNF00JTKR2566349959,ZFNF,JTKR25663499
CUAX00LNSO0821000145,CUAX,LNSO08210001
OKYD00AOFQ1707479647,OKYD,AOFQ17074796
APTI00ZCZQ8912327346,APTI,ZCZQ89123273
RLUZ00YUPP0079563031,RLUZ,YUPP00795630
GSQD00JUYK4801883790,GSQD,JUYK48018837
XPAB00CCJT4737687639,XPAB,CCJT47376876
MXST00ZKMP7654973750,MXST,ZKMP76549737
ZCZU00NMVZ4605622523,ZCZU,NMVZ46056225
VTNJ00BOZN6496962287,VTNJ,BOZN64969622
XQAI00QUJV7798331080,XQAI,QUJV77983310
ECWW00AWMQ6856983309,ECWW,AWMQ68569833
TEKX00LFQV6977840330,TEKX,LFQV69778403
YOKR00ESOT6924377286,YOKR,ESOT69243772
DZCB00BOHD3238742695,DZCB,BOHD32387426
FCXS00XGUP5381706512,FCXS,XGUP53817065
ZKPH00ZNND3998299140,ZKPH,ZNND39982991
KLZS00QPIW3954816543,KLZS,QPIW39548165
VRNK00FESF8267506910,VRNK,FESF82675069
ZZSB00DUIW4468902144,ZZSB,DUIW44689021
OUAZ00YAVS8269274338,OUAZ,YAVS82692743
ZCIO00JSTH1644169678,ZCIO,JSTH16441696
OVNM00ZWBD6033606881,OVNM,ZWBD60336068
MPKS00AOQP7154131005,MPKS,AOQP71541310
BAIF00DZWM1863859830,BAIF,DZWM18638598
AMCL00XYFC6243905757,AMCL,XYFC62439057
HOVL00VMHE9973747440,HOVL,VMHE99737474
FGRI00QNCR9886186003,FGRI,QNCR98861860
FKON00KWMC5229427876,FKON,KWMC52294278
BYNU00XQFP6077369037,BYNU,XQFP60773690
BTYG00FSZN2082708410,BTYG,FSZN20827084
CTYF00RPAL2600751489,CTYF,RPAL26007514
RMGW00LFTD5274164416,RMGW,LFTD52741644
ZCMV00TIBI0057940371,ZCMV,TIBI00579403
ADWQ00QXOY6841544224,ADWQ,QXOY68415442
QCJY00BYED7461708175,QCJY,BYED74617081
POKV00LXDB1360323758,POKV,LXDB13603237
GEDT00MRTL5621944093,GEDT,MRTL56219440
UXQI00WIXS3395558159,UXQI,WIXS33955581
IYJS00JGXB4676725849,IYJS,JGXB46767258
CYGQ00EWUK8312555572,CYGQ,EWUK83125555
LQXQ00EPIU2866817742,LQXQ,EPIU28668177
FMIR00GATF0983272513,FMIR,GATF09832725
LWLZ00CZQY0626877286,LWLZ,CZQY06268772
LCQF00FKVA2922776014,LCQF,FKVA29227760
EHZU00ULYD8361946309,EHZU,ULYD83619463
EQYL00NHEC4631733374,EQYL,NHEC46317333
VHTM00GEVF6102418167,VHTM,GEVF61024181
HZGU00JIPX8210234354,HZGU,JIPX82102343
BZES00QCOM7923064381,BZES,QCOM79230643
KTMY00XXDF1766489362,KTMY,XXDF17664893
KCXD00CGRW8893352225,KCXD,CGRW88933522
IXTT00IGWE7355240498,IXTT,IGWE73552404
LVYC00YVND1693662141,LVYC,YVND16936621
WNAJ00JKPP1084571893,WNAJ,JKPP10845718
SGZA00CXOR8924858589,SGZA,CXOR89248585
BHQV00NLIE4532272697,BHQV,NLIE45322726
WVCN00EUTS0845377696,WVCN,EUTS08453776
YKBH00SRWV3103130904,YKBH,SRWV31031309
AWDA00BSRS3823498160,AWDA,BSRS38234981
DSSC00HLOE0975679173,DSSC,HLOE09756791
BLAH00SEIH5122680432,BLAH,SEIH51226804
UWII00UMON6056929708,UWII,UMON60569297
FLKS00VRZN2479282027,FLKS,VRZN24792820
QKGE00EKQR0817839947,QKGE,EKQR08178399
OCIJ00TBCX9509105913,OCIJ,TBCX95091059
OEFP00HYZK7520350272,OEFP,HYZK75203502
QGJW00NKWB1335828484,QGJW,NKWB13358284
TEWN00VJDQ3237541969,TEWN,VJDQ32375419
CGFX00CICI1187803443,CGFX,CICI11878034
PUIU00IHOP6891375749,PUIU,IHOP68913757
BZMX00WVJX2566972408,BZMX,WVJX25669724
ESAF00IYUD5045513870,ESAF,IYUD50455138
PORP00XXAJ0906597290,PORP,XXAJ09065972
BPFG00GRIU0488382181,BPFG,GRIU04883821
TXZQ00KMGI1774574114,TXZQ,KMGI17745741
YPFY00KXRM3590235539,YPFY,KXRM35902355
GXRE00CYGB8312230490,GXRE,CYGB83122304
WQLW00NSIU2450121424,WQLW,NSIU24501214
RXXG00UFUC8899594356,RXXG,UFUC88995943
JRBI00OZPH2464296518,JRBI,OZPH24642965
ZVYL00JBNG5434663639,ZVYL,JBNG54346636
MGKV00NPYW9752264092,MGKV,NPYW97522640
HGGY00WERK9299921887,HGGY,WERK92999218
JFUX00ANKD8255768061,JFUX,ANKD82557680
DLIH00ARDH1878623323,DLIH,ARDH18786233
PWDC00EGEZ4339814465,PWDC,EGEZ43398144
YUJO00FGKD1631547060,YUJO,FGKD16315470
SGJA00TTDX1056258949,SGJA,TTDX10562589
SWNG00OIOK8939476903,SWNG,OIOK89394769
KUHC00EWNS5320339088,KUHC,EWNS53203390
PXZO00AFVT6746299483,PXZO,AFVT67462994
OGHL00ICUY3670287948,OGHL,ICUY36702879
IAEE00MXGA9057803254,IAEE,MXGA90578032
YYQO00SFJI3396257228,YYQO,SFJI33962572
AQZZ00AWTP8652678865,AQZZ,AWTP86526788
XICE00RMGP6094336929,XICE,RMGP60943369
APSQ00DRRS3181088866,APSQ,DRRS31810888
TNGO00QZGN3338148704,TNGO,QZGN33381487
BIZQ00VQCW6504036106,BIZQ,VQCW65040361
ZGMO00GVIJ1474092770,ZGMO,GVIJ14740927
XWDH00FNHK8442493218,XWDH,FNHK84424932
VAZY00FAHS7773644971,VAZY,FAHS77736449
WWPG00YWMQ7498686837,WWPG,YWMQ74986868
NTSE00VMSU6895083307,NTSE,VMSU68950833
KXMV00GQJK0426973705,KXMV,GQJK04269737
PBDS00WHIK5932352575,PBDS,WHIK59323525
SAXQ00PPIY0329515515,SAXQ,PPIY03295155
SDVK00YZZP7302066341,SDVK,YZZP73020663
HXEE00WFRQ6198815867,HXEE,WFRQ61988158
DZZN00SCPW5885530868,DZZN,SCPW58855308
VENH00PWFX6412220763,VENH,PWFX64122207
MLXM00TEDL9350687886,MLXM,TEDL93506878
SVVW00VZOQ5514952516,SVVW,VZOQ55149525
YNHA00KUFQ9557710837,YNHA,KUFQ95577108
SHFS00XGIC9209857526,SHFS,XGIC92098575
HKKX00SNOJ4325777341,HKKX,SNOJ43257773
WUOQ00OGEQ7136745551,WUOQ,OGEQ71367455
RWAK00RLNP2491143116,RWAK,RLNP24911431
SNKW00ZPPQ7003332681,SNKW,ZPPQ70033326
PJQI00ZIRU9592313976,PJQI,ZIRU95923139
WKLP00UHTV1400185593,WKLP,UHTV14001855
FAOV00WQQB8229411455,FAOV,WQQB82294114
LQIF00OMKH6735194031,LQIF,OMKH67351940
DACH00VOJP9423032591,DACH,VOJP94230325
DGXB00PGJK6559532955,DGXB,PGJK65595329
BROO00OGIU8331211840,BROO,OGIU83312118
HSOE00SXOL2767859721,HSOE,SXOL27678597
XZWR00XWQJ3090652146,XZWR,XWQJ30906521
LVWR00ZTEN0413042850,LVWR,ZTEN04130428
UJXC00UPRL1747697290,UJXC,UPRL17476972
MBQT00ORFU8633535825,MBQT,ORFU86335358
KODO00KGBM0372870943,KODO,KGBM03728709
NOEF00WOPT4477929544,NOEF,WOPT44779295
MDRX00ZQBL5350939940,MDRX,ZQBL53509399
BGVL00WQLT5587294303,BGVL,WQLT55872943
FRXN00BRRI2143229524,FRXN,BRRI21432295
HEIP00VRCC1457861353,HEIP,VRCC14578613
NSDM00LZUW1491326687,NSDM,LZUW14913266
HLYV00QKSC1100778621,HLYV,QKSC11007786
QSEK00PWMQ5734156111,QSEK,PWMQ57341561
AACN00VMQM4252847759,AACN,VMQM42528477
YLUE00BWIO7059128413,YLUE,BWIO70591284
HNKB00DGTU1890136297,HNKB,DGTU18901362
DHMB00NCUZ6680843510,DHMB,NCUZ66808435
JUSS00YUSG7929508549,JUSS,YUSG79295085
IPJG00VCGC0778676939,IPJG,VCGC07786769
WWRB00CXUB1336997471,WWRB,CXUB13369974
CEJR00NFJH7264571419,CEJR,NFJH72645714
OYCD00YOBL4277138472,OYCD,YOBL42771384
KSDY00VNLX1801837483,KSDY,VNLX18018374
STUP00BGFX2629108071,STUP,BGFX26291080
TFCD00ANCF5573751294,TFCD,ANCF55737512
IJST00QMTD6650883121,IJST,QMTD66508831
SBLN00KURF5241926091,SBLN,KURF52419260
CTHR00EUYJ8226660752,CTHR,EUYJ82266607
LWWK00TISU9259547376,LWWK,TISU92595473
BVLP00HHTV6679249138,BVLP,HHTV66792491
CBVC00FEPX9667055973,CBVC,FEPX96670559
KUNQ00PMUM6721443344,KUNQ,PMUM67214433
VQIA00YNOP1240481060,VQIA,YNOP12404810
AQUM00EQEC4268643594,AQUM,EQEC42686435
DEOQ00RREZ2513501963,DEOQ,RREZ25135019
XIQE00TKWV4823754777,XIQE,TKWV48237547
HNVG00GCTS8377841295,HNVG,GCTS83778412
XKUX00LZYI4476086366,XKUX,LZYI44760863
VFXI00PFNE8902469041,VFXI,PFNE89024690
HCZQ00BCHE4510672979,HCZQ,BCHE45106729
RNKM00TQJM3165106046,RNKM,TQJM31651060
MCTT00ARBE2007629226,MCTT,ARBE20076292
FJEB00KYXY3398111866,FJEB,KYXY33981118
OROV00LGYP7736883894,OROV,LGYP77368838
CCLI00ZQOJ5650818167,CCLI,ZQOJ56508181
CRMO00KGCS4541470035,CRMO,KGCS45414700
JVNV00XXUG8228728157,JVNV,XXUG82287281
LMRA00ATRZ5643371048,LMRA,ATRZ56433710
QXOR00RJIR3603785722,QXOR,RJIR36037857
CUZG00VVLS7421638217,CUZG,VVLS74216382
BWEL00MEZT2761095294,BWEL,MEZT27610952
UXFL00CQGS7706724202,UXFL,CQGS77067242
QATE00PKZH8779631449,QATE,PKZH87796314
BREA00VGNW3309283419,BREA,VGNW33092834
IBRR00BJMM5916575490,IBRR,BJMM59165754
EXVN00NRUP0249401373,EXVN,NRUP02494013
VNYQ00FGHV7638713648,VNYQ,FGHV76387136
DPMQ00TQTK0172434523,DPMQ,TQTK01724345
LAFQ00HLKE8884316467,LAFQ,HLKE88843164
BAZD00AVJI6610884140,BAZD,AVJI66108841
HPHV00LVHQ3915221018,HPHV,LVHQ39152210
NTUR00EAFQ2630525531,NTUR,EAFQ26305255
MXOV00WLOK6620597313,MXOV,WLOK66205973
PKGL00HDEY9399014943,PKGL,HDEY93990149
BHDQ00BRCP0242382808,BHDQ,BRCP02423828
TDHG00LKCM9482469994,TDHG,LKCM94824699
HZIS00TZFA3735705260,HZIS,TZFA37357052
PVLZ00SDON2132628353,PVLZ,SDON21326283
MWZB00VKMX0854962868,MWZB,VKMX08549628
CZUV00TDPA9117453257,CZUV,TDPA91174532
ZLXL00WMTM7619318062,ZLXL,WMTM76193180
ZDDX00PRCC0003773359,ZDDX,PRCC00037733
FZAS00BMWN0568559228,FZAS,BMWN05685592
YMLW00DYXW2710417027,YMLW,DYXW27104170
ZTWP00GXBE9515934967,ZTWP,GXBE95159349
KMAJ00ADRV5307221786,KMAJ,ADRV53072217
VGBB00KKWM5387984339,VGBB,KKWM53879843
LQTX00QTQA4734628294,LQTX,QTQA47346282
LXCT00LZIY8905419152,LXCT,LZIY89054191
TZGT00MLEF2444268992,TZGT,MLEF24442689
MKFC00TARE7768858586,MKFC,TARE77688585
WBKQ00KDPI1494267995,WBKQ,KDPI14942679
FHSO00SRZV4030817486,FHSO,SRZV40308174
UZWE00KLTI2458385972,UZWE,KLTI24583859
LAZO00BDWQ3441171488,LAZO,BDWQ34411714
YAYA00BOTS2271825446,YAYA,BOTS22718254
OKPP00WNTR0708821487,OKPP,WNTR07088214
CTIH00GYEN1027891121,CTIH,GYEN10278911
DKPM00BDMY3141182985,DKPM,BDMY31411829
WRMW00AXIO4616770322,WRMW,AXIO46167703
WTAC00LDZO0550320582,WTAC,LDZO05503205
QUES00OVGA4819565304,QUES,OVGA48195653
BGJF00TPOF4685902073,BGJF,TPOF46859020
ZVNC00UVND8774417111,ZVNC,UVND87744171
QBNE00CMNT9470596410,QBNE,CMNT94705964
MURI00FOJM1938368137,MURI,FOJM19383681
FVMY00WPMS1906481785,FVMY,WPMS19064817
XWPA00MAKK6360574580,XWPA,MAKK63605745
NVDM00QIBP0546962051,NVDM,QIBP05469620
CLCY00MUBL9906231266,CLCY,MUBL99062312
NGQA00FSVK2173096247,NGQA,FSVK21730962
YOHQ00CIQS7978803151,YOHQ,CIQS79788031
URYC00MPBZ1716284795,URYC,MPBZ17162847
DRJF00IYWI8391709117,DRJF,IYWI83917091
PXDD00TREZ9922885260,PXDD,TREZ99228852
BFDY00GROB4803761657,BFDY,GROB48037616
EICK00TEPN6314465724,EICK,TEPN63144657
VPOQ00OMLB5338511621,VPOQ,OMLB53385116
VKUF00PXVH8413101198,VKUF,PXVH84131011
RGJJ00KXXR0772483493,RGJJ,KXXR07724834
KWZC00CYYQ9234464982,KWZC,CYYQ92344649
FHXT00GAVU4826034881,FHXT,GAVU48260348
ZWRE00FVQY6870109243,ZWRE,FVQY68701092
FUKP00MZGU3576972239,FUKP,MZGU35769722
HJVC00NEDP7119270398,HJVC,NEDP71192703
CDRI00PNQW4329194148,CDRI,PNQW43291941
DYKW00ZJRH0453405846,DYKW,ZJRH04534058
FBUK00DXSG4854997835,FBUK,DXSG48549978
NQET00EOUZ6269647663,NQET,EOUZ62696476
CBJD00SOEO9758933382,CBJD,SOEO97589333
OOUM00OUWW8831650287,OOUM,OUWW88316502
PWJE00MQFP3644250057,PWJE,MQFP36442500
HPJT00QZOE5236689466,HPJT,QZOE52366894
MNTZ00CVCE1143335267,MNTZ,CVCE11433352
HMZM00LQXD1897544825,HMZM,LQXD18975448
ZAQY00FKNM4279787374,ZAQY,FKNM42797873
DOPH00JWWZ4360057196,DOPH,JWWZ43600571
VPJO00EDBK9143720422,VPJO,EDBK91437204
WKKL00TVTS6734126234,WKKL,TVTS67341262
RVRG00OGFX2440025293,RVRG,OGFX24400252
RYSU00PWNP6074476624,RYSU,PWNP60744766
EKQG00TYIC1224269871,EKQG,TYIC12242698
IPSJ00OKXW5638555192,IPSJ,OKXW56385551
CLJJ00KOZS6215822823,CLJJ,KOZS62158228
HMVY00PEPN1938441972,HMVY,PEPN19384419
FBXM00ZCKX8846139045,FBXM,ZCKX88461390
ZHZS00DHSC2588721692,ZHZS,DHSC25887216
SCPP00QNVO6269053957,SCPP,QNVO62690539
JZFE00WRCF9755707440,JZFE,WRCF97557074
AENQ00PTXO9296813344,AENQ,PTXO92968133
JJAC00JNUP0135510536,JJAC,JNUP01355105
YXRJ00OJFG3805979381,YXRJ,OJFG38059793
OYLK00VYWI4750572925,OYLK,VYWI47505729
KZAT00GTRP8159839290,KZAT,GTRP81598392
YSHO00XTYG8184637628,YSHO,XTYG81846376
YGCW00RHTR4946371194,YGCW,RHTR49463711
TAGN00JBFH6596453679,TAGN,JBFH65964536
IEUU00BAOI4869719631,IEUU,BAOI48697196
XHHW00DAZJ4361260208,XHHW,DAZJ43612602
UQFP00APMJ1374499957,UQFP,APMJ13744999
KTPM00MBYF3881565291,KTPM,MBYF38815652
ULHG00ZCXB5254252279,ULHG,ZCXB52542522
FAPC00IRXJ6951073364,FAPC,IRXJ69510733
EGZF00BEWB0662436777,EGZF,BEWB06624367
CQKZ00EQQM1014881503,CQKZ,EQQM10148815
XKED00FZQF9026250117,XKED,FZQF90262501
YTFB00CNEL9834077330,YTFB,CNEL98340773
RSMR00HLMV9474249708,RSMR,HLMV94742497
QZNA00PMUT9967293498,QZNA,PMUT99672934
SIXM00NEOR3270390087,SIXM,NEOR32703900
AQCA00IALP3444203509,AQCA,IALP34442035
OXVE00CDDN3602615716,OXVE,CDDN36026157
MPBW00CYEB6104330058,MPBW,CYEB61043300
YRBL00IOOL8203972689,YRBL,IOOL82039726
LCNP00WPSO5564224930,LCNP,WPSO55642249
BRDY00KQYT6111391930,BRDY,KQYT61113919
HVOA00UJTQ6954781782,HVOA,UJTQ69547817
CVBJ00XPMW3985152832,CVBJ,XPMW39851528
VSLA00PUGT0830486864,VSLA,PUGT08304868
UVYO00DGPO4648881128,UVYO,DGPO46488811
CYRT00QKAO4997192677,CYRT,QKAO49971926
QIQX00YIHE1172626971,QIQX,YIHE11726269
YDNV00PZGB3870747454,YDNV,PZGB38707474
OZRV00AXNO0483451452,OZRV,AXNO04834514
FVLA00UHOU0994123640,FVLA,UHOU09941236
OSHQ00TVBI8188492602,OSHQ,TVBI81884926
BKAS00EXLZ0394072869,BKAS,EXLZ03940728
LTWT00EPGM0147568994,LTWT,EPGM01475689
FQXD00LYRS6775094375,FQXD,LYRS67750943
WXVG00MRZZ7493219804,WXVG,MRZZ74932198
IVJG00VPHL0750968908,IVJG,VPHL07509689
TDSJ00QYSI9428034839,TDSJ,QYSI94280348
YBKG00AUXM8118444734,YBKG,AUXM81184447
HFRR00CGJE0052960683,HFRR,CGJE00529606
RQUM00HCFG3086615733,RQUM,HCFG30866157
YMKS00PEGM0901257353,YMKS,PEGM09012573
VALX00QDLD3201940125,VALX,QDLD32019401
MANR00HGYL8153811683,MANR,HGYL81538116
OKDZ00SHDW8503545656,OKDZ,SHDW85035456
SFGB00MNUF2284348971,SFGB,MNUF22843489
CASS00KTYQ5173541062,CASS,KTYQ51735410
CIJZ00RNHI7038803869,CIJZ,RNHI70388038
FCQL00VRDD8193949734,FCQL,VRDD81939497
EZBU00PJDR9914754834,EZBU,PJDR99147548
IRHV00KPLE9197571266,IRHV,KPLE91975712
HWXW00ZEMT6936171554,HWXW,ZEMT69361715
BDVE00CEBH6978769890,BDVE,CEBH69787698
YVNR00BTRL4164346433,YVNR,BTRL41643464
LOOF00MMCK1104023532,LOOF,MMCK11040235
ZYYG00JFJI0448641054,ZYYG,JFJI04486410
LGDA00HMLM5417855773,LGDA,HMLM54178557
QUML00PXCS3414742768,QUML,PXCS34147427
XDTK00EPRE9245655908,XDTK,EPRE92456559
FLGZ00BTAV5561725067,FLGZ,BTAV55617250
IIHN00GMXZ2520178118,IIHN,GMXZ25201781
EHQV00ZBSI2897055976,EHQV,ZBSI28970559
LJGL00FAND4308041329,LJGL,FAND43080413
HQLL00KNAG2916687342,HQLL,KNAG29166873
AMWQ00RRLB9168513875,AMWQ,RRLB91685138
VNIS00LZGS4554357160,VNIS,LZGS45543571
RAZE00PBWQ3729092005,RAZE,PBWQ37290920
GDKW00QHEX8535491023,GDKW,QHEX85354910
ZMOC00HTMF1984478668,ZMOC,HTMF19844786
JZDA00IUYC0355362557,JZDA,IUYC03553625
ZLJX00XWPZ4251585632,ZLJX,XWPZ42515856
UKVL00OCJA5551260668,UKVL,OCJA55512606
HOBT00OFJX9827090114,HOBT,OFJX98270901
ORNH00KWGD9877248552,ORNH,KWGD98772485
CDPZ00WCSS1160036653,CDPZ,WCSS11600366
BZRO00EPHV6835015797,BZRO,EPHV68350157
NUKX00XMKJ8479493082,NUKX,XMKJ84794930
ACRC00JPLN5876513781,ACRC,JPLN58765137
AKSE00WWIY5713080509,AKSE,WWIY57130805
HBCH00DYJY2017986480,HBCH,DYJY20179864
CYCR00QTCD5391676349,CYCR,QTCD53916763
VEBX00TSTB4184057972,VEBX,TSTB41840579
RIZT00NBZN3251187533,RIZT,NBZN32511875
QBYF00WVHG6250410622,QBYF,WVHG62504106
XZLJ00XGCN3265957704,XZLJ,XGCN32659577
KDEP00WPFZ4321658908,KDEP,WPFZ43216589
VFGX00BTEZ0669639381,VFGX,BTEZ06696393
UWNJ00HWMG5699840152,UWNJ,HWMG56998401
YOZL00GODL4841355468,YOZL,GODL48413554
ZSPG00BJFW9113759488,ZSPG,BJFW91137594
UQZS00RARS3897239756,UQZS,RARS38972397
IVOI00XVJM9756308657,IVOI,XVJM97563086
JWMI00QTHH3803140223,JWMI,QTHH38031402
KLAK00BOFL7682182649,KLAK,BOFL76821826
BGEH00LDTJ7752455985,BGEH,LDTJ77524559
FMGJ00MCSE4177210004,FMGJ,MCSE41772100
ILLL00GTEC3329286133,ILLL,GTEC33292861
ZQIN00OTIF7302000215,ZQIN,OTIF73020002
CPCR00PDAR6576841681,CPCR,PDAR65768416
RIWM00CHYW1279572203,RIWM,CHYW12795722
CNAX00GVIA6148718206,CNAX,GVIA61487182
FBJF00WDMW8507086770,FBJF,WDMW85070867
TEFJ00STET4017523025,TEFJ,STET40175230
YFDU00YRYA8643124041,YFDU,YRYA86431240
VYFM00OHNJ2835266574,VYFM,OHNJ28352665
VOLZ00WHYX6542683936,VOLZ,WHYX65426839
GJAD00WSLI4606743029,GJAD,WSLI46067430
UJJX00HKFX1342169193,UJJX,HKFX13421691
WZNT00SRSV3336741434,WZNT,SRSV33367414
ZJJQ00UPSP9061983836,ZJJQ,UPSP90619838
WCEO00QQNR9931359309,WCEO,QQNR99313593
IGGR00MCNI3060074993,IGGR,MCNI30600749
BOSF00MMKP3435910566,BOSF,MMKP34359105
NCOY00GHXT8069442555,NCOY,GHXT80694425
CQBG00GRVH3853115737,CQBG,GRVH38531157
DPLS00IBEY4916537163,DPLS,IBEY49165371
PNGV00CSYB4382927514,PNGV,CSYB43829275
MCPT00BAFA4622177667,MCPT,BAFA46221776
LLAM00SYPO6367379773,LLAM,SYPO63673797
IPFB00YWJG2593749124,IPFB,YWJG25937491
EXOW00NUWB5086254423,EXOW,NUWB50862544
WWKH00COFH7504712489,WWKH,COFH75047124
YQZD00XCAO7965189659,YQZD,XCAO79651896
EUSG00ROCM6613181262,EUSG,ROCM66131812
VWTS00UCBK2201904977,VWTS,UCBK22019049
IJDD00ELRK5251066287,IJDD,ELRK52510662
IIBX00YDUG0822869458,IIBX,YDUG08228694
THFZ00RJHM6579592147,THFZ,RJHM65795921
DZSY00FNXC0807764567,DZSY,FNXC08077645
ODXS00JRIR3868235636,ODXS,JRIR38682356
EMHU00PSCY6286600451,EMHU,PSCY62866004
PDBF00PDZH5423905072,PDBF,PDZH54239050
KNOY00LRHQ2033262977,KNOY,LRHQ20332629
JCLJ00TTGJ6756251539,JCLJ,TTGJ67562515
PMIO00LCTI8352886629,PMIO,LCTI83528866
YLTA00XNQT5571375730,YLTA,XNQT55713757
QPBE00JGNK8145440282,QPBE,JGNK81454402
ICNY00OIXT5451364850,ICNY,OIXT54513648
TBMA00FDJC6040696970,TBMA,FDJC60406969
RJNI00JLKM0736734029,RJNI,JLKM07367340
NCZF00PVQP0694132885,NCZF,PVQP06941328
KTPB00XDEQ6550206681,KTPB,XDEQ65502066
ITWD00PJGV0679699422,ITWD,PJGV06796994
CAQW00YJQG6653963326,CAQW,YJQG66539633
OKVV00GMLP4239550565,OKVV,GMLP42395505
GHGD00SWOA7584298666,GHGD,SWOA75842986
HINS00ZNGB4594465908,HINS,ZNGB45944659
AIDL00ACGG7041360413,AIDL,ACGG70413604
SKKN00YGFN6882921665,SKKN,YGFN68829216
PTOB00LNPS4359148098,PTOB,LNPS43591480
VJYG00BRJP7709866462,VJYG,BRJP77098664
NZCG00HKUP0463390784,NZCG,HKUP04633907
LDCU00DKLP7592717669,LDCU,DKLP75927176
WIYB00GEZY3301714492,WIYB,GEZY33017144
YBRI00PGEK6099035544,YBRI,PGEK60990355
WYIT00HVNJ4650288909,WYIT,HVNJ46502889
VHTA00MAGX8003530481,VHTA,MAGX80035304
JENJ00AJHB0771750119,JENJ,AJHB07717501
FWDD00QMQJ6065540630,FWDD,QMQJ60655406
NSCG00RANU6472777422,NSCG,RANU64727774
RPDH00EPBM5784162721,RPDH,EPBM57841627
MOVL00GYIL6930418455,MOVL,GYIL69304184
EOPA00AKCU5183029261,EOPA,AKCU51830292
FZNJ00IPIT6225942365,FZNJ,IPIT62259423
LWFR00RERI2417502429,LWFR,RERI24175024
RASM00RHUU3567116966,RASM,RHUU35671169
KUZN00JCZF3403124116,KUZN,JCZF34031241
GSBJ00OGSD7217794835,GSBJ,OGSD72177948
MSUJ00KHKJ3365148572,MSUJ,KHKJ33651485
XLOH00GTGS0143304578,XLOH,GTGS01433045
HIGL00QDMS5350300346,HIGL,QDMS53503003
YLAJ00LAPI5403283554,YLAJ,LAPI54032835
PHOX00UYSZ2177922957,PHOX,UYSZ21779229
WNFG00IAEN6002825725,WNFG,IAEN60028257
OYMX00XYWO5887091433,OYMX,XYWO58870914
LMOS00VSYM3664840447,LMOS,VSYM36648404
UFDD00YQOA5780338769,UFDD,YQOA57803387
YNPE00YMXF2002026460,YNPE,YMXF20020264
TPQI00CHXG5759044726,TPQI,CHXG57590447
UDUF00SMQP2747719136,UDUF,SMQP27477191
CAHP00TPEF9452480857,CAHP,TPEF94524808
BJUO00SYBN0720516412,BJUO,SYBN07205164
MOHO00BAXL9564818071,MOHO,BAXL95648180
UXVB00DBDO2318015547,UXVB,DBDO23180155
RVNM00SNZH7622930157,RVNM,SNZH76229301
ABHL00TLID2500658959,ABHL,TLID25006589
PYBW00PXYJ9309658195,PYBW,PXYJ93096581
SHRZ00SMFE9004608736,SHRZ,SMFE90046087
RYCW00YULD6511730513,RYCW,YULD65117305
UXEF00LSUW6672260785,UXEF,LSUW66722607
IGHV00SUNH4698576932,IGHV,SUNH46985769
VNYD00RNUM0396899786,VNYD,RNUM03968997
WJBG00TWRC3938647191,WJBG,TWRC39386471
MNDQ00YHWS3039701961,MNDQ,YHWS30397019
RUSM00AFNE8832644032,RUSM,AFNE88326440
DXHP00XVJD4904704096,DXHP,XVJD49047040
AKAJ00SWLB6697081926,AKAJ,SWLB66970819
FYMP00VPEO9727365507,FYMP,VPEO97273655
QIJT00PGNT6737964625,QIJT,PGNT67379646
FKDN00EWTW4645994988,FKDN,EWTW46459949
VIYX00FEYU7763706823,VIYX,FEYU77637068
OAKC00ASNG3223985876,OAKC,ASNG32239858
EKHS00AOBZ2141074090,EKHS,AOBZ21410740
EVGO00QVHB0225852521,EVGO,QVHB02258525
SXER00NNZR1119883495,SXER,NNZR11198834
ULSO00QVNE3304292431,ULSO,QVNE33042924
VPDQ00XQNO8785311978,VPDQ,XQNO87853119
EYQK00JQKL7455288393,EYQK,JQKL74552883
DQTS00VFKJ6782814850,DQTS,VFKJ67828148
QIOB00SLIP2592446739,QIOB,SLIP25924467
OKDE00QCJD4947042821,OKDE,QCJD49470428
FWLW00PFTW5189241174,FWLW,PFTW51892411
HOHF00XIJZ4189120371,HOHF,XIJZ41891203
XNPJ00EDIW1739860622,XNPJ,EDIW17398606
GMGQ00NYUK5641140958,GMGQ,NYUK56411409
XHOQ00XPXS3310979537,XHOQ,XPXS33109795
ASCZ00DDFF9437537110,ASCZ,DDFF94375371
NCPM00QRPU7256143488,NCPM,QRPU72561434
HKEP00UDEM4909314635,HKEP,UDEM49093146
EZHQ00ETUG7242180941,EZHQ,ETUG72421809
XPKE00BNIZ1764555798,XPKE,BNIZ17645557
JKSA00VGLO5726946273,JKSA,VGLO57269462
IYBN00DAHN1771544433,IYBN,DAHN17715444
JJNN00MFMR8558381855,JJNN,MFMR85583818
QNJI00WLIZ6453193165,QNJI,WLIZ64531931
ZMCB00IIMQ7710878970,ZMCB,IIMQ77108789
CICS00RSVZ4269922431,CICS,RSVZ42699224
TPPJ00JAOG4033048211,TPPJ,JAOG40330482
JTGQ00QFXZ5580374723,JTGQ,QFXZ55803747
YQJP00OHSH2782314504,YQJP,OHSH27823145
DUUY00QGFN1910879012,DUUY,QGFN19108790
EDZQ00UWCY2559062912,EDZQ,UWCY25590629
VBJJ00TWTU6783380844,VBJJ,TWTU67833808
MILR00FGFF4204217426,MILR,FGFF42042174
XGMR00YMGP6784704913,XGMR,YMGP67847049
NHEY00BHDX2758951467,NHEY,BHDX27589514
QMRF00OTCD6707347222,QMRF,OTCD67073472
MKSV00QZFH0504458579,MKSV,QZFH05044585
MRXC00WTNK0835938658,MRXC,WTNK08359386
JNDC00IYCT7246477427,JNDC,IYCT72464774
ESXA00XLRH9428131386,ESXA,XLRH94281313
VYFC00CQUX0201245406,VYFC,CQUX02012454
JLGQ00GNJT3175252783,JLGQ,GNJT31752527
UOIG00BRQX8464872163,UOIG,BRQX84648721
WVQN00PLUM2408723669,WVQN,PLUM24087236
EIGQ00PFPK3286177035,EIGQ,PFPK32861770
XBIL00XPNN2519044535,XBIL,XPNN25190445
IMRX00EHYH0924340946,IMRX,EHYH09243409
BGSD00UMOS9689365639,BGSD,UMOS96893656
EHCQ00SKLI3336048152,EHCQ,SKLI33360481
OUDJ00YOQN0718423868,OUDJ,YOQN07184238
FNJU00LVRO8956850753,FNJU,LVRO89568507
HWAH00IQOY2260523134,HWAH,IQOY22605231
CIAH00BPWR7643591082,CIAH,BPWR76435910
FCVU00GODX9394850771,FCVU,GODX93948507
MFZY00HCVY5134227091,MFZY,HCVY51342270
ADKJ00NOMK4085193611,ADKJ,NOMK40851936
DOEO00LKYZ7917790004,DOEO,LKYZ79177900
NAGW00QQHP0881889517,NAGW,QQHP08818895
KXRL00HNDN0283032574,KXRL,HNDN02830325
YUTK00STWK1531847191,YUTK,STWK15318471
OEQQ00LUXQ3678203459,OEQQ,LUXQ36782034
TQZR00IHXM1566425974,TQZR,IHXM15664259
WDLC00AZIK6289560548,WDLC,AZIK62895605
WRZE00HBWQ6335163202,WRZE,HBWQ63351632
CGQI00VALJ2809415933,CGQI,VALJ28094159
QDRK00NSJL0924077022,QDRK,NSJL09240770
RFRE00XKEO2719736530,RFRE,XKEO27197365
RFEN00EOCZ7879828750,RFEN,EOCZ78798287
GRHS00UZCL8647938531,GRHS,UZCL86479385
YERB00ESDX9544073612,YERB,ESDX95440736
PYVW00JPMR4286946610,PYVW,JPMR42869466
WJVK00QCZK4430422109,WJVK,QCZK44304221
PJKY00LHED0221859379,PJKY,LHED02218593
FISL00SJXD2239897075,FISL,SJXD22398970
LZKJ00SYVI9754613448,LZKJ,SYVI97546134
UBUD00SRNX6430716872,UBUD,SRNX64307168
DJDG00HAFX0487070760,DJDG,HAFX04870707
LHQK00RUDH4136236215,LHQK,RUDH41362362
ETTA00SDXD3600198508,ETTA,SDXD36001985
BQLF00MFYP9053183172,BQLF,MFYP90531831
CEHM00ZEXX6152352333,CEHM,ZEXX61523523
SJZG00QPZQ2672832949,SJZG,QPZQ26728329
MLQM00PXBD0141937892,MLQM,PXBD01419378
RTYM00UOZX4690355813,RTYM,UOZX46903558
QHTZ00FXFE3790881378,QHTZ,FXFE37908813
HTZM00MGFH9807691578,HTZM,MGFH98076915
ONWJ00SFXV6604802677,ONWJ,SFXV66048026
JPVA00ZCQF7557192515,JPVA,ZCQF75571925
RRUI00XGOO2867542896,RRUI,XGOO28675428
OQNN00NPIB2170872688,OQNN,NPIB21708726
ALHO00MPEW8491251284,ALHO,MPEW84912512
CVBP00XTFG3161453081,CVBP,XTFG31614530
LJRU00GVGC2660460768,LJRU,GVGC26604607
FSVM00OGQM0757244703,FSVM,OGQM07572447
BESK00BULA3936369814,BESK,BULA39363698
CSYV00FKIJ7381063975,CSYV,FKIJ73810639
MSBG00UUIO2756832585,MSBG,UUIO27568325
SBCV00OWCF9447986487,SBCV,OWCF94479864
UBEJ00ABBT4439447043,UBEJ,ABBT44394470
QOJZ00FQZJ4312303341,QOJZ,FQZJ43123033
TXWL00HJRW3883198172,TXWL,HJRW38831981
DIQZ00LPHW2491346146,DIQZ,LPHW24913461
DJVP00NNXG5858353606,DJVP,NNXG58583536
KYWP00CMVA3783179503,KYWP,CMVA37831795
UIEA00VYPT7877335511,UIEA,VYPT78773355
LZIW00ARRD2441656344,LZIW,ARRD24416563
KNZF00ZTFX7706189629,KNZF,ZTFX77061896
GTLU00WRDT0387208764,GTLU,WRDT03872087
IVHS00ZDKP8163603849,IVHS,ZDKP81636038
IUPF00KGIK9016460150,IUPF,KGIK90164601
GMTG00TOUI3014348057,GMTG,TOUI30143480
BQKM00ILWO7810307312,BQKM,ILWO78103073
ZGOT00BSPM0401420543,ZGOT,BSPM04014205
LQYF00NEHZ5108646751,LQYF,NEHZ51086467
RNZO00RZWI9778135881,RNZO,RZWI97781358
LSFY00DNVR7768321698,LSFY,DNVR77683216
QEWK00RQBV3547597469,QEWK,RQBV35475974
UTBP00PAOI0134832759,UTBP,PAOI01348327
NZUN00USSH6624007689,NZUN,USSH66240076
QCOR00OIKJ6794313477,QCOR,OIKJ67943134
GMQQ00NBTB4834719726,GMQQ,NBTB48347197
LDHS00DDJN3393324807,LDHS,DDJN33933248
LVCF00QVBF3703805528,LVCF,QVBF37038055
ZAHE00GRVO1222416610,ZAHE,GRVO12224166
DGTV00CZVD4221112852,DGTV,CZVD42211128
CPAQ00XMSS3859972411,CPAQ,XMSS38599724
SMHT00HVHB7232474203,SMHT,HVHB72324742
KPTY00AEFY4694944460,KPTY,AEFY46949444
UAHM00TMVZ0794784005,UAHM,TMVZ07947840
KQWA00BOLA0550380495,KQWA,BOLA05503804
EVVU00PPVT5202975990,EVVU,PPVT52029759
GGWE00KUMB1142838642,GGWE,KUMB11428386
HGEG00HQCO1085690753,HGEG,HQCO10856907
SUEQ00VGWR0749995561,SUEQ,VGWR07499955
VYOD00VCKT8936864772,VYOD,VCKT89368647
JVFM00SMGC4243891748,JVFM,SMGC42438917
ZCWU00KDZQ8882284923,ZCWU,KDZQ88822849
KDCU00YXMV4872472294,KDCU,YXMV48724722
SXMR00LNNR4282198285,SXMR,LNNR42821982
ALQZ00ERMX0211618869,ALQZ,ERMX02116188
NXQI00KXPE8594110578,NXQI,KXPE85941105
HBTX00AATC5854511620,HBTX,AATC58545116
IVWN00BOWB4865476790,IVWN,BOWB48654767
ROAB00WSMM1482278414,ROAB,WSMM14822784
SVSV00NSJI0782202632,SVSV,NSJI07822026
OWRJ00URQD5357149217,OWRJ,URQD53571492
FSZA00CFDK3524126628,FSZA,CFDK35241266
VRHF00HJJA3067378568,VRHF,HJJA30673785
DQIO00LMMT1612408265,DQIO,LMMT16124082
VZRJ00ERHQ1843286847,VZRJ,ERHQ18432868
VGMK00VYAO5023166567,VGMK,VYAO50231665
QJXX00HAZH5864548289,QJXX,HAZH58645482
FUPA00AFEL0706867095,FUPA,AFEL07068670
NXEP00GQRX9738409643,NXEP,GQRX97384096
YVJE00MHKH8785083050,YVJE,MHKH87850830
EPPX00PFNN1117551868,EPPX,PFNN11175518
WVSE00BWQK5101587837,WVSE,BWQK51015878
GDBP00UKRA2712681351,GDBP,UKRA27126813
QACQ00PSHS6929904567,QACQ,PSHS69299045
MXKC00GQGA4664381532,MXKC,GQGA46643815
NHBK00LPDS3084381236,NHBK,LPDS30843812
RCXJ00GMPA3018375589,RCXJ,GMPA30183755
DFMY00UFYS2535211008,DFMY,UFYS25352110
JYPG00NQQT1187113956,JYPG,NQQT11871139
QPDC00NMCB9083145623,QPDC,NMCB90831456
GWHG00ZWRI9321929295,GWHG,ZWRI93219292
VZVK00LBBR1134430254,VZVK,LBBR11344302
NOWE00DHNW1894083857,NOWE,DHNW18940838
YIVB00YZGY9226497864,YIVB,YZGY92264978
XVKY00FOXN7535165293,XVKY,FOXN75351652
ZQID00HLEH9553897936,ZQID,HLEH95538979
NGTA00WQZV1044016813,NGTA,WQZV10440168
BMNV00CXRK0948028191,BMNV,CXRK09480281
RLZX00SDLF9975824145,RLZX,SDLF99758241
SPJE00JVZK5411730693,SPJE,JVZK54117306
LNNA00BHYD8039890944,LNNA,BHYD80398909
IOEE00UZKV9534771295,IOEE,UZKV95347712
WDGJ00JUFO1359948528,WDGJ,JUFO13599485
LIDO00RIHX0787379792,LIDO,RIHX07873797
PKWA00WKKX0290421436,PKWA,WKKX02904214
SYYE00VKYL9064541806,SYYE,VKYL90645418
BLZF00SMBF0704358495,BLZF,SMBF07043584
DKZM00RJPW5925831571,DKZM,RJPW59258315
ACOD00EULA8617662782,ACOD,EULA86176627
DLEP00NPMD8056811069,DLEP,NPMD80568110
TDPQ00TCXM0531671886,TDPQ,TCXM05316718
PPXO00ARTI8088543650,PPXO,ARTI80885436
NPOJ00XWLB3491023684,NPOJ,XWLB34910236
TAZW00TUMB9774956273,TAZW,TUMB97749562
URPZ00ZOCL3638453266,URPZ,ZOCL36384532
FWGY00NLUC3482297096,FWGY,NLUC34822970
BDHQ00ZDNB8530636832,BDHQ,ZDNB85306368
ZQLT00ONQG7654871603,ZQLT,ONQG76548716
CEXM00BJOL3552831115,CEXM,BJOL35528311
JXYQ00WRGV0079492371,JXYQ,WRGV00794923
VSNS00UKAC7935779145,VSNS,UKAC79357791
CNEP00CWAL1517385070,CNEP,CWAL15173850
XVVS00PTIS9488865647,XVVS,PTIS94888656
FXNX00ZUFS2235381616,FXNX,ZUFS22353816
PFNF00QVUT1626215916,PFNF,QVUT16262159
CUWG00UUSV0906054887,CUWG,UUSV09060548
UXAB00LKQG0549237883,UXAB,LKQG05492378
HKME00VVXQ8898509953,HKME,VVXQ88985099
GIDD00RPVY9235800367,GIDD,RPVY92358003
LVTE00NVOM8117364509,LVTE,NVOM81173645
FWCV00XSLG8752686627,FWCV,XSLG87526866
LIJV00KUZL6755539424,LIJV,KUZL67555394
XERA00HUEE1683996398,XERA,HUEE16839963
MCCP00SRMU2545279384,MCCP,SRMU25452793
INTT00YJAO6019689708,INTT,YJAO60196897
VZAI00PNEZ8733630853,VZAI,PNEZ87336308
LPAA00JDLN6144875715,LPAA,JDLN61448757
HMXC00TISR0287343739,HMXC,TISR02873437
XRCR00HTJF2558388007,XRCR,HTJF25583880
NLYY00QKEN5001250227,NLYY,QKEN50012502
DDQS00HZBX3134431005,DDQS,HZBX31344310
MXZH00EYDR6328327218,MXZH,EYDR63283272
LFVI00TEPE4475789328,LFVI,TEPE44757893
VKQG00GUJN4384546942,VKQG,GUJN43845469
FLRY00CAMT8502185442,FLRY,CAMT85021854
ZOGW00YXBO5945322497,ZOGW,YXBO59453224
JAZH00RLXV7790506790,JAZH,RLXV77905067
SSRN00JXFT7843161358,SSRN,JXFT78431613
HFMX00CERD3775970087,HFMX,CERD37759700
GCZP00BYGW7048016873,GCZP,BYGW70480168
PTGH00XBFM2694109693,PTGH,XBFM26941096
TIPA00GBLH8496190153,TIPA,GBLH84961901
YAAF00WVDK7597965414,YAAF,WVDK75979654
WDOJ00AALY3964914129,WDOJ,AALY39649141
YZTY00ZMDX7350875462,YZTY,ZMDX73508754
DSIU00XVJZ9899587829,DSIU,XVJZ98995878
BQGE00LSAE3327576637,BQGE,LSAE33275766
PULY00GWPO2106278380,PULY,GWPO21062783
OUFE00MKFD0278764852,OUFE,MKFD02787648
NBRB00RZJR4419867381,NBRB,RZJR44198673
KXAA00RBPL8259360194,KXAA,RBPL82593601
CYQD00WBXQ6513364807,CYQD,WBXQ65133648
SOYR00ZLSE9120207533,SOYR,ZLSE91202075
XZCL00BSZL3448652109,XZCL,BSZL34486521
TEIC00WMRD5742018915,TEIC,WMRD57420189
JRPV00WEEQ1944748716,JRPV,WEEQ19447487
FVLO00GKHQ9362393704,FVLO,GKHQ93623937
CQNC00SFAE7209089838,CQNC,SFAE72090898
NNQP00QPFO7180633087,NNQP,QPFO71806330
YXYY00VWNT6261166134,YXYY,VWNT62611661
VXVY00ESBT8222522330,VXVY,ESBT82225223
IAQY00JFGU8291066124,IAQY,JFGU82910661
ZJKT00QRAO0809079280,ZJKT,QRAO08090792
ZFGB00RJPB3313620952,ZFGB,RJPB33136209
NFKB00VTVU2568365790,NFKB,VTVU25683657
LGCA00SNOJ5101455125,LGCA,SNOJ51014551
KRNN00OKHM3740468445,KRNN,OKHM37404684
YPSM00IBQF3445375548,YPSM,IBQF34453755
VHFN00VWGF0755946575,VHFN,VWGF07559465
WMEQ00GCOH1335980016,WMEQ,GCOH13359800
JIKA00XVVY4535697414,JIKA,XVVY45356974
XDPS00XNIA5708510325,XDPS,XNIA57085103
MIGY00DICV5469585304,MIGY,DICV54695853
RHFZ00SXYE4812920441,RHFZ,SXYE48129204
CJJO00ZGZB5809945932,CJJO,ZGZB58099459
ZQGF00PRCR4909966831,ZQGF,PRCR49099668
ACAS00YMGN6856123956,ACAS,YMGN68561239
TIJK00XYHW1043838076,TIJK,XYHW10438380
SEOR00RANM7076568753,SEOR,RANM70765687
AIRO00DTYI4357932590,AIRO,DTYI43579325
SKSC00FKAQ3152936553,SKSC,FKAQ31529365
DKJY00ZXVD4585114918,DKJY,ZXVD45851149
KJMA00UVGH5333346614,KJMA,UVGH53333466
XRFP00LLGM0251781023,XRFP,LLGM02517810
OTTJ00GJNL6407632603,OTTJ,GJNL64076326
THWF00KOZZ8229133656,THWF,KOZZ82291336
DDSX00XZYN6350300978,DDSX,XZYN63503009
DRFF00LSEF7758372855,DRFF,LSEF77583728
PWIL00NRTU3848762632,PWIL,NRTU38487626
LWED00OFRY2745650624,LWED,OFRY27456506
PYKJ00MIII7101302877,PYKJ,MIII71013028
TLTN00BVJZ5179114043,TLTN,BVJZ51791140
HMEL00JSEJ7879290687,HMEL,JSEJ78792906
YUWO00FKWO5658811560,YUWO,FKWO56588115
OBMY00GEZM1675493081,OBMY,GEZM16754930
MDDJ00LVRM5425569374,MDDJ,LVRM54255693
AMNR00UDSO6271743717,AMNR,UDSO62717437
LTJJ00SOYF9928482488,LTJJ,SOYF99284824
VNHN00SXTT4824119925,VNHN,SXTT48241199
HXDJ00CLRJ4991031671,HXDJ,CLRJ49910316
YFZW00YCWV4927415409,YFZW,YCWV49274154
JFKY00KPLF8543196309,JFKY,KPLF85431963
XKYH00FXWO0496514696,XKYH,FXWO04965146
SMAR00VWZN1635938872,SMAR,VWZN16359388
ZSHE00VADG1760927446,ZSHE,VADG17609274
SEYK00AANE4166886680,SEYK,AANE41668866
NOZA00VRYB5297278922,NOZA,VRYB52972789
RAVR00NUOS7721814566,RAVR,NUOS77218145
ARKA00RBYM4981940889,ARKA,RBYM49819408
AXXB00UKGY0731184641,AXXB,UKGY07311846
EBBJ00VRGW0837641649,EBBJ,VRGW08376416
VNSZ00MUUI9068344706,VNSZ,MUUI90683447
TKDF00BWYB0750717342,TKDF,BWYB07507173
THHT00LNNJ2144041241,THHT,LNNJ21440412
VRMH00GQRY3215603276,VRMH,GQRY32156032
IDNV00QXAW8019480236,IDNV,QXAW80194802
LKDY00ZXLH9469257184,LKDY,ZXLH94692571
IPLX00GRUT8961559815,IPLX,GRUT89615598
DKRK00GAWX9874915398,DKRK,GAWX98749153
YBQH00ACJJ6937678019,YBQH,ACJJ69376780
AUVE00CMHG6503000140,AUVE,CMHG65030001
ERVS00QGOZ7730319861,ERVS,QGOZ77303198
JCKN00ARHT0527058195,JCKN,ARHT05270581
JEZX00QQKO2052524559,JEZX,QQKO20525245
ASIG00QLRS5372247159,ASIG,QLRS53722471
EKKI00CJST9165683380,EKKI,CJST91656833
BEIH00HESX1183246412,BEIH,HESX11832464
QRTF00QONX3576539749,QRTF,QONX35765397
JWIN00XUOD0882648864,JWIN,XUOD08826488
BKRA00GYXU8765743683,BKRA,GYXU87657436
XCTO00RUNR8348203781,XCTO,RUNR83482037
EPHA00LAIJ6519147534,EPHA,LAIJ65191475
LVDM00VLIM4492809309,LVDM,VLIM44928093
JJBE00IIYC0955745360,JJBE,IIYC09557453
QULT00MWAL3616126531,QULT,MWAL36161265
SYMD00ACUG1190597286,SYMD,ACUG11905972
RKZJ00CAXE4249397280,RKZJ,CAXE42493972
CMVO00PUEC9120970185,CMVO,PUEC91209701
ERZB00CMBK0044130043,ERZB,CMBK00441300
QUQC00UUGK1229568882,QUQC,UUGK12295688
BXCA00NYLV6554499675,BXCA,NYLV65544996
TEFP00VGXU3864059846,TEFP,VGXU38640598
GGAV00CVRE9781533643,GGAV,CVRE97815336
UIJR00LDAB3994433136,UIJR,LDAB39944331
TOJE00LIBV6634100549,TOJE,LIBV66341005
TVUC00VGNC5527341449,TVUC,VGNC55273414
LBXD00ORWU1720933528,LBXD,ORWU17209335
SUKZ00YPOP8300729117,SUKZ,YPOP83007291
RCMG00ACIX6936848154,RCMG,ACIX69368481
SETU00TTNZ3497249181,SETU,TTNZ34972491
SECP00AFWD8543775586,SECP,AFWD85437755
PWZZ00YMOE2084389226,PWZZ,YMOE20843892
TSVC00HKYC7648188070,TSVC,HKYC76481880
RJEV00DIZI8351472387,RJEV,DIZI83514723
GNBY00KDKB4589219180,GNBY,KDKB45892191
FMIL00WJQH5537438703,FMIL,WJQH55374387
MUIF00JQOG3401944235,MUIF,JQOG34019442
SGZY00CXQZ9791444451,SGZY,CXQZ97914444
WHUS00JXYW3174560610,WHUS,JXYW31745606
PKAB00DAPH1570679722,PKAB,DAPH15706797
MCJW00UXKK6864330431,MCJW,UXKK68643304
LVBD00WOQV0255034154,LVBD,WOQV02550341
UHES00FVWI9336118806,UHES,FVWI93361188
XRPK00HQZK8486088929,XRPK,HQZK84860889
RCNY00GQLZ6154602339,RCNY,GQLZ61546023
VGXS00QTUG3137558134,VGXS,QTUG31375581
HQOK00PLCE2426482793,HQOK,PLCE24264827
ONJW00UCJK0494777207,ONJW,UCJK04947772
NSNI00UGDR7179250357,NSNI,UGDR71792503
HEBE00YRDX2002452919,HEBE,YRDX20024529
LRLG00LPUG0119953046,LRLG,LPUG01199530
QJVR00MHNB7177682028,QJVR,MHNB71776820
BTYK00CORY9409729089,BTYK,CORY94097290
NBTW00CYSK6004155937,NBTW,CYSK60041559
VWCY00HOWB9373676349,VWCY,HOWB93736763
DQDH00LDJG6580004526,DQDH,LDJG65800045
SFOZ00IRLX4375095972,SFOZ,IRLX43750959
NFCD00BCMK9765451056,NFCD,BCMK97654510
HUYZ00HQWH4505964292,HUYZ,HQWH45059642
QKCW00HRMJ6129194145,QKCW,HRMJ61291941
GZBV00SXVT8244800191,GZBV,SXVT82448001
XCZM00FXLY5550072279,XCZM,FXLY55500722
PLCX00NKHY7760435461,PLCX,NKHY77604354
ODWI00XLWK4436421229,ODWI,XLWK44364212
BOZH00CSTR2601313754,BOZH,CSTR26013137
KXBZ00MUQV7920858244,KXBZ,MUQV79208582
NYWM00ZQCP3098529896,NYWM,ZQCP30985298
PING00VGIY7150972417,PING,VGIY71509724
YPXM00DMIJ4471680168,YPXM,DMIJ44716801
EOJY00YACG9873398367,EOJY,YACG98733983
RKRS00WAKY8754421834,RKRS,WAKY87544218
AJDZ00UGTS4517471722,AJDZ,UGTS45174717
ZYHF00PNZV9991060879,ZYHF,PNZV99910608
MUVQ00SRKN2731493970,MUVQ,SRKN27314939
LNCY00IFNM9866022597,LNCY,IFNM98660225
SASM00LXHE4293984968,SASM,LXHE42939849
UNQS00PRQO5417622040,UNQS,PRQO54176220
MICQ00IGUC5699294522,MICQ,IGUC56992945
WMVO00FBXI5106562577,WMVO,FBXI51065625
GGIU00DBJO6404209570,GGIU,DBJO64042095
GANZ00DBPR0270864648,GANZ,DBPR02708646
VINR00CWVR9466023891,VINR,CWVR94660238
LLZB00FSLY4071545306,LLZB,FSLY40715453
KUUP00NSJD3655919962,KUUP,NSJD36559199
OAIN00YXPH6265211417,OAIN,YXPH62652114
BVDK00IYUW1401938130,BVDK,IYUW14019381
CHTE00JGFN4702823625,CHTE,JGFN47028236
HHDD00RRJQ7898523892,HHDD,RRJQ78985238
FMGH00OVVG4089101537,FMGH,OVVG40891015
IPAM00GSRO4073575647,IPAM,GSRO40735756
LSTH00CZUZ5490172592,LSTH,CZUZ54901725
CBDW00JMSF1120147470,CBDW,JMSF11201474
EVPU00GBNN4793704482,EVPU,GBNN47937044
KDJC00GNPJ9181861052,KDJC,GNPJ91818610
DPKT00RFCD4241880746,DPKT,RFCD42418807
LFWA00CWMJ5801005056,LFWA,CWMJ58010050
UOZZ00AWAY2623162396,UOZZ,AWAY26231623
YILB00CSNN9789920076,YILB,CSNN97899200
ZDJC00HVSS8585429887,ZDJC,HVSS85854298
FZAD00OBVV2382261781,FZAD,OBVV23822617
AAEB00BXNF7653110724,AAEB,BXNF76531107
VCNV00ENRZ8269174287,VCNV,ENRZ82691742
NPFU00DWED4511366822,NPFU,DWED45113668
XCKE00FQPF6975517470,XCKE,FQPF69755174
LTVH00NMWS6288913494,LTVH,NMWS62889134
EAJG00DLIA5884512930,EAJG,DLIA58845129
FYVL00VXGF1553486473,FYVL,VXGF15534864
IQQG00IURK7289402996,IQQG,IURK72894029
PYQE00FLZL1639771593,PYQE,FLZL16397715
WYST00UACZ6410151390,WYST,UACZ64101513
BDPX00QPIX5985280913,BDPX,QPIX59852809
QINC00PESX6270055953,QINC,PESX62700559
YIZK00XRAS2882288944,YIZK,XRAS28822889
EWRR00VSJA1234277718,EWRR,VSJA12342777
AKSQ00DADA1631143856,AKSQ,DADA16311438
RPRC00OLLS9331232896,RPRC,OLLS93312328
VPVW00RTXW7043525643,VPVW,RTXW70435256
XDNJ00LXOG8998642012,XDNJ,LXOG89986420
JXJD00XLQX8586676787,JXJD,XLQX85866767
NFCA00CRIP1451918127,NFCA,CRIP14519181
ZMHS00PVAJ3318137558,ZMHS,PVAJ33181375
QKZO00ZZQX1880424403,QKZO,ZZQX18804244
YIBP00WQTV7510935652,YIBP,WQTV75109356
UBAL00NUVD6706597644,UBAL,NUVD67065976
TYLU00ICUY6365829744,TYLU,ICUY63658297
WMLZ00VSIZ7036405021,WMLZ,VSIZ70364050
GCZU00QBEP3475989718,GCZU,QBEP34759897
VKPB00QVAX8496892174,VKPB,QVAX84968921
IWGJ00CVAP0885593772,IWGJ,CVAP08855937
KNIZ00KUDB0213805307,KNIZ,KUDB02138053
PZZP00CQUZ0383416857,PZZP,CQUZ03834168
VZGX00MWTI3183410844,VZGX,MWTI31834108
LLUP00HJZW6969718696,LLUP,HJZW69697186
XDVM00GJLS7817443525,XDVM,GJLS78174435
HKPV00SAWO6423655673,HKPV,SAWO64236556
UYVJ00YVCF4059979660,UYVJ,YVCF40599796
GQWE00OBUK2334622587,GQWE,OBUK23346225
YXOA00CBOB5323852305,YXOA,CBOB53238523
AZRF00NYIS5804527026,AZRF,NYIS58045270
WBTK00USFZ2401724934,WBTK,USFZ24017249
CDHY00TDLN8646104028,CDHY,TDLN86461040
DONG00RPUN5031341338,DONG,RPUN50313413
VLIP00TVUQ2903322456,VLIP,TVUQ29033224
YJHX00WQXU6626372292,YJHX,WQXU66263722
TYEL00BNSC4249550789,TYEL,BNSC42495507
XRBQ00AJCY3831356057,XRBQ,AJCY38313560
RQLQ00OHJH8514014687,RQLQ,OHJH85140146
HXJU00MDMC7767113788,HXJU,MDMC77671137
KTZW00VHBU9884365006,KTZW,VHBU98843650
RBHF00FROT0679560257,RBHF,FROT06795602
HAJN00HPRT8286941592,HAJN,HPRT82869415
UHWO00NSQJ6609917751,UHWO,NSQJ66099177
JLDS00VVRB1248219673,JLDS,VVRB12482196
HVUS00QJUY4688313238,HVUS,QJUY46883132
MSXY00HRNE6441267704,MSXY,HRNE64412677
HPZX00PSJC7822280039,HPZX,PSJC78222800
ABFK00GJYU6285992860,ABFK,GJYU62859928
MAED00OHRU6111900272,MAED,OHRU61119002
PXEP00UCQT9389304276,PXEP,UCQT93893042
WJKP00OGRX0401039851,WJKP,OGRX04010398
NEIR00ATIS9344995832,NEIR,ATIS93449958
PBNE00FOSU6235292479,PBNE,FOSU62352924
CFVJ00RZFP9962545976,CFVJ,RZFP99625459
TKIO00HJDC1294516271,TKIO,HJDC12945162
NHHF00RQLN4116981470,NHHF,RQLN41169814
OZQD00VHIR7452745203,OZQD,VHIR74527452
SMUH00ZKQH3094153262,SMUH,ZKQH30941532
LHCC00PNYQ7370902719,LHCC,PNYQ73709027
DWBF00CXXF0832681824,DWBF,CXXF08326818
FPHU00QBYO7489940132,FPHU,QBYO74899401
ORTX00VJIO2208573945,ORTX,VJIO22085739
SOUY00IBYZ9579894257,SOUY,IBYZ95798942
HTZH00ESVV4093410520,HTZH,ESVV40934105
PVOH00AVGI9023127734,PVOH,AVGI90231277
JKVT00OLQS2527389543,JKVT,OLQS25273895
RERN00XMVS5191402369,RERN,XMVS51914023
FQLU00TAQI2024813757,FQLU,TAQI20248137
EDKM00KGCB6323918832,EDKM,KGCB63239188
RVGP00XRKT4215470103,RVGP,XRKT42154701
RGLK00ZDLT9698980297,RGLK,ZDLT96989802
DSEW00RVDN8010228475,DSEW,RVDN80102284
VGFT00ZUSF1170745309,VGFT,ZUSF11707453
HWCI00NSEC2515762989,HWCI,NSEC25157629
QFUF00SXPE2242665724,QFUF,SXPE22426657
KCYD00GEQV0116672653,KCYD,GEQV01166726
VSYA00IHQK0505431582,VSYA,IHQK05054315
PRCN00QQWS1099129143,PRCN,QQWS10991291
RGBY00JISF9318376741,RGBY,JISF93183767
EPPM00FHXP3018430256,EPPM,FHXP30184302
IOYZ00JBHC1407619925,IOYZ,JBHC14076199
UNMF00YHKX4456128268,UNMF,YHKX44561282
SRZP00PMHL2532690562,SRZP,PMHL25326905
IJML00GLYC7504830326,IJML,GLYC75048303
WHRM00DGZL6482665726,WHRM,DGZL64826657
ZQBX00EJQD5401573792,ZQBX,EJQD54015737
JGLW00APFB6242013897,JGLW,APFB62420138
VJCI00BGGT7173881778,VJCI,BGGT71738817
ESID00THJH9438756424,ESID,THJH94387564
GZDY00CEUV1568954674,GZDY,CEUV15689546
ECAX00PMHF3019032705,ECAX,PMHF30190327
DRSJ00YZOU0823621576,DRSJ,YZOU08236215
JXPI00LEBM5819689753,JXPI,LEBM58196897
HHDA00VDAW6042121204,HHDA,VDAW60421212
CQSP00NRWQ3037959292,CQSP,NRWQ30379592
BDSB00WRPF2704019460,BDSB,WRPF27040194
BFHY00ETWZ8412534322,BFHY,ETWZ84125343
KMDB00OEXZ1108592271,KMDB,OEXZ11085922
MOZE00NAMH0530325556,MOZE,NAMH05303255
CSFH00ZZCC5816679023,CSFH,ZZCC58166790
ULRI00ZDYI5367469934,ULRI,ZDYI53674699
MHIE00HUUL4455078112,MHIE,HUUL44550781
KZWS00OYMG5125396279,KZWS,OYMG51253962
SMUF00XKRQ7340351321,SMUF,XKRQ73403513
JBFY00OIFJ0747123922,JBFY,OIFJ07471239
ZSCX00XAKW9968317056,ZSCX,XAKW99683170
XLUX00IXBE7634534126,XLUX,IXBE76345341
TMOJ00NCYX2355843539,TMOJ,NCYX23558435
NTGH00NVNM9093438020,NTGH,NVNM90934380
HEFL00YXCJ2996758016,HEFL,YXCJ29967580
CXUE00ACVT2668475123,CXUE,ACVT26684751
BWWO00MIEZ7593075382,BWWO,MIEZ75930753
FBZW00QKWY6244105087,FBZW,QKWY62441050
BKGH00XMRJ7968657135,BKGH,XMRJ79686571
OBUY00MZPZ2943783040,OBUY,MZPZ29437830
TUZZ00FJPC2172994220,TUZZ,FJPC21729942
GJKV00JMQQ6828537908,GJKV,JMQQ68285379
HDBN00ZEJF9669332770,HDBN,ZEJF96693327
YURG00ZQSI6185498895,YURG,ZQSI61854988
APDU00DUYU1845534821,APDU,DUYU18455348
HIDJ00BUJC3465581539,HIDJ,BUJC34655815
HVAR00LLMX9476492581,HVAR,LLMX94764925
QVNO00WSEK5824285234,QVNO,WSEK58242852
AFXP00VRIV1723756580,AFXP,VRIV17237565
LLVF00KXYA1322787680,LLVF,KXYA13227876
TQPQ00UGON2534395021,TQPQ,UGON25343950
SERH00PMZZ5386258948,SERH,PMZZ53862589
DZVO00CRSG1041705679,DZVO,CRSG10417056
VINZ00FJYS8885760687,VINZ,FJYS88857606
IUIZ00HOJH2146420629,IUIZ,HOJH21464206
YIRE00NNFC6009449019,YIRE,NNFC60094490
RVTH00JIZY7134960319,RVTH,JIZY71349603
KEQU00QZSQ3885279730,KEQU,QZSQ38852797
OLDO00VQFY1380139354,OLDO,VQFY13801393
QKHI00OICI5399980092,QKHI,OICI53999800
EQNH00VMKO0862811551,EQNH,VMKO08628115
CHGR00RWKR3965968956,CHGR,RWKR39659689
RSND00CJAN9919810070,RSND,CJAN99198100
GDZW00PFUZ0740183373,GDZW,PFUZ07401833
YHOJ00YGQH8663989953,YHOJ,YGQH86639899
PVHZ00IYWT2088282843,PVHZ,IYWT20882828
RCDZ00JPEL2110401528,RCDZ,JPEL21104015
DDHD00OLZZ9589004850,DDHD,OLZZ95890048
QUSN00LRDX3156804902,QUSN,LRDX31568049
HWXA00VDAN8509541903,HWXA,VDAN85095419
AREJ00AYPX9471277056,AREJ,AYPX94712770
NMVU00KSSD9415228952,NMVU,KSSD94152289
KUUP00LLAB3841255316,KUUP,LLAB38412553
MBBX00YHXG7328624286,MBBX,YHXG73286242
EQJK00HCVN4722231354,EQJK,HCVN47222313
GUYL00NIYB4023408924,GUYL,NIYB40234089
RFXJ00XYDO4121306462,RFXJ,XYDO41213064
PUGW00GIUO5731209883,PUGW,GIUO57312098
VEEL00ZQKN8478666439,VEEL,ZQKN84786664
BWVE00GNQA2613327826,BWVE,GNQA26133278
DLCF00YVBT0751649338,DLCF,YVBT07516493
EPSC00PUFM6236443673,EPSC,PUFM62364436
PLKB00SKOF0185182950,PLKB,SKOF01851829
ZNEV00KNOF2343987036,ZNEV,KNOF23439870
EZAB00JQWK2949375663,EZAB,JQWK29493756
XMXB00IKHQ2159885453,XMXB,IKHQ21598854
WRLE00XRKX9463737598,WRLE,XRKX94637375
UKOM00MLJR8170272388,UKOM,MLJR81702723
NFAW00OOIU8021931478,NFAW,OOIU80219314
PXZB00HGLX6101430669,PXZB,HGLX61014306
AYMG00XKOY1230421356,AYMG,XKOY12304213
MYZT00LPDW5475734186,MYZT,LPDW54757341
GXMW00CWGL3160371125,GXMW,CWGL31603711
TUMC00DOQZ5356112180,TUMC,DOQZ53561121
OBCT00SZRA6540789921,OBCT,SZRA65407899
AUAE00LCPL1004508820,AUAE,LCPL10045088
PFLA00NAGG9592297795,PFLA,NAGG95922977
CAFV00FIFM8200737540,CAFV,FIFM82007375
EPEL00DXTL1493840342,EPEL,DXTL14938403
WDLW00AMLB2518419967,WDLW,AMLB25184199
LSJD00BIND3025337528,LSJD,BIND30253375
KFXH00NBPP7609031770,KFXH,NBPP76090317
HPCQ00LGST9983710483,HPCQ,LGST99837104
QHZQ00GQEK9755296035,QHZQ,GQEK97552960
TMED00ZFKL0540960062,TMED,ZFKL05409600
HQIN00XGRG0495953113,HQIN,XGRG04959531
BWOA00NCAA8085667565,BWOA,NCAA80856675
VYRV00URAB1589963073,VYRV,URAB15899630
NKWX00ICLM3783517797,NKWX,ICLM37835177
QHXW00AQVL1552289136,QHXW,AQVL15522891
BHNY00CWFU6594240594,BHNY,CWFU65942405
OELW00VHAW0206184519,OELW,VHAW02061845
HGPH00FOBT7133016730,HGPH,FOBT71330167
CWVT00BMQE7006570648,CWVT,BMQE70065706
ZILX00AOSD2531784793,ZILX,AOSD25317847
NKQA00BPJV1501329414,NKQA,BPJV15013294
DDBV00VYEB1300246440,DDBV,VYEB13002464
THCC00TIFC9511484895,THCC,TIFC95114848
UUGY00JQMN8370773421,UUGY,JQMN83707734
JZIT00CDSD9100991597,JZIT,CDSD91009915
HLQK00DWBG2161744623,HLQK,DWBG21617446
YCSI00RBEF1174146786,YCSI,RBEF11741467
PGFY00HUWK7803594840,PGFY,HUWK78035948
XTVC00OMWO1351614397,XTVC,OMWO13516143
CVFB00NECZ4506811269,CVFB,NECZ45068112
MSQV00ADSI5656724680,MSQV,ADSI56567246
VACU00YIHW0844436139,VACU,YIHW08444361
DXIV00KICZ8503151036,DXIV,KICZ85031510
DRLQ00NARN3892538346,DRLQ,NARN38925383
OHJA00DGQA1865355034,OHJA,DGQA18653550
EACK00SUPC6436376938,EACK,SUPC64363769
DVQS00CSUR2570595064,DVQS,CSUR25705950
SCUK00FTNJ1256057570,SCUK,FTNJ12560575
ZSYO00CTRE2421656589,ZSYO,CTRE24216565
ILPL00GZSH4698742798,ILPL,GZSH46987427
GWMP00RJKJ1799030979,GWMP,RJKJ17990309
CJSV00RNXH6687094884,CJSV,RNXH66870948
SOOW00BJRD6650697072,SOOW,BJRD66506970
GZJA00YIRY9412834774,GZJA,YIRY94128347
FQSR00XHHW7092431185,FQSR,XHHW70924311
JYOD00GKFU2811218560,JYOD,GKFU28112185
BKMF00ENKR5864496675,BKMF,ENKR58644966
CSSN00YDEF2134970909,CSSN,YDEF21349709
ZDBC00UCDF4111447228,ZDBC,UCDF41114472
JPRF00MIKJ1529822653,JPRF,MIKJ15298226
LZTD00HAHO6798095403,LZTD,HAHO67980954
EFDO00EQED0858775492,EFDO,EQED08587754
CDWF00HBLR7429882931,CDWF,HBLR74298829
IXEB00QHUE4827809738,IXEB,QHUE48278097
KLTM00EXYG4335962154,KLTM,EXYG43359621
QFZM00ZNMD5699860522,QFZM,ZNMD56998605
MVAQ00RARK0887456698,MVAQ,RARK08874566
NSUP00VLOT0202725941,NSUP,VLOT02027259
NAKZ00SUJC8522050458,NAKZ,SUJC85220504
FHFC00MRRM8446578545,FHFC,MRRM84465785
RFDY00JRDQ7195395215,RFDY,JRDQ71953952
CWTF00BCGC1431675552,CWTF,BCGC14316755
SJYU00VVFT3152190269,SJYU,VVFT31521902
OQSN00PJQY0824634420,OQSN,PJQY08246344
GTAP00CUZY9058837935,GTAP,CUZY90588379
XLGX00IMOU1577105949,XLGX,IMOU15771059
IGLT00RHFJ8991908223,IGLT,RHFJ89919082
VNGY00DDKM0218711310,VNGY,DDKM02187113
BFHD00REZR4501078210,BFHD,REZR45010782
OJNK00RJPB9901933493,OJNK,RJPB99019334
ACEK00KWZZ9601055527,ACEK,KWZZ96010555
ETNV00ZVLX9025233764,ETNV,ZVLX90252337
WXDM00AQST3028453459,WXDM,AQST30284534
PTDB00JPAS8755035396,PTDB,JPAS87550353
HKEM00AKLB6857669455,HKEM,AKLB68576694
VEJR00VILI0069439632,VEJR,VILI00694396
CYUU00XYGG1259167726,CYUU,XYGG12591677
YILW00EXKO4641053786,YILW,EXKO46410537
IQXY00JZUD3487323510,IQXY,JZUD34873235
NACS00GAYI7375050112,NACS,GAYI73750501
NPYI00WQOH2611355566,NPYI,WQOH26113555
MDLL00FUTU4630703819,MDLL,FUTU46307038
VDAX00ICIY8578325865,VDAX,ICIY85783258
VMRX00VNCS0012073841,VMRX,VNCS00120738
PHTU00YCLH9393128484,PHTU,YCLH93931284
RUOK00LTQR1457576285,RUOK,LTQR14575762
WLTR00RZRF0234777139,WLTR,RZRF02347771
XISY00JBZN1892541967,XISY,JBZN18925419
RVSB00LBWZ4966156463,RVSB,LBWZ49661564
BNJH00XWAE6195162847,BNJH,XWAE61951628
LJGM00MIVO2245518856,LJGM,MIVO22455188
JDIR00NCKW4607786557,JDIR,NCKW46077865
MYEH00YEUV9190098915,MYEH,YEUV91900989
NUGT00GIVT8039254253,NUGT,GIVT80392542
GWSD00PBUK2224904675,GWSD,PBUK22249046
TKFG00GBHR4231951670,TKFG,GBHR42319516
CTAL00JACO6371685604,CTAL,JACO63716856
GAJG00VCKM3530347731,GAJG,VCKM35303477
XWSC00JDTB1802840712,XWSC,JDTB18028407
JCVT00IBEA1057225607,JCVT,IBEA10572256
LFVO00RDCZ3482811910,LFVO,RDCZ34828119
UGLK00IRMX9010395021,UGLK,IRMX90103950
ZRWF00MXEO7902322957,ZRWF,MXEO79023229
GGRB00PKXS6132875171,GGRB,PKXS61328751
SYOS00VSQU0538593940,SYOS,VSQU05385939
ZLSI00JTHK1148133610,ZLSI,JTHK11481336
COSJ00OVYJ8399745526,COSJ,OVYJ83997455
AGHL00TIIU6086799223,AGHL,TIIU60867992
NLFN00PWLI3975631608,NLFN,PWLI39756316
SQST00HRVX9519941194,SQST,HRVX95199411
NNLG00MEJX0067312010,NNLG,MEJX00673120
NYRN00ARDR9146076419,NYRN,ARDR91460764
JOBM00MCGY6962291492,JOBM,MCGY69622914
MHFU00WWYS1691994453,MHFU,WWYS16919944
RAIG00FMPM5038548053,RAIG,FMPM50385480
LMGG00UMNX5482354582,LMGG,UMNX54823545
LTNZ00FXDT0764866887,LTNZ,FXDT07648668
TCIV00HEPR1531113519,TCIV,HEPR15311135
ZXBY00MZVC5712430556,ZXBY,MZVC57124305
NPPQ00BVQU1323442178,NPPQ,BVQU13234421
NSVQ00GGHZ9510639805,NSVQ,GGHZ95106398
ZXFK00CUNA3351291453,ZXFK,CUNA33512914
QGSJ00FJEF8009541235,QGSJ,FJEF80095412
MDHR00DVXD4231664033,MDHR,DVXD42316640
NFVX00YZPV1400235530,NFVX,YZPV14002355
BJBM00YNPU2129770031,BJBM,YNPU21297700
GKTD00QGUC2674508666,GKTD,QGUC26745086
LLNB00QEZH5644699365,LLNB,QEZH56446993
XLGC00DPBG6499391041,XLGC,DPBG64993910
NJQC00PHCT7863188710,NJQC,PHCT78631887
CWIF00FTXU4380223753,CWIF,FTXU43802237
OASK00XNDG8759989771,OASK,XNDG87599897
WITE00SQXP3088272916,WITE,SQXP30882729
MYUE00GPUS1116716664,MYUE,GPUS11167166
IEIA00ICPB9715335386,IEIA,ICPB97153353
XYPR00UOUZ6153883116,XYPR,UOUZ61538831
KDIE00XYZU8218651844,KDIE,XYZU82186518
VNVM00ZDBS8274022253,VNVM,ZDBS82740222
MSPK00RKBK7917282190,MSPK,RKBK79172821
QRHS00PJQM7208064810,QRHS,PJQM72080648
COVD00WEYW2054781948,COVD,WEYW20547819
QFIH00UASS2854091960,QFIH,UASS28540919
NWPZ00YXOA6306580804,NWPZ,YXOA63065808
BWOF00DWQI8618690462,BWOF,DWQI86186904
CLRB00LDLY0989885987,CLRB,LDLY09898859
BLKE00VYRH9421159306,BLKE,VYRH94211593
ASLV00FJZK7131500946,ASLV,FJZK71315009
WPFP00PLVE6108097010,WPFP,PLVE61080970
TYXM00CYKD9407965812,TYXM,CYKD94079658
LOMJ00XMLQ4567519093,LOMJ,XMLQ45675190
BSZJ00LFOD1748522967,BSZJ,LFOD17485229
EXGQ00AJPL4170555067,EXGQ,AJPL41705550
GSWX00EJOB5341283069,GSWX,EJOB53412830
MTOK00IILR2178775735,MTOK,IILR21787757
FBTT00MMCO8443402929,FBTT,MMCO84434029
BRLH00SEUW8225735532,BRLH,SEUW82257355
MPEF00KWZY0258536163,MPEF,KWZY02585361
ZMHJ00NRCX7247171847,ZMHJ,NRCX72471718
HGZJ00IUIC0517138685,HGZJ,IUIC05171386
ZLCD00FNOL1488400939,ZLCD,FNOL14884009
UFXR00ESQN1828336872,UFXR,ESQN18283368
GUKD00FGKE2441243819,GUKD,FGKE24412438
QLBH00PORL5341312684,QLBH,PORL53413126
WHAS00KQSS5534331064,WHAS,KQSS55343310
PQMR00EDYS9528278786,PQMR,EDYS95282787
DMDV00FLLY4909197461,DMDV,FLLY49091974
YGYX00NMBK5945954178,YGYX,NMBK59459541
LNTE00GNEA6764134314,LNTE,GNEA67641343
HWHE00WYAK3085454340,HWHE,WYAK30854543
CHLO00PUZZ4612350239,CHLO,PUZZ46123502
HDRH00FCSX0894523769,HDRH,FCSX08945237
RDLT00PXLP2512245062,RDLT,PXLP25122450
NKTF00KZNG1803896156,NKTF,KZNG18038961
BDXA00EQWE0088457762,BDXA,EQWE00884577
IJIB00VGMW0584208262,IJIB,VGMW05842082
UTYH00JRLS0876046729,UTYH,JRLS08760467
VTEA00NLPJ4947298070,VTEA,NLPJ49472980
PVVB00VYIG1902916321,PVVB,VYIG19029163
KXXA00XDTA2039681359,KXXA,XDTA20396813
FBFS00BCFR8494488444,FBFS,BCFR84944884
OPGX00RYZH8808987254,OPGX,RYZH88089872
OAFH00GUOG2490181951,OAFH,GUOG24901819
LWTT00PDLJ7783189669,LWTT,PDLJ77831896
NXVF00AFWR4971217228,NXVF,AFWR49712172
RAED00UEDA5038192094,RAED,UEDA50381920
WPMP00DDDT7586971711,WPMP,DDDT75869717
KIGJ00PTIZ9217263737,KIGJ,PTIZ92172637
MCNV00DDJP0707821863,MCNV,DDJP07078218
CUXN00HQIU7265356615,CUXN,HQIU72653566
HTCC00AEVH3445538690,HTCC,AEVH34455386
NEQJ00LJIF4605132538,NEQJ,LJIF46051325
SJZR00WCBM7465367470,SJZR,WCBM74653674
VRQG00YKSG2461642459,VRQG,YKSG24616424
PVNN00GLAM8033249276,PVNN,GLAM80332492
BJLH00NDLU7373315496,BJLH,NDLU73733154
RFTK00KRVO0136150909,RFTK,KRVO01361509
OFEI00KMRJ9220457440,OFEI,KMRJ92204574
PAES00AUWC8387662970,PAES,AUWC83876629
CAGK00FXTZ9941069349,CAGK,FXTZ99410693
JSJZ00OCHV3546879470,JSJZ,OCHV35468794
PAYC00LPMW9984053239,PAYC,LPMW99840532
YDNX00OJHB3042033906,YDNX,OJHB30420339
KGFE00SANM9338010406,KGFE,SANM93380104
DTVI00OZKM1939435461,DTVI,OZKM19394354
SFUE00IEGX3383762659,SFUE,IEGX33837626
DBHD00OQSK5537451426,DBHD,OQSK55374514
AVQT00RMZF9702892387,AVQT,RMZF97028923
MZNA00OVCC3323960492,MZNA,OVCC33239604
WGGJ00IMTH3895488565,WGGJ,IMTH38954885
XYGM00ETUQ6140804133,XYGM,ETUQ61408041
QWXN00PRGF7024745295,QWXN,PRGF70247452
QQWN00GTKM0304835163,QQWN,GTKM03048351
OADS00QRPT5028719811,OADS,QRPT50287198
WBRZ00ARBB5082332034,WBRZ,ARBB50823320
LEHT00SUMB0431558149,LEHT,SUMB04315581
BSCZ00MKKZ2858558129,BSCZ,MKKZ28585581
SEUE00YXLC5765522988,SEUE,YXLC57655229
WXTP00GJAK0874589550,WXTP,GJAK08745895
GYBR00CCXE1145509971,GYBR,CCXE11455099
HNUQ00PVUF4321784903,HNUQ,PVUF43217849
SANE00BQTM1720796254,SANE,BQTM17207962
UKNF00HLBA1092340540,UKNF,HLBA10923405
VKAF00NVAI2412324417,VKAF,NVAI24123244
HKSU00FGUD8523311620,HKSU,FGUD85233116
RIYI00XBZF6494996367,RIYI,XBZF64949963
XBED00YNYN3410052375,XBED,YNYN34100523
ETQB00UTEA6958211468,ETQB,UTEA69582114
EUSD00TPLK2803933916,EUSD,TPLK28039339
MUKJ00NNZK7669090719,MUKJ,NNZK76690907
KNLE00NEZT1603679451,KNLE,NEZT16036794
CNBN00HBHK8190770744,CNBN,HBHK81907707
JUHT00OYQM6686794241,JUHT,OYQM66867942
JTTY00IQFI8488599778,JTTY,IQFI84885997
EEOV00FHXG2620435040,EEOV,FHXG26204350
ADCX00DRQL0751724854,ADCX,DRQL07517248
VKTQ00CUAS2422807726,VKTQ,CUAS24228077
CAOB00JVJQ1929758446,CAOB,JVJQ19297584
NOMV00DLKU1861182927,NOMV,DLKU18611829
POOP00KMWE4454533628,POOP,KMWE44545336
KQEE00HTGM7277774714,KQEE,HTGM72777747
JFDE00HTEL3510699264,JFDE,HTEL35106992
AQPW00OQJI3608552169,AQPW,OQJI36085521
CGAJ00MOVI8427691127,CGAJ,MOVI84276911
UESN00DSTF8893074357,UESN,DSTF88930743
WNDQ00OFAP3603621175,WNDQ,OFAP36036211
TJUG00FXJY2376586009,TJUG,FXJY23765860
XIFK00HVTK5097532435,XIFK,HVTK50975324
HOED00QTJJ6231411316,HOED,QTJJ62314113
CDGT00DLEF1628820178,CDGT,DLEF16288201
TYEH00KONQ2727285578,TYEH,KONQ27272855
TXDP00MTYZ5494168459,TXDP,MTYZ54941684
FQTF00VZMN5557007145,FQTF,VZMN55570071
URVG00PPPC0893535184,URVG,PPPC08935351
LMUM00JVPR9983893818,LMUM,JVPR99838938
FEGY00ZYWU4940547568,FEGY,ZYWU49405475
MZJK00STIC6703892410,MZJK,STIC67038924
ZMAH00JNLB2200459293,ZMAH,JNLB22004592
NRYD00DWYQ4890583906,NRYD,DWYQ48905839
QZLX00LLZA1722901526,QZLX,LLZA17229015
OKGB00BBRG7229151731,OKGB,BBRG72291517
PVND00GEMQ3062498840,PVND,GEMQ30624988
PIAT00ZMCB2169575484,PIAT,ZMCB21695754
YSOL00ONHZ9297208388,YSOL,ONHZ92972083
BAWE00XCMU5794025712,BAWE,XCMU57940257
DJMJ00MQQB4982553795,DJMJ,MQQB49825537
UVQE00FAYU0778598677,UVQE,FAYU07785986
ONTM00HGXU4354839226,ONTM,HGXU43548392
PZZW00OZYN8718580117,PZZW,OZYN87185801
FGIT00WUZL3177780032,FGIT,WUZL31777800
EELD00GBXY0304879060,EELD,GBXY03048790
FLWB00UMVO6617298790,FLWB,UMVO66172987
WCEX00OPHH6138189460,WCEX,OPHH61381894
UFCR00WYHI4285118611,UFCR,WYHI42851186
TUDN00YQWO7021971846,TUDN,YQWO70219718
ZUDL00QNZS4556936335,ZUDL,QNZS45569363
XIJV00IDQB6817513832,XIJV,IDQB68175138
DCXR00CITI6699890415,DCXR,CITI66998904
BPCE00UUTO8962864689,BPCE,UUTO89628646
SGYU00JYMA0244834910,SGYU,JYMA02448349
EFDV00JXYZ2723618368,EFDV,JXYZ27236183
ZOTI00LYQZ8449805913,ZOTI,LYQZ84498059
MJLD00VMPT3546964926,MJLD,VMPT35469649
HDSC00RLNY3775470716,HDSC,RLNY37754707
NVEO00UHMH4623609530,NVEO,UHMH46236095
QFEG00IFVE0982344482,QFEG,IFVE09823444
EMTV00LEVZ9236976028,EMTV,LEVZ92369760
WJKO00BTJD3140643752,WJKO,BTJD31406437
JBNK00WBOX4207105044,JBNK,WBOX42071050
SLOL00GUFP3057943416,SLOL,GUFP30579434
UDEA00OPVW2217047238,UDEA,OPVW22170472
DGFR00YLGQ4561875828,DGFR,YLGQ45618758
FAZS00AREQ6372715884,FAZS,AREQ63727158
NXQY00WKXI1193363779,NXQY,WKXI11933637
DYOH00BLSF9410897036,DYOH,BLSF94108970
PYPK00SYDC6272655156,PYPK,SYDC62726551
RAPA00XENL8006565122,RAPA,XENL80065651
HMXO00RRBC7358196537,HMXO,RRBC73581965
JWMU00RVRF8709298867,JWMU,RVRF87092988
VQFV00KWZR1041504118,VQFV,KWZR10415041
FLJH00EZES2836640244,FLJH,EZES28366402
HEOM00FTXD9489979480,HEOM,FTXD94899794
KGQO00GCTB1386003919,KGQO,GCTB13860039
HMSB00NJOZ4922276149,HMSB,NJOZ49222761
LKLZ00AEPP4629636033,LKLZ,AEPP46296360
MTCU00TGHD5264850209,MTCU,TGHD52648502
OZCU00UFPN0763709395,OZCU,UFPN07637093
MKGO00RDRP7896151860,MKGO,RDRP78961518
LGYH00VBRL2868341994,LGYH,VBRL28683419
YALJ00ZBCC8956794834,YALJ,ZBCC89567948
TQOR00TJIE6761039958,TQOR,TJIE67610399
FMJX00SIOK1182382302,FMJX,SIOK11823823
LDUG00WTAX3112581042,LDUG,WTAX31125810
AWNP00MWAZ4738675811,AWNP,MWAZ47386758
GGCX00KKQQ0150028479,GGCX,KKQQ01500284
PXRE00QANI3409993870,PXRE,QANI34099938
GYNG00COCL1425387749,GYNG,COCL14253877
QAGD00DDDE4414109148,QAGD,DDDE44141091
LRTE00UGTO6010425591,LRTE,UGTO60104255
GNTJ00GTVM6283565442,GNTJ,GTVM62835654
FKHI00WCSK1818360378,FKHI,WCSK18183603
MHEW00FHWS8522789049,MHEW,FHWS85227890
OJLB00XYGS9993105278,OJLB,XYGS99931052
FOQT00RLJW9553574857,FOQT,RLJW95535748
IUVP00LETX9819551682,IUVP,LETX98195516
AUJN00UPYD2088171621,AUJN,UPYD20881716
FNAC00GLXD6132944751,FNAC,GLXD61329447
GZUG00AUBA2412158806,GZUG,AUBA24121588
DMJQ00RVDF8804640909,DMJQ,RVDF88046409
BQBY00UBHA8361022570,BQBY,UBHA83610225
IKWZ00SPDC6421303959,IKWZ,SPDC64213039
FBLH00GCLV5601607142,FBLH,GCLV56016071
UIPE00PMUD3078807208,UIPE,PMUD30788072
UEVX00KEUT1377947587,UEVX,KEUT13779475
LKXA00ZGTB4951800742,LKXA,ZGTB49518007
XULE00WVMJ3072255294,XULE,WVMJ30722552
AHGO00FQIV3336044831,AHGO,FQIV33360448
XRCI00CUKW3849109226,XRCI,CUKW38491092
JGHJ00QIUM4675305120,JGHJ,QIUM46753051
LPNO00AZLL5556299683,LPNO,AZLL55562996
MFCS00RWLZ0272224483,MFCS,RWLZ02722244
JFWO00XHIU5152768255,JFWO,XHIU51527682
WUTO00NXRN6184082107,WUTO,NXRN61840821
KHTP00KLOM0570513012,KHTP,KLOM05705130
VQYG00JLVW5528386614,VQYG,JLVW55283866
NWER00VWJO1889542518,NWER,VWJO18895425
TFRR00UFSR7127430837,TFRR,UFSR71274308
CDOR00KUEU8286990919,CDOR,KUEU82869909
SZBH00SMRL2632540223,SZBH,SMRL26325402
DZWR00BUAQ6655246971,DZWR,BUAQ66552469
WMUK00GADQ3448392531,WMUK,GADQ34483925
UBDC00LVSC2852818372,UBDC,LVSC28528183
ICFX00KPZR9341871262,ICFX,KPZR93418712
IQNN00DFAE2764643384,IQNN,DFAE27646433
OKRV00IIRC7683375070,OKRV,IIRC76833750
LEGJ00XYHR3747659503,LEGJ,XYHR37476595
QNDZ00LLKB4423801542,QNDZ,LLKB44238015
FHTJ00QJWK7497007945,FHTJ,QJWK74970079
CDYH00KCRM9765559118,CDYH,KCRM97655591
TWYR00OTAF3255514873,TWYR,OTAF32555148
NBUG00TMHS6363969590,NBUG,TMHS63639695
JYUE00YDGG2413016447,JYUE,YDGG24130164
LNKZ00RRTP5270700391,LNKZ,RRTP52707003
NCYK00VPQJ4265225615,NCYK,VPQJ42652256
ZLGT00BRJJ0406153886,ZLGT,BRJJ04061538
XMQM00NRNU2941357649,XMQM,NRNU29413576
KDKO00BDLN0664384309,KDKO,BDLN06643843
ZBNA00IWOU5630572226,ZBNA,IWOU56305722
FICT00YEVB2763441387,FICT,YEVB27634413
UPVR00SAGE8933809329,UPVR,SAGE89338093
VWUR00AMCX3267879661,VWUR,AMCX32678796
YXFC00PIYW7393347976,YXFC,PIYW73933479
VVWI00MDVE3525135309,VVWI,MDVE35251353
YFTI00UTVR4902948215,YFTI,UTVR49029482
EMHO00YDAU3591778656,EMHO,YDAU35917786
LLWB00CLVQ6692197740,LLWB,CLVQ66921977
UNYH00IQUC1971939369,UNYH,IQUC19719393
CVQE00OCIJ9071424984,CVQE,OCIJ90714249
EPHK00AONR7100973248,EPHK,AONR71009732
UINT00ZGSD8612373982,UINT,ZGSD86123739
OXIH00TYPH8751660275,OXIH,TYPH87516602
KBCB00XPVW3494392393,KBCB,XPVW34943923
KXFH00ZJEZ3162226946,KXFH,ZJEZ31622269
FWRG00EEIJ3632717706,FWRG,EEIJ36327177
XBQX00KSFC4447188056,XBQX,KSFC44471880
KTNW00SZAL2095300143,KTNW,SZAL20953001
ZYRW00YVJB3096116274,ZYRW,YVJB30961162
ELQT00BYQU4759290509,ELQT,BYQU47592905
PTBL00LLMX4137794771,PTBL,LLMX41377947
MGNX00QYAM7613535178,MGNX,QYAM76135351
JIWR00UKHZ3197867667,JIWR,UKHZ31978676
KNKW00WAIV6275633807,KNKW,WAIV62756338
GNST00TIBJ7577910187,GNST,TIBJ75779101
BHYS00NDQD5342260037,BHYS,NDQD53422600
SQFV00ZBHV7175015985,SQFV,ZBHV71750159
APUQ00IQDH3427792808,APUQ,IQDH34277928
QTNA00LCGG4974806361,QTNA,LCGG49748063
HUIL00IBPW3153309598,HUIL,IBPW31533095
KSWW00LHPL2166767127,KSWW,LHPL21667671
RJBW00LYNV3742387192,RJBW,LYNV37423871
UAIE00EOFA4217106784,UAIE,EOFA42171067
GEXV00LPMX0665565223,GEXV,LPMX06655652
XVRI00AATG0315198697,XVRI,AATG03151986
ALNO00ZODI5189358895,ALNO,ZODI51893588
BJWB00OAQR2474946409,BJWB,OAQR24749464
ICMX00YMWG2389614608,ICMX,YMWG23896146
QFBP00ORRN0009690283,QFBP,ORRN00096902
CFNC00QYMW0090605364,CFNC,QYMW00906053
HUCN00XYTL3412995707,HUCN,XYTL34129957
VLWA00SLQT1119882622,VLWA,SLQT11198826
TVVW00ZGSY1854155774,TVVW,ZGSY18541557
XZGI00DEOF7212881474,XZGI,DEOF72128814
MVXZ00ANCZ2413407466,MVXZ,ANCZ24134074
RYFK00ZUSN2558448270,RYFK,ZUSN25584482
XQRX00GMVE6451382726,XQRX,GMVE64513827
SCWN00GQTG3044863636,SCWN,GQTG30448636
WOIK00UZHV6934988016,WOIK,UZHV69349880
RTAN00FRLJ6133324192,RTAN,FRLJ61333241
NJAT00FUJL7089725556,NJAT,FUJL70897255
JHRR00FGVE1002340492,JHRR,FGVE10023404
YISW00TBSJ5003275069,YISW,TBSJ50032750
WNWL00IYPP0649877433,WNWL,IYPP06498774
DNJG00MXXB6592711067,DNJG,MXXB65927110
ETBZ00OIMI6378304581,ETBZ,OIMI63783045
EXRH00MLQE2453484269,EXRH,MLQE24534842
VHUJ00MKWG2456979868,VHUJ,MKWG24569798
ICNT00HZPN7323636259,ICNT,HZPN73236362
VWSA00DMEU2342609841,VWSA,DMEU23426098
FUWW00FGTN1942262602,FUWW,FGTN19422626
PRDP00GBPB1817653929,PRDP,GBPB18176539
YSDK00IYZD8137866643,YSDK,IYZD81378666
WIHY00QGYR4084696808,WIHY,QGYR40846968
XZCP00FZBO5544010167,XZCP,FZBO55440101
LCJY00XCSG8115965495,LCJY,XCSG81159654
NDMD00KXAV8033862867,NDMD,KXAV80338628
UZTE00POMP2122444418,UZTE,POMP21224444
LKEG00XBYC0566005330,LKEG,XBYC05660053
FIJY00VTXF2802887708,FIJY,VTXF28028877
QHGM00SPAB7475179832,QHGM,SPAB74751798
QQSP00PZOV6400115526,QQSP,PZOV64001155
QGXD00YNAB5018509082,QGXD,YNAB50185090
JUXI00UDZM4097062648,JUXI,UDZM40970626
NVYB00GKCP2808090023,NVYB,GKCP28080900
NAHO00SYPJ8782867767,NAHO,SYPJ87828677
UYIT00TORT8451026492,UYIT,TORT84510264
QYQH00GDPZ2915834455,QYQH,GDPZ29158344
YJCZ00GJPH8655050034,YJCZ,GJPH86550500
YXUQ00FPRJ6917162593,YXUQ,FPRJ69171625
AHSY00IIHC9485331890,AHSY,IIHC94853318
GNYV00OQZD1291258943,GNYV,OQZD12912589
UDGT00XDJB3616802613,UDGT,XDJB36168026
SCAU00IGZU0249764057,SCAU,IGZU02497640
PHRU00NOGK1754627294,PHRU,NOGK17546272
GQWU00IITS1765317117,GQWU,IITS17653171
LJTL00GVYE3008431193,LJTL,GVYE30084311
QFWU00WEID1947249036,QFWU,WEID19472490
CAPH00PHTP1264939787,CAPH,PHTP12649397
QQOC00BTQL7758927228,QQOC,BTQL77589272
RZBJ00GQQT1745571328,RZBJ,GQQT17455713
QIDT00JLQB7894970750,QIDT,JLQB78949707
OQIQ00SLAW1195286995,OQIQ,SLAW11952869
NGWL00KDUG9184943367,NGWL,KDUG91849433
AKLM00DCDD9477637321,AKLM,DCDD94776373
NIOS00MIOH5729967280,NIOS,MIOH57299672
FLAW00EYRS1503878662,FLAW,EYRS15038786
DFLF00LWHB1287687254,DFLF,LWHB12876872
BYWY00CAMZ9263255969,BYWY,CAMZ92632559
AFSH00TYIF4035405275,AFSH,TYIF40354052
NNBK00XIAV5430095235,NNBK,XIAV54300952
VUNA00REDB1210937843,VUNA,REDB12109378
OSVN00DUPB4832480563,OSVN,DUPB48324805
HURD00OVDL2162883307,HURD,OVDL21628833
LLYN00VCDP5641911908,LLYN,VCDP56419119
GQUW00RGHC2872415425,GQUW,RGHC28724154
AETM00EUMQ4220085118,AETM,EUMQ42200851
OTLM00PCET2097783163,OTLM,PCET20977831
TDDP00MAGS2412803473,TDDP,MAGS24128034
TTKH00RBED8204105316,TTKH,RBED82041053
RXAH00TXFC4667312347,RXAH,TXFC46673123
HWRG00WUQE3623176739,HWRG,WUQE36231767
YORU00YPUC0987684762,YORU,YPUC09876847
EEYQ00YRJK6418668189,EEYQ,YRJK64186681
KRWS00PNZH3507856614,KRWS,PNZH35078566
TFLX00AFOZ4453389820,TFLX,AFOZ44533898
NVNZ00JIMM0012414641,NVNZ,JIMM00124146
MJWM00ROFW2963328778,MJWM,ROFW29633287
TTMG00YKEZ9312522059,TTMG,YKEZ93125220
KYQL00MXIW8222132181,KYQL,MXIW82221321
PZFL00CEBE5673783289,PZFL,CEBE56737832
JPJN00ORAT2328252346,JPJN,ORAT23282523
KPEP00VTBC1126296534,KPEP,VTBC11262965
AJVV00FEDV5971997759,AJVV,FEDV59719977
QTOZ00OOWU9142191184,QTOZ,OOWU91421911
BYZU00AMFG1054626911,BYZU,AMFG10546269
FXNF00ZJAB1065181834,FXNF,ZJAB10651818
KVZG00KIHV2903818825,KVZG,KIHV29038188
OELR00CLLM8080760929,OELR,CLLM80807609
XSQX00PBYV9090076232,XSQX,PBYV90900762
TWVG00ETIC7266560208,TWVG,ETIC72665602
LUUZ00VHYK1054761539,LUUZ,VHYK10547615
ATOB00JPVC8001914613,ATOB,JPVC80019146
USAN00KTFO2015459152,USAN,KTFO20154591
SKIM00NNXY4452932532,SKIM,NNXY44529325
KJAL00WJKF0307690676,KJAL,WJKF03076906
UJPN00TWRJ8239445629,UJPN,TWRJ82394456
SJOY00QDDQ2830386769,SJOY,QDDQ28303867
FVOD00PFQW4707170074,FVOD,PFQW47071700
NUCT00SVIZ5978259453,NUCT,SVIZ59782594
VYCB00UMBU1607845754,VYCB,UMBU16078457
FYCH00JZHB8040104228,FYCH,JZHB80401042
LUPY00GFNE6933279643,LUPY,GFNE69332796
NWPN00TTTD8048600052,NWPN,TTTD80486000
CUDH00AGGZ6026967811,CUDH,AGGZ60269678
KRMB00DLIN8254842310,KRMB,DLIN82548423
VLMI00MUCU3194541920,VLMI,MUCU31945419
WGGC00ODII1742862190,WGGC,ODII17428621
AXPK00LKMM0819955744,AXPK,LKMM08199557
QWUF00ARXS4752128323,QWUF,ARXS47521283
SLYS00FVDB5378596961,SLYS,FVDB53785969
VECI00EFKA0541163789,VECI,EFKA05411637
CSTX00CVBI9450048348,CSTX,CVBI94500483
CSVM00USGT6031314268,CSVM,USGT60313142
ZHXR00ZWSH9429750141,ZHXR,ZWSH94297501
OOPF00GSGP3773086663,OOPF,GSGP37730866
WXUI00UHGS4774205862,WXUI,UHGS47742058
NYOB00QKIL2179089138,NYOB,QKIL21790891
EJCD00KEMS5170520015,EJCD,KEMS51705200
ELKT00LSWZ4607308757,ELKT,LSWZ46073087
QSXT00RGCE5863576034,QSXT,RGCE58635760
KLQG00KVHT4376607554,KLQG,KVHT43766075
KLBO00SEXY8174771491,KLBO,SEXY81747714
CKXG00RRGE1789103389,CKXG,RRGE17891033
BAGC00TPTF3319203607,BAGC,TPTF33192036
SZZF00VDJX2118858912,SZZF,VDJX21188589
NSTM00FGJZ5189442593,NSTM,FGJZ51894425
XOCW00GPDO7616698507,XOCW,GPDO76166985
QVDQ00NECG8565240378,QVDQ,NECG85652403
FVNO00NNBL6649371797,FVNO,NNBL66493717
VAPN00ANWG9435222697,VAPN,ANWG94352226
DTTL00CUCU1636272315,DTTL,CUCU16362723
ETKL00SIAZ1951151080,ETKL,SIAZ19511510
QWEM00XDRF3109813220,QWEM,XDRF31098132
FJBR00JSPT0232045572,FJBR,JSPT02320455
FZKE00LLHA2016804867,FZKE,LLHA20168048
AIBE00HRLV6804057669,AIBE,HRLV68040576
DTLB00PQGP6302052818,DTLB,PQGP63020528
LRRL00VGKO3807987362,LRRL,VGKO38079873
ZHUG00YQWI3450988243,ZHUG,YQWI34509882
AWHK00XKUK3167055825,AWHK,XKUK31670558
AIVD00YGOJ9550110719,AIVD,YGOJ95501107
PEKP00PZQZ9409371029,PEKP,PZQZ94093710
BXOG00AXCN2828876429,BXOG,AXCN28288764
PORL00GQZI5907779775,PORL,GQZI59077797
ZVFG00IGHE8035252910,ZVFG,IGHE80352529
SNJG00OFRA2358526078,SNJG,OFRA23585260
UQVI00FOAO4138281978,UQVI,FOAO41382819
UVXH00HIFQ3266488637,UVXH,HIFQ32664886
XFOU00YTYD8679058261,XFOU,YTYD86790582
AWQZ00CEHO4062289270,AWQZ,CEHO40622892
SCSB00VJQG5528516029,SCSB,VJQG55285160
QCTK00SSVI8055784489,QCTK,SSVI80557844
ZMCC00ONSO8117054694,ZMCC,ONSO81170546
QIJE00YBSJ3736584004,QIJE,YBSJ37365840
UZRU00IRVY2461580486,UZRU,IRVY24615804
NZVO00ZNOF9207735928,NZVO,ZNOF92077359
IDTK00GKBU3332083831,IDTK,GKBU33320838
HKML00THKQ7221787097,HKML,THKQ72217870
CZSQ00RJVE9207426496,CZSQ,RJVE92074264
JSMO00SSJV9330031903,JSMO,SSJV93300319
BYCQ00NVDN7298721213,BYCQ,NVDN72987212
JRXK00KKOP5820737374,JRXK,KKOP58207373
BGIO00ZKKC6646298647,BGIO,ZKKC66462986
NPGR00GLET3382724584,NPGR,GLET33827245
OKXV00OUKS9419302162,OKXV,OUKS94193021
FAUO00ZVEJ4249891416,FAUO,ZVEJ42498914
VCBN00OECN6014650083,VCBN,OECN60146500
QYFM00XOFM3806109759,QYFM,XOFM38061097
LJOE00ITKZ8545997940,LJOE,ITKZ85459979
XAFA00AIUV4277816593,XAFA,AIUV42778165
SKGI00ZATL4986238880,SKGI,ZATL49862388
KVHU00WCLN2024215423,KVHU,WCLN20242154
FUWZ00OZBG1572567998,FUWZ,OZBG15725679
LDEF00LASR3543165404,LDEF,LASR35431654
ELXC00UFRK2907131358,ELXC,UFRK29071313
XTFO00XDLB6958803041,XTFO,XDLB69588030
UWEJ00LRAB6520876690,UWEJ,LRAB65208766
LKUV00JALQ4272858265,LKUV,JALQ42728582
XOZB00RDKH6298082091,XOZB,RDKH62980820
SNCN00YEGL5172767853,SNCN,YEGL51727678
TACJ00JLLI3532782203,TACJ,JLLI35327822
JAYD00IORP7371693625,JAYD,IORP73716936
GSAW00QIMH7729605070,GSAW,QIMH77296050
MKZP00PIGI5193249877,MKZP,PIGI51932498
VXCM00NYLA5577116150,VXCM,NYLA55771161
IZDE00HXYI4208429564,IZDE,HXYI42084295
LHUY00BYUJ8249980093,LHUY,BYUJ82499800
XBTW00MFXC9780575094,XBTW,MFXC97805750
GMUI00YYJU4245266338,GMUI,YYJU42452663
IHHE00BRXR5630714080,IHHE,BRXR56307140
BXGY00WJAX0640998175,BXGY,WJAX06409981
TBGO00XGER5035372079,TBGO,XGER50353720
AOPI00ULMS9596458042,AOPI,ULMS95964580
BRGW00OWTG4795129773,BRGW,OWTG47951297
TVGR00ZDWT4448030711,TVGR,ZDWT44480307
TBWH00FDLC8218827908,TBWH,FDLC82188279
SNTY00YIUE8469471106,SNTY,YIUE84694711
RJFF00VXRB1928974322,RJFF,VXRB19289743
QQON00UJOP6175542786,QQON,UJOP61755427
HMEQ00IPGN0566105227,HMEQ,IPGN05661052
BNDZ00ZFAJ3223897015,BNDZ,ZFAJ32238970
VUXZ00CRIA0164821654,VUXZ,CRIA01648216
OBMQ00ZEWT6046193760,OBMQ,ZEWT60461937
FCZI00THUX1060170367,FCZI,THUX10601703
CVTV00MCKW2679684685,CVTV,MCKW26796846
UDGB00STUP7058155446,UDGB,STUP70581554
DKVS00KAQA6910492976,DKVS,KAQA69104929
JTYT00IMZX7754998941,JTYT,IMZX77549989
XTWD00UJBQ3012739650,XTWD,UJBQ30127396
FNDK00UWYT8590433024,FNDK,UWYT85904330
MHYJ00EBQR3813337310,MHYJ,EBQR38133373
WIRS00JEZY6391950007,WIRS,JEZY63919500
JEWG00QTOO5579758438,JEWG,QTOO55797584
ZYOB00JFGL4574857257,ZYOB,JFGL45748572
VBUQ00IWUZ9392655225,VBUQ,IWUZ93926552
BMDA00VJAI4113139710,BMDA,VJAI41131397
AIEY00DZTT6294843777,AIEY,DZTT62948437
FGLN00RDMS1854315950,FGLN,RDMS18543159
RNAP00FHHM9615809282,RNAP,FHHM96158092
TOHA00QGJY4095830039,TOHA,QGJY40958300
VEVR00LDKP1830822960,VEVR,LDKP18308229
RHUO00MYYH8291425722,RHUO,MYYH82914257
RFUE00ZPKE0142854820,RFUE,ZPKE01428548
XPYU00TDAB8655210133,XPYU,TDAB86552101
KPKN00ETDG2413567119,KPKN,ETDG24135671
TOVY00JVYU1745640212,TOVY,JVYU17456402
ALCS00MAGC9004838886,ALCS,MAGC90048388
VLTS00WYQA6097249361,VLTS,WYQA60972493
RGKP00QZHB3612201525,RGKP,QZHB36122015
JDSS00VKAG2392430370,JDSS,VKAG23924303
OPMK00IKPU3788936188,OPMK,IKPU37889361
JPYA00WFTF4963366921,JPYA,WFTF49633669
GFVL00TMXO3874335376,GFVL,TMXO38743353
CQVL00EHAQ8097234444,CQVL,EHAQ80972344
NRIG00JNJZ1115069991,NRIG,JNJZ11150699
UMVV00BEHD2173812106,UMVV,BEHD21738121
QPNV00ZCPX3148516562,QPNV,ZCPX31485165
AZJL00IZQM2668509082,AZJL,IZQM26685090
JGTI00TVBC9824559770,JGTI,TVBC98245597
WAKN00FANZ1643699047,WAKN,FANZ16436990
AJQN00ELFO8859619241,AJQN,ELFO88596192
VMRE00VANM6821817489,VMRE,VANM68218174
ULWQ00BGXC7074079974,ULWQ,BGXC70740799
PQEA00VEIV0659577824,PQEA,VEIV06595778
YPPX00RXLU9268674394,YPPX,RXLU92686743
GOFO00HSVI4881027989,GOFO,HSVI48810279
RXRB00QHEI2385829888,RXRB,QHEI23858298
ZORE00JADB1677448830,ZORE,JADB16774488
LIQE00QIGJ5574857705,LIQE,QIGJ55748577
WAMV00TJJE5521690203,WAMV,TJJE55216902
OFGM00WZUV9661600936,OFGM,WZUV96616009
HCGM00RURQ2163446767,HCGM,RURQ21634467
BSKO00BEQE0018793602,BSKO,BEQE00187936
KCUW00LVCJ5984686540,KCUW,LVCJ59846865
TJVJ00PAGW5834478502,TJVJ,PAGW58344785
YFGP00VUAZ7524403836,YFGP,VUAZ75244038
CFPF00OOIW4110935073,CFPF,OOIW41109350
JLNU00MZML6657035316,JLNU,MZML66570353
EPTW00ASWS9046351466,EPTW,ASWS90463514
JPIH00DAEK4766299581,JPIH,DAEK47662995
AOZR00SFJP3964162089,AOZR,SFJP39641620
EJZJ00MSFE9435224567,EJZJ,MSFE94352245
VJAR00KFUU0305942648,VJAR,KFUU03059426
ENIS00NOPJ9023672131,ENIS,NOPJ90236721
MZLC00ORAY8218702820,MZLC,ORAY82187028
UCUN00JWWN0356789897,UCUN,JWWN03567898
VDYR00DGEJ6792541992,VDYR,DGEJ67925419
BYDG00WOOA5555824363,BYDG,WOOA55558243
BRRW00HXWW1660482086,BRRW,HXWW16604820
IXRO00VWYS3606008926,IXRO,VWYS36060089
UIHV00URCP6685525573,UIHV,URCP66855255
YKWW00WGQB6388391210,YKWW,WGQB63883912
GMEM00QLNA5553489078,GMEM,QLNA55534890
YJXP00ZBBB9254387677,YJXP,ZBBB92543876
SHRY00SHDV6097740762,SHRY,SHDV60977407
AAYF00OQXM1570733354,AAYF,OQXM15707333
XZWT00IFBG4005936931,XZWT,IFBG40059369
TNIA00KNLK6999744120,TNIA,KNLK69997441
HOTO00KWIF7980546704,HOTO,KWIF79805467
MUKK00OMQG1277813857,MUKK,OMQG12778138
PBZY00BQEP9518294636,PBZY,BQEP95182946
JKBR00ABNI4666157643,JKBR,ABNI46661576
NHHJ00POSB1759483558,NHHJ,POSB17594835
TAZI00TJIT8993824441,TAZI,TJIT89938244
GUID00KZWJ8522955661,GUID,KZWJ85229556
EHGK00BSNS4474899728,EHGK,BSNS44748997
IVRA00YYXM1973116321,IVRA,YYXM19731163
LZNV00VUTU1424540416,LZNV,VUTU14245404
SLVV00DKHR3186009316,SLVV,DKHR31860093
QPVG00GMWJ0627349440,QPVG,GMWJ06273494
CXUY00NKUB7760715636,CXUY,NKUB77607156
WIVY00KXFZ2055912678,WIVY,KXFZ20559126
SMHF00VCIK4717085714,SMHF,VCIK47170857
FIRD00DGLE7105309035,FIRD,DGLE71053090
NCYU00ZMOF2837080803,NCYU,ZMOF28370808
WCKV00KHIH6769370436,WCKV,KHIH67693704
ESVS00EXFZ0865938248,ESVS,EXFZ08659382
SINI00RKSO1286338624,SINI,RKSO12863386
AKAW00YUAQ7973290611,AKAW,YUAQ79732906
DMLA00LHKQ4742697218,DMLA,LHKQ47426972
YFUW00YPLF3968411614,YFUW,YPLF39684116
RPUB00RSFX2236014423,RPUB,RSFX22360144
NZZH00CZRP1512655485,NZZH,CZRP15126554
EHLM00RQCH6252994244,EHLM,RQCH62529942
HWBM00JSKW0017787620,HWBM,JSKW00177876
ZRBR00FKRL2345583748,ZRBR,FKRL23455837
QFQR00DGOE0954109323,QFQR,DGOE09541093
APNF00JZWA7054303219,APNF,JZWA70543032
PNTK00BLBV2424170250,PNTK,BLBV24241702
EFVH00WSBS7038907586,EFVH,WSBS70389075
POCP00KYAE2830512183,POCP,KYAE28305121
FTQF00PMBD4179908632,FTQF,PMBD41799086
RECM00NSJL6831427779,RECM,NSJL68314277
WLLU00SLXA4986547203,WLLU,SLXA49865472
JAWS00RTCO3529928598,JAWS,RTCO35299285
KTRB00FLUW5060607784,KTRB,FLUW50606077
FSCL00COAA2527020204,FSCL,COAA25270202
NIXO00YORA7401182679,NIXO,YORA74011826
OVQU00GQBM1493593475,OVQU,GQBM14935934
OSYB00NFWC7914124386,OSYB,NFWC79141243
JZTF00ZTSG0127862236,JZTF,ZTSG01278622
XQRJ00KWTH0082001889,XQRJ,KWTH00820018
UCVS00QLHB0531699745,UCVS,QLHB05316997
HSHI00TNLH3398138676,HSHI,TNLH33981386
ZSET00GHRZ0765036345,ZSET,GHRZ07650363
IPOK00YQOV5365487073,IPOK,YQOV53654870
HFLQ00NSLU4271081110,HFLQ,NSLU42710811
HQWS00ICXT1161220410,HQWS,ICXT11612204
OLRL00SKXU8367737626,OLRL,SKXU83677376
DPPW00CPEZ4070450554,DPPW,CPEZ40704505
KYZX00GJFW8622912288,KYZX,GJFW86229122
VBEK00UOSG2706807323,VBEK,UOSG27068073
XQJB00VPTG3456699826,XQJB,VPTG34566998
DWZH00KHUZ1639049942,DWZH,KHUZ16390499
CUQA00UVSV4139684961,CUQA,UVSV41396849
LXAC00OTJH4935397016,LXAC,OTJH49353970
BEZU00CJVA1734648283,BEZU,CJVA17346482
DVOW00PPCG1775218991,DVOW,PPCG17752189
CBEF00AMVZ1137210802,CBEF,AMVZ11372108
XUHT00PWBR8178885507,XUHT,PWBR81788855
SECH00FALV0936547010,SECH,FALV09365470
DTTX00XUQE4367437044,DTTX,XUQE43674370
UKSH00RZAA8083751794,UKSH,RZAA80837517
AWKT00STHC6320271828,AWKT,STHC63202718
ADNG00BINS9731342245,ADNG,BINS97313422
UYKR00BFVN5221905647,UYKR,BFVN52219056
PQZY00LUHJ7573839747,PQZY,LUHJ75738397
FOMK00OFIQ8280388121,FOMK,OFIQ82803881
LSGY00RZFR5885602670,LSGY,RZFR58856026
DAKJ00RFHI6733560003,DAKJ,RFHI67335600
PNIV00CGIC8682647948,PNIV,CGIC86826479
ZPFI00GQAX0066343909,ZPFI,GQAX00663439
GLNM00TTHN7084712327,GLNM,TTHN70847123
KDNU00XDTE3699118168,KDNU,XDTE36991181
CXSI00FERU5890008449,CXSI,FERU58900084
HFNL00ZLNH9954786889,HFNL,ZLNH99547868
BDYQ00DPIK2511244132,BDYQ,DPIK25112441
NNCO00WFDG4335069805,NNCO,WFDG43350698
GZJT00RDJM3616934627,GZJT,RDJM36169346
JKMQ00HREN5668635359,JKMQ,HREN56686353
BQVF00WXPQ1556876443,BQVF,WXPQ15568764
TKZB00WSNK2424216848,TKZB,WSNK24242168
JPIB00GCAI0753056266,JPIB,GCAI07530562
HHEZ00YOGL3287992877,HHEZ,YOGL32879928
RUQE00FGXZ5796071451,RUQE,FGXZ57960714
UCBO00KLDC2018916021,UCBO,KLDC20189160
ZVLM00YMPC3551069332,ZVLM,YMPC35510693
IGRS00AQYX9614497319,IGRS,AQYX96144973
AVXE00NIZG6804603849,AVXE,NIZG68046038
IAZC00UPJE8582913737,IAZC,UPJE85829137
ZREJ00HVOK7889832343,ZREJ,HVOK78898323
ESQD00ABAH3407189142,ESQD,ABAH34071891
EBUZ00DXTY4789577002,EBUZ,DXTY47895770
DTVP00MSWH0090424582,DTVP,MSWH00904245
JYER00VRMZ7873803905,JYER,VRMZ78738039
YVYU00TDWA6791327023,YVYU,TDWA67913270
BAAP00XKGO2418997638,BAAP,XKGO24189976
AYOX00RHPM1668319583,AYOX,RHPM16683195
FORU00RBFD1624754322,FORU,RBFD16247543
RUOE00OMAS0294882891,RUOE,OMAS02948828
HXAI00ZGPI8504205907,HXAI,ZGPI85042059
SVSR00HOFC0903622879,SVSR,HOFC09036228
RFEJ00YHZJ8524809034,RFEJ,YHZJ85248090
AUCE00MEAW2248332053,AUCE,MEAW22483320
HZFX00PUAT2106436930,HZFX,PUAT21064369
OAKY00OAYF5065680563,OAKY,OAYF50656805
GAFC00IJHZ9688878168,GAFC,IJHZ96888781
KRJU00CFWM9821159382,KRJU,CFWM98211593
PSBX00KYID6903851664,PSBX,KYID69038516
DPTM00ATSA6935896320,DPTM,ATSA69358963
PQWX00ZCCS0791207716,PQWX,ZCCS07912077
CEIA00IGJN1441101891,CEIA,IGJN14411018
ZQCC00AOZT7049948690,ZQCC,AOZT70499486
LKED00OQDY2597212832,LKED,OQDY25972128
DSXR00GDEU0416965818,DSXR,GDEU04169658
XAGW00DKGM3027555069,XAGW,DKGM30275550
ZOQT00KPEH1590463846,ZOQT,KPEH15904638
JAHG00CFFE6344502485,JAHG,CFFE63445024
JCIF00IQNV2270491271,JCIF,IQNV22704912
WGUM00OAFJ8376122950,WGUM,OAFJ83761229
QLPQ00ULGR6344829744,QLPQ,ULGR63448297
HKHP00YPWV6896781710,HKHP,YPWV68967817
BQBV00PAAK1977335448,BQBV,PAAK19773354
ZHKJ00JRQX3978580931,ZHKJ,JRQX39785809
TZVP00BJQU0708221435,TZVP,BJQU07082214
SGHT00WVND0074181688,SGHT,WVND00741816
RTAA00TGPC6862685653,RTAA,TGPC68626856
IGZD00VXDL0005617748,IGZD,VXDL00056177
QAEQ00ZSZF7939998293,QAEQ,ZSZF79399982
OOMJ00SBSF9350045136,OOMJ,SBSF93500451
JVWY00ODOQ7100284588,JVWY,ODOQ71002845
CWQC00IQXK9451271424,CWQC,IQXK94512714
RGDD00RWJI1104587136,RGDD,RWJI11045871
VXOA00YQXT6417086534,VXOA,YQXT64170865
JHLW00DEJH1615945306,JHLW,DEJH16159453
HTIJ00AFRP6838371483,HTIJ,AFRP68383714
JRDE00FDVC5902746475,JRDE,FDVC59027464
PKQM00OPDJ6436490678,PKQM,OPDJ64364906
JTXJ00GYTU8760567397,JTXJ,GYTU87605673
SFJA00EPOJ4319334094,SFJA,EPOJ43193340
MSBI00QYKP5506397915,MSBI,QYKP55063979
OZMP00WPKZ6663913647,OZMP,WPKZ66639136
TMNM00JUES3459200066,TMNM,JUES34592000
JQAR00EHQQ6412118862,JQAR,EHQQ64121188
ZRAV00FVYS6345555782,ZRAV,FVYS63455557
IGMX00EKCX5631718213,IGMX,EKCX56317182
ROSM00SIRA0635221218,ROSM,SIRA06352212
MJBS00CEEK6585288362,MJBS,CEEK65852883
ANQK00WEIK4262587283,ANQK,WEIK42625872
VRNI00FDKZ8967208657,VRNI,FDKZ89672086
TFAQ00VCFN5492062815,TFAQ,VCFN54920628
OKNH00YKSI5084599056,OKNH,YKSI50845990
RTXG00XPBI0627962276,RTXG,XPBI06279622
AYWM00NSUI2461036292,AYWM,NSUI24610362
VPVL00AXRT8073858340,VPVL,AXRT80738583
ZHEH00NLUZ5210044208,ZHEH,NLUZ52100442
WDEN00WXXB3125607212,WDEN,WXXB31256072
OYVY00TZOJ6084862365,OYVY,TZOJ60848623
ESWP00BNYH4664414470,ESWP,BNYH46644144
FHJY00BUQC3274196268,FHJY,BUQC32741962
QJRQ00KBKT2740367441,QJRQ,KBKT27403674
CVOY00UQEV0295546019,CVOY,UQEV02955460
HYTS00QBMP0622700826,HYTS,QBMP06227008
HDVQ00BKUM1295254719,HDVQ,BKUM12952547
MKEN00PRPT6536725854,MKEN,PRPT65367258
EVXW00HUXM5167867797,EVXW,HUXM51678677
PMNM00WKFG7007008238,PMNM,WKFG70070082
OBDJ00QAVV3081536397,OBDJ,QAVV30815363
FABO00JZPS1784830777,FABO,JZPS17848307
QAEK00ZAEI8237938222,QAEK,ZAEI82379382
XHGI00BLYF0119997734,XHGI,BLYF01199977
WDFB00KQJG0776285735,WDFB,KQJG07762857
NHLD00DGMB9356884846,NHLD,DGMB93568848
AVSS00SKTZ5603544316,AVSS,SKTZ56035443
QGPG00TFIX5332594513,QGPG,TFIX53325945
GUIC00RZPO2704225232,GUIC,RZPO27042252
WEPE00KSMO6466737939,WEPE,KSMO64667379
JTIK00RVKT7172940448,JTIK,RVKT71729404
FOKO00HXMD3806793095,FOKO,HXMD38067930
ZIJX00GSSA8905822216,ZIJX,GSSA89058222
HODV00QNMY1670117641,HODV,QNMY16701176
THKO00FIMY0899403928,THKO,FIMY08994039
LJUV00ZISK0515454295,LJUV,ZISK05154542
YYVN00XDJY7333806967,YYVN,XDJY73338069
KFMO00MESG5833051162,KFMO,MESG58330511
XTBU00DXWK7604867967,XTBU,DXWK76048679
EMAR00ZTZS7963988306,EMAR,ZTZS79639883
HUBS00IFQV4405469148,HUBS,IFQV44054691
YMPF00EPGQ6942691038,YMPF,EPGQ69426910
HJPW00EHDQ7416352211,HJPW,EHDQ74163522
ZYVQ00ITDE0104126673,ZYVQ,ITDE01041266
JXSY00PTYY8961052942,JXSY,PTYY89610529
UTVH00HZJA2471487966,UTVH,HZJA24714879
DXEP00PKUW7537218391,DXEP,PKUW75372183
ENMW00OFEJ5873855239,ENMW,OFEJ58738552
HLTD00JHDL9685502122,HLTD,JHDL96855021
RPXQ00IGLT2544248430,RPXQ,IGLT25442484
NPBF00OOXB7657991132,NPBF,OOXB76579911
YAEH00XOAL0926074621,YAEH,XOAL09260746
VFAB00XTJT9025461638,VFAB,XTJT90254616
ZWBW00PNKF4848063951,ZWBW,PNKF48480639
IHMH00SMOQ3048080783,IHMH,SMOQ30480807
RQJX00GUKR0600368306,RQJX,GUKR06003683
DSFR00XYXG8033385989,DSFR,XYXG80333859
OAGK00AZKD9904951789,OAGK,AZKD99049517
POAL00CHSI0669173182,POAL,CHSI06691731
FJLL00MCJW0426866128,FJLL,MCJW04268661
MFQX00IGPT3222996017,MFQX,IGPT32229960
FWEZ00QGOP1041223430,FWEZ,QGOP10412234
RVKL00KLEX7715715359,RVKL,KLEX77157153
ITQP00KMVY0262542660,ITQP,KMVY02625426
FQXK00PPLE4748080065,FQXK,PPLE47480800
PPFX00KWJK6903478440,PPFX,KWJK69034784
YTDB00HKLK4688616092,YTDB,HKLK46886160
WKER00DOFS5888180630,WKER,DOFS58881806
SHUN00HLRU2464634536,SHUN,HLRU24646345
GVWF00EMHT9017918602,GVWF,EMHT90179186
DSQQ00YXYC0154653365,DSQQ,YXYC01546533
HMAM00RYFC2216754464,HMAM,RYFC22167544
XOCW00WUDT3388998371,XOCW,WUDT33889983
XEGJ00UNNB3047723031,XEGJ,UNNB30477230
USXA00EMUH5291675117,USXA,EMUH52916751
JFIZ00PWFF5737466055,JFIZ,PWFF57374660
TWQO00QTLA8656900014,TWQO,QTLA86569000
RJDR00OPCD7907780981,RJDR,OPCD79077809
TQQI00QEDF9948369358,TQQI,QEDF99483693
JWQE00HYWR1231621065,JWQE,HYWR12316210
TRRY00AWFZ8448245655,TRRY,AWFZ84482456
NOTW00GDVI1125586365,NOTW,GDVI11255863
ZMAH00HYBW7357907856,ZMAH,HYBW73579078
UTJI00HPBR9181796194,UTJI,HPBR91817961
AZDZ00BUEL4715768084,AZDZ,BUEL47157680
ZFNJ00EZFZ0956994290,ZFNJ,EZFZ09569942
MREB00JLYU2672930731,MREB,JLYU26729307
TNUY00XOTZ1582762852,TNUY,XOTZ15827628
VNCG00TTLV3416508132,VNCG,TTLV34165081
KNXU00XVNE4602039171,KNXU,XVNE46020391
YGCC00YTAB4676881031,YGCC,YTAB46768810
WBKD00RMBN4469555405,WBKD,RMBN44695554
JTFK00HBTV2822928252,JTFK,HBTV28229282
XLNU00HEKI0071701896,XLNU,HEKI00717018
JAXX00WIAZ6727167837,JAXX,WIAZ67271678
JTIB00WDLU5866557678,JTIB,WDLU58665576
CEGG00MSJG0480736554,CEGG,MSJG04807365
NYCZ00TDRQ0459797387,NYCZ,TDRQ04597973
ZOBE00LNRA8867491674,ZOBE,LNRA88674916
QCWJ00MOUR3641782608,QCWJ,MOUR36417826
LLVE00BBBP7273921185,LLVE,BBBP72739211
DZJI00WZET7460885456,DZJI,WZET74608854
FYYV00YTSB3712152487,FYYV,YTSB37121524
YCSA00EKOL0805562425,YCSA,EKOL08055624
VYPI00GRTO7945232536,VYPI,GRTO79452325
JRJH00WAYO4800366827,JRJH,WAYO48003668
DTKA00SONC1463102296,DTKA,SONC14631022
QABL00RVWL1025945141,QABL,RVWL10259451
LFXM00CZDC1855256249,LFXM,CZDC18552562
DFGC00UERI6383786336,DFGC,UERI63837863
XIYK00ELMQ0585754951,XIYK,ELMQ05857549
NXNV00WQKT7595079365,NXNV,WQKT75950793
NFCP00BSBY9971920292,NFCP,BSBY99719202
PNKH00LIQP5335849041,PNKH,LIQP53358490
VTVJ00WITR7812590346,VTVJ,WITR78125903
XPLJ00XDRI3938452706,XPLJ,XDRI39384527
CFDM00CRQS2415800394,CFDM,CRQS24158003
KJCL00ZGKI9210947778,KJCL,ZGKI92109477
PUDW00KOJN1531209416,PUDW,KOJN15312094
VISK00DVPS4748370834,VISK,DVPS47483708
XZMC00AUEQ6473153047,XZMC,AUEQ64731530
HBEM00HFAD8816535943,HBEM,HFAD88165359
EKTV00ZUXK1817752102,EKTV,ZUXK18177521
RJKK00LDCG0831991571,RJKK,LDCG08319915
CWCF00VVVN0647495729,CWCF,VVVN06474957
ILAX00HINN0906538277,ILAX,HINN09065382
IDSA00PVBN3008762612,IDSA,PVBN30087626
VAKT00IBUJ6583869259,VAKT,IBUJ65838692
KZNS00DKVS7434107761,KZNS,DKVS74341077
VLMK00XSFQ9240645334,VLMK,XSFQ92406453
QUWF00HCWG7434654528,QUWF,HCWG74346545
TMNQ00AKSQ4149191718,TMNQ,AKSQ41491917
IMDL00HXBL1564832607,IMDL,HXBL15648326
PSCL00KZHT7899389597,PSCL,KZHT78993895
NXEB00MHFM4062478928,NXEB,MHFM40624789
NUMT00PYEW6720727744,NUMT,PYEW67207277
JSXN00CYZN7111687460,JSXN,CYZN71116874
WXAX00HNFC2776703825,WXAX,HNFC27767038
OPXR00YGNO8882240989,OPXR,YGNO88822409
WOXX00HQGF2820536802,WOXX,HQGF28205368
JINR00VHDI5752302039,JINR,VHDI57523020
LCIB00DOJV0827036669,LCIB,DOJV08270366
KIIO00KLRZ4172786463,KIIO,KLRZ41727864
WJJY00CCII4170385603,WJJY,CCII41703856
AOIF00QGCY6020431741,AOIF,QGCY60204317
OBCK00LHBY9440179305,OBCK,LHBY94401793
QRWL00VOLT1429862583,QRWL,VOLT14298625
NEFT00NCFQ9210120223,NEFT,NCFQ92101202
PLTO00IOLF7837271580,PLTO,IOLF78372715
EWBG00EVOE2809697983,EWBG,EVOE28096979
KZQZ00ICIR8380319029,KZQZ,ICIR83803190
BHFV00NYJF5738888552,BHFV,NYJF57388885
FQPN00QENE6613937256,FQPN,QENE66139372
ZVHM00KXKW9188543796,ZVHM,KXKW91885437
UIDZ00AMYH6829346429,UIDZ,AMYH68293464
QBXC00BDCB3443190452,QBXC,BDCB34431904
AVCH00VFCC6157171777,AVCH,VFCC61571717
WWVJ00AXZH3797350539,WWVJ,AXZH37973505
UVYX00ZJUD5924243870,UVYX,ZJUD59242438
NSVX00ONRP3975941704,NSVX,ONRP39759417
GRAL00DCDI5860792669,GRAL,DCDI58607926
YOTL00MEAU6528479880,YOTL,MEAU65284798
JQVG00XULQ7005912626,JQVG,XULQ70059126
UUXL00CJMD2361474405,UUXL,CJMD23614744
KSSB00SYEM2439019863,KSSB,SYEM24390198
SVMQ00UXDC4089348784,SVMQ,UXDC40893487
NTZC00EFDP9098385214,NTZC,EFDP90983852
YUYP00XCWU8572609941,YUYP,XCWU85726099
JZLW00GOKK8081116815,JZLW,GOKK80811168
MHJK00WLZP5587567561,MHJK,WLZP55875675
UMLE00OZPH7448389976,UMLE,OZPH74483899
QULB00DTJV5830488339,QULB,DTJV58304883
HNHB00PTDV0901692110,HNHB,PTDV09016921
NXGM00JMQO0058002874,NXGM,JMQO00580028
FLXT00EOFA6097412027,FLXT,EOFA60974120
AGZX00RFMP7561605431,AGZX,RFMP75616054
NNZM00DDFJ5532818071,NNZM,DDFJ55328180
MCUV00JXQV1451745107,MCUV,JXQV14517451
EZTY00TSOO5567901276,EZTY,TSOO55679012
IBAP00LVEU8130661408,IBAP,LVEU81306614
FJTA00MKFG8126246365,FJTA,MKFG81262463
LICQ00SRMU4128795550,LICQ,SRMU41287955
RSCT00SCYC5197899305,RSCT,SCYC51978993
EIPR00GPSB7622759548,EIPR,GPSB76227595
FUBD00KOJA4986756872,FUBD,KOJA49867568
MYSB00RVYV7045056632,MYSB,RVYV70450566
DHKU00DCPW8674800798,DHKU,DCPW86748007
SRIY00KPDF8082702436,SRIY,KPDF80827024
OOBG00YGTW8890004732,OOBG,YGTW88900047
WHEA00GRXO1585974191,WHEA,GRXO15859741
EKEB00JBHW6182967414,EKEB,JBHW61829674
GQQU00JIIJ6876744351,GQQU,JIIJ68767443
MSYY00PKWG4695878106,MSYY,PKWG46958781
SUUO00LELN2869326208,SUUO,LELN28693262
FKET00DLBH0278982503,FKET,DLBH02789825
EUPP00MBHT2902205720,EUPP,MBHT29022057
AESM00HYZI5049614228,AESM,HYZI50496142
ZPGO00BDLY2581590803,ZPGO,BDLY25815908
KCTV00GFXM9675003875,KCTV,GFXM96750038
KGBJ00WKLG8612745219,KGBJ,WKLG86127452
MGTD00QKEJ7275902681,MGTD,QKEJ72759026
LYVK00ZWEU8945083119,LYVK,ZWEU89450831
RKIX00EILD6346604490,RKIX,EILD63466044
ALRZ00HLZR1256443062,ALRZ,HLZR12564430
FIFM00ZTLV2589056990,FIFM,ZTLV25890569
ULHQ00UUDD1891311568,ULHQ,UUDD18913115
DKRM00USBU7425070308,DKRM,USBU74250703
IMLX00FRTV8250904783,IMLX,FRTV82509047
EHGO00FSOO7859647792,EHGO,FSOO78596477
INKM00PNDD7685815947,INKM,PNDD76858159
TOWH00ZYFT3408591622,TOWH,ZYFT34085916
NHCO00FDXL1693782674,NHCO,FDXL16937826
UKHX00CMMW0500916589,UKHX,CMMW05009165
TSZC00DMZK7173441928,TSZC,DMZK71734419
YPXR00YCTE4758416061,YPXR,YCTE47584160
GLID00DVRQ2480009567,GLID,DVRQ24800095
ZBHX00GWWK3844502733,ZBHX,GWWK38445027
FQZL00RCED3705973628,FQZL,RCED37059736
BMCF00BJRA1329556178,BMCF,BJRA13295561
NMLH00NBMV3180454016,NMLH,NBMV31804540
ZCVF00VRXF5577879475,ZCVF,VRXF55778794
HBJI00JSML0946836132,HBJI,JSML09468361
GUYE00KATE9492523512,GUYE,KATE94925235
RBWP00HRVO6528010381,RBWP,HRVO65280103
KGCZ00MBZU5391577825,KGCZ,MBZU53915778
FTYI00ADIT4985387853,FTYI,ADIT49853878
NIBB00TXGV9743772235,NIBB,TXGV97437722
JHBY00VXZY9756542397,JHBY,VXZY97565423
OOYK00SFTW1683374934,OOYK,SFTW16833749
PELH00UPEL2449754141,PELH,UPEL24497541
QIFY00MYZO5346811741,QIFY,MYZO53468117
FFJP00GSTF6848450149,FFJP,GSTF68484501
TKZQ00XJWC8248839712,TKZQ,XJWC82488397
TTZW00NDJI8666956356,TTZW,NDJI86669563
KOLE00QSON0273588326,KOLE,QSON02735883
TYWK00GCUD1221121393,TYWK,GCUD12211213
DQVA00KVLU0485224704,DQVA,KVLU04852247
LQVW00JGSF5624195919,LQVW,JGSF56241959
VBIQ00TTCD5319406305,VBIQ,TTCD53194063
EFJJ00KYXO7405165876,EFJJ,KYXO74051658
QICB00YGZB2722417068,QICB,YGZB27224170
PYUG00TDOY9048658267,PYUG,TDOY90486582
QIHV00UMBR5061936616,QIHV,UMBR50619366
NYPO00ZQIG1641350379,NYPO,ZQIG16413503
JHIQ00LHZM8720603486,JHIQ,LHZM87206034
TTLV00ETCK3693487478,TTLV,ETCK36934874
OUFS00XYEA8717368783,OUFS,XYEA87173687
AESV00NPBU1545469985,AESV,NPBU15454699
QBRN00EBZL1809282249,QBRN,EBZL18092822
GQXN00XWRU6684218331,GQXN,XWRU66842183
BVMW00AJWA6654369406,BVMW,AJWA66543694
AZAL00NXDY9591434570,AZAL,NXDY95914345
VZZU00CGCV9365139625,VZZU,CGCV93651396
RENX00WVVZ4164908084,RENX,WVVZ41649080
TNLS00UGYF5458691825,TNLS,UGYF54586918
WDIY00SYTH3776716582,WDIY,SYTH37767165
TRFF00HBUD2086497432,TRFF,HBUD20864974
VSKN00ZKDR8485970926,VSKN,ZKDR84859709
ZYPJ00CJGL1000549169,ZYPJ,CJGL10005491
QEQF00NLWQ7389233028,QEQF,NLWQ73892330
NWKZ00WFBK0634292021,NWKZ,WFBK06342920
HABA00ADOL3226469388,HABA,ADOL32264693
TSTM00BDUI2845242836,TSTM,BDUI28452428
THWB00XZQG2277621049,THWB,XZQG22776210
BVZC00XSCY9212215588,BVZC,XSCY92122155
KGTV00UQAW1674108037,KGTV,UQAW16741080
GJKG00DRUD2142378949,GJKG,DRUD21423789
HGBK00YCSP5723463269,HGBK,YCSP57234632
WBYA00MIGF8413733660,WBYA,MIGF84137336
IUYO00HSVG9109648010,IUYO,HSVG91096480
YGAC00WGVL0081269256,YGAC,WGVL00812692
UDCF00KMFB3406814784,UDCF,KMFB34068147
NEZI00WWBN0836731510,NEZI,WWBN08367315
YLEU00HDCJ1027747686,YLEU,HDCJ10277476
UNIT00PWCM1433262049,UNIT,PWCM14332620
WCGV00MEOT4231955607,WCGV,MEOT42319556
WPUU00AODW2777556566,WPUU,AODW27775565
CLQY00JQJG7815405471,CLQY,JQJG78154054
IRML00HTMU5279081411,IRML,HTMU52790814
XXNW00UHZQ6100591735,XXNW,UHZQ61005917
DZGQ00EDEC2974124544,DZGQ,EDEC29741245
KCCQ00YPBQ5859086488,KCCQ,YPBQ58590864
KXTO00HXMI0123489462,KXTO,HXMI01234894
ENMP00EZMC0160084221,ENMP,EZMC01600842
ZSHF00BKOB2791732131,ZSHF,BKOB27917321
ELVB00JTTI0938513703,ELVB,JTTI09385137
MDYQ00SIHF5439203077,MDYQ,SIHF54392030
KNLA00ONRE6536377689,KNLA,ONRE65363776
RBUA00YVSM4141795764,RBUA,YVSM41417957
FEXH00WOXP9825183630,FEXH,WOXP98251836
GWKG00TPAH0576579254,GWKG,TPAH05765792
PYNY00RFKW9577212190,PYNY,RFKW95772121
XZNU00XKNY6876355787,XZNU,XKNY68763557
RZND00IVWX4990408179,RZND,IVWX49904081
CAIB00OZMG4898300339,CAIB,OZMG48983003
THTC00UYDW1912446808,THTC,UYDW19124468
SEDT00JBNQ5786085785,SEDT,JBNQ57860857
NTVQ00IPON0675985873,NTVQ,IPON06759858
UXUN00JPBD0293330408,UXUN,JPBD02933304
NSYC00FXQX6858691086,NSYC,FXQX68586910
DAFY00UFZS0288545426,DAFY,UFZS02885454
DBBU00CYXN5870005931,DBBU,CYXN58700059
OACG00NOHO2583046055,OACG,NOHO25830460
FFMQ00NWEI6026062521,FFMQ,NWEI60260625
BRNN00XYAJ1199858083,BRNN,XYAJ11998580
QKPK00USRV8842645488,QKPK,USRV88426454
ZHOP00ZREI4127968302,ZHOP,ZREI41279683
AHDL00WTDJ0928305997,AHDL,WTDJ09283059
ZAKC00TMBM3621773833,ZAKC,TMBM36217738
CYFZ00YASA2111084526,CYFZ,YASA21110845
YYPM00SZYF2665845057,YYPM,SZYF26658450
MVGI00ZHFM2946430759,MVGI,ZHFM29464307
NPVQ00JJJG1434674171,NPVQ,JJJG14346741
RZRY00WPLZ7516377143,RZRY,WPLZ75163771
SKPD00XSNC0747370747,SKPD,XSNC07473707
MPPC00XHJO3724474359,MPPC,XHJO37244743
HCZG00VLTF8975157647,HCZG,VLTF89751576
LTIH00YVUF2511642120,LTIH,YVUF25116421
ALXK00CJUC4600409925,ALXK,CJUC46004099
XXIH00YJUO9878157554,XXIH,YJUO98781575
NERA00RBOU9292385393,NERA,RBOU92923853
YBUC00GIPO2338825569,YBUC,GIPO23388255
SQCM00WMSI9114655276,SQCM,WMSI91146552
AEQQ00CJIU6026444056,AEQQ,CJIU60264440
PTTV00PNTB5731491258,PTTV,PNTB57314912
ZPBN00JNAX7876385432,ZPBN,JNAX78763854
XHMS00HPDY3822086652,XHMS,HPDY38220866
ENFY00VQGR7077297839,ENFY,VQGR70772978
YAGD00RKBN9017068787,YAGD,RKBN90170687
YSOH00AFNM8807556928,YSOH,AFNM88075569
GUMA00JCXU2696862835,GUMA,JCXU26968628
XXWJ00VFJL4555143279,XXWJ,VFJL45551432
QLHZ00EWCO2149230552,QLHZ,EWCO21492305
BMET00QCVD3558071097,BMET,QCVD35580710
QCUN00WLKC2795717033,QCUN,WLKC27957170
VDGW00GSKG9633053891,VDGW,GSKG96330538
MESO00OPXC0018889276,MESO,OPXC00188892
DEJP00SEHF5261378497,DEJP,SEHF52613784
QQXV00LHGS8987646226,QQXV,LHGS89876462
VZPR00RZDW0537991879,VZPR,RZDW05379918
LPPG00EEQD1595113679,LPPG,EEQD15951136
XSZC00FPXV2477363689,XSZC,FPXV24773636
MFFV00TYRB5697224539,MFFV,TYRB56972245
MDHL00QFFH2379875756,MDHL,QFFH23798757
CVHO00SETW8406378716,CVHO,SETW84063787
FYRQ00QNXZ2966064208,FYRQ,QNXZ29660642
UPVH00HAEC6004846081,UPVH,HAEC60048460
XCWT00LQWE4139318531,XCWT,LQWE41393185
SFER00HVQI0203437153,SFER,HVQI02034371
AAXH00PNWN5186309779,AAXH,PNWN51863097
GGXP00PCSZ7483774997,GGXP,PCSZ74837749
NWMB00KHNG4864777655,NWMB,KHNG48647776
OCTL00BTFJ8997970413,OCTL,BTFJ89979704
XOJR00AZUY8162201725,XOJR,AZUY81622017
ZRPF00QDZY7832029317,ZRPF,QDZY78320293
DMMK00UOMO5898180969,DMMK,UOMO58981809
QHIG00GNGU6781411395,QHIG,GNGU67814113
CLWN00QRNM3493862695,CLWN,QRNM34938626
XNMR00LOKH0675617732,XNMR,LOKH06756177
UUPK00NONB6362065828,UUPK,NONB63620658
KVRO00HFNA1635812041,KVRO,HFNA16358120
OJZL00ASPU2766298292,OJZL,ASPU27662982
BYMD00RWDJ6637344282,BYMD,RWDJ66373442
EIWQ00COQO8672455186,EIWQ,COQO86724551
MHYV00GNKI7444354972,MHYV,GNKI74443549
DCLQ00FQNN9031012275,DCLQ,FQNN90310122
JDDX00BYIX9406613523,JDDX,BYIX94066135
YKHI00MQRR7301674508,YKHI,MQRR73016745
CSQX00CTTV2439271112,CSQX,CTTV24392711
TPCA00LSLS0508436180,TPCA,LSLS05084361
ECCO00UAXR6610128614,ECCO,UAXR66101286
CLNV00GEAR1778586181,CLNV,GEAR17785861
IRYM00SOAH5600423652,IRYM,SOAH56004236
NIEH00RCNC9035046823,NIEH,RCNC90350468
IEYC00HBNP5698091397,IEYC,HBNP56980913
MLRH00QWEJ2897122384,MLRH,QWEJ28971223
TIZF00VZLQ7436876182,TIZF,VZLQ74368761
LJIL00KNFH0914231644,LJIL,KNFH09142316
CPBK00JVMF5800103744,CPBK,JVMF58001037
KTYS00BNWH3344277020,KTYS,BNWH33442770
TTUM00KBOG6442847067,TTUM,KBOG64428470
RQYY00RGHM6638852374,RQYY,RGHM66388523
MMLH00PDXB0416071908,MMLH,PDXB04160719
PQZG00SXRZ6909099930,PQZG,SXRZ69090999
BOAJ00AQFS7463354754,BOAJ,AQFS74633547
VCRY00CVKF2041439281,VCRY,CVKF20414392
QLWJ00QXTP0284654133,QLWJ,QXTP02846541
DEHM00WNOQ7778516773,DEHM,WNOQ77785167
OGJR00XZAN6791356231,OGJR,XZAN67913562
DCDQ00GIMB7122317315,DCDQ,GIMB71223173
XYZS00DIEA3900683084,XYZS,DIEA39006830
VBTY00ZXAE0963556766,VBTY,ZXAE09635567
VMZP00ELSX2755914213,VMZP,ELSX27559142
INKX00BRTB6711275595,INKX,BRTB67112755
AEQT00UTTF4917655164,AEQT,UTTF49176551
HYNA00OFON3125689424,HYNA,OFON31256894
UJOD00YCAM5863734604,UJOD,YCAM58637346
NOPG00INFI6382170554,NOPG,INFI63821705
WWTK00MSRU9214218285,WWTK,MSRU92142182
CMOQ00ZHMZ5327518073,CMOQ,ZHMZ53275180
LDRA00GNYL7939178287,LDRA,GNYL79391782
IODF00BTUL8623088745,IODF,BTUL86230887
JAVO00SJBA4538278293,JAVO,SJBA45382782
QOYJ00DSSK6167834913,QOYJ,DSSK61678349
JAWV00LIKU1832806261,JAWV,LIKU18328062
WSMT00MKQI6891602083,WSMT,MKQI68916020
PAWB00EQBD3115943161,PAWB,EQBD31159431
WXHJ00IZDT4190879627,WXHJ,IZDT41908796
AFOU00CEJC7833539607,AFOU,CEJC78335396
NKBB00JSLI0365442623,NKBB,JSLI03654426
PEGE00HZQZ3044282383,PEGE,HZQZ30442823
WCKA00LFAI6955913743,WCKA,LFAI69559137
BRFH00DMER2885014912,BRFH,DMER28850149
LCWR00SEFK1662960538,LCWR,SEFK16629605
UJWC00GFSW8937681504,UJWC,GFSW89376815
UCWF00ZCNG4229728043,UCWF,ZCNG42297280
ZZGB00RBSR1279674054,ZZGB,RBSR12796740
CPPJ00WPLI4407815128,CPPJ,WPLI44078151
VVRB00NFXD4617856052,VVRB,NFXD46178560
BHGA00UGKG8620537187,BHGA,UGKG86205371
WJXA00NTYZ2799491422,WJXA,NTYZ27994914
SSMN00QTWH8863059836,SSMN,QTWH88630598
MYVO00SDIR1377688354,MYVO,SDIR13776883
KPCF00DHAL6985987777,KPCF,DHAL69859877
WBRS00KLDW1183480231,WBRS,KLDW11834802
PGOD00CPPR7652716819,PGOD,CPPR76527168
UGBQ00ZTUH2943032320,UGBQ,ZTUH29430323
CRAG00JMQH5933411190,CRAG,JMQH59334111
XOPD00TUSL5741070684,XOPD,TUSL57410706
VTOE00XSKP3650635316,VTOE,XSKP36506353
UKDG00LHBP1189206474,UKDG,LHBP11892064
DBEL00FIDQ6705389682,DBEL,FIDQ67053896
UALN00GXXS4900259343,UALN,GXXS49002593
VCND00WGZC0733514467,VCND,WGZC07335144
UWID00FKKM9713367795,UWID,FKKM97133677
MWTE00UDQZ0290884363,MWTE,UDQZ02908843
CQLH00JYIJ5075673048,CQLH,JYIJ50756730
PUIU00EHKD5166695833,PUIU,EHKD51666958
FXFW00BVYI0873083339,FXFW,BVYI08730833
HUBP00FJYZ5557000365,HUBP,FJYZ55570003
AGNI00JYGV1450470327,AGNI,JYGV14504703
OESK00QJBG1014814339,OESK,QJBG10148143
IOTO00JMRA4051327805,IOTO,JMRA40513278
OATF00ADHP4320367289,OATF,ADHP43203672
NAHX00QBSN8010751502,NAHX,QBSN80107515
POPU00DLQT7782221886,POPU,DLQT77822218
CVPN00TZNH7011828655,CVPN,TZNH70118286
SUQM00VULO0216463304,SUQM,VULO02164633
ZLEU00UIJS2830675772,ZLEU,UIJS28306757
SMCD00ALWY4073217175,SMCD,ALWY40732171
CGZU00MXOQ8908181202,CGZU,MXOQ89081812
BMKL00CAYD8209379204,BMKL,CAYD82093792
KDIV00RPMZ5294597915,KDIV,RPMZ52945979
OJBP00CDCO1981464776,OJBP,CDCO19814647
XSSJ00XXJE4880414186,XSSJ,XXJE48804141
MBII00UPCC4252129656,MBII,UPCC42521296
IQJZ00KQXV8622625293,IQJZ,KQXV86226252
CBFC00BJUA2914117829,CBFC,BJUA29141178
XOVD00QVQX4623061177,XOVD,QVQX46230611
ZDCV00HZZO7229938766,ZDCV,HZZO72299387
ZQYT00RUCY6623748511,ZQYT,RUCY66237485
UWDB00UNSO4591562391,UWDB,UNSO45915623
CUGR00PJQV9510326502,CUGR,PJQV95103265
TEKS00RGTK3912234811,TEKS,RGTK39122348
DPCR00SCOA5048347369,DPCR,SCOA50483473
FCAT00DZLF6117099719,FCAT,DZLF61170997
VRUV00HPLG9406934747,VRUV,HPLG94069347
YGVD00YLNZ3837633432,YGVD,YLNZ38376334
UEJS00CEAF2173898969,UEJS,CEAF21738989
GRUX00BARA9662900118,GRUX,BARA96629001
AOWD00HQMT7330871240,AOWD,HQMT73308712
KTLY00CVRS3269507562,KTLY,CVRS32695075
HMTN00QAWH0801827183,HMTN,QAWH08018271
PDPM00YPTP8825266319,PDPM,YPTP88252663
DFZE00GIKT2244710725,DFZE,GIKT22447107
IEHO00WUBA3662579197,IEHO,WUBA36625791
GKHO00THZL7301893106,GKHO,THZL73018931
ORIC00WIHZ9165857381,ORIC,WIHZ91658573
HZYS00MLXC3082404024,HZYS,MLXC30824040
EHTI00RXSM9891620739,EHTI,RXSM98916207
SHKX00XZQL9972522053,SHKX,XZQL99725220
TXNU00WDYO2172551827,TXNU,WDYO21725518
UGIY00YAYE5307980750,UGIY,YAYE53079807
XBGZ00BCTR9515558314,XBGZ,BCTR95155583
VVOV00HAHT8770217449,VVOV,HAHT87702174
OLQC00KQRZ5304348949,OLQC,KQRZ53043489
NUEM00ODGS0814794613,NUEM,ODGS08147946
RFQL00HDRS4480144359,RFQL,HDRS44801443
IUJP00WWVY8315864345,IUJP,WWVY83158643
KSPY00NUNA8647462015,KSPY,NUNA86474620
SQIJ00FFDL2362433829,SQIJ,FFDL23624338
EBBF00TADD9652888229,EBBF,TADD96528882
QAFN00SZQS1791795759,QAFN,SZQS17917957
VVLE00YMAV9289662124,VVLE,YMAV92896621
PMVE00TKLT6495541130,PMVE,TKLT64955411
YFTP00ZUQS1531754931,YFTP,ZUQS15317549
MQPN00HFDD4469083017,MQPN,HFDD44690830
HUAA00FOQV4548647337,HUAA,FOQV45486473
JUWG00CZHD0722219352,JUWG,CZHD07222193
BOGA00PYEX6327807789,BOGA,PYEX63278077
PPLN00CXGZ2045006122,PPLN,CXGZ20450061
NAWO00CGNS1081619666,NAWO,CGNS10816196
QXJW00LSDI7101517119,QXJW,LSDI71015171
SSBE00WMEE7795146813,SSBE,WMEE77951468
XVPQ00GPNO2442739905,XVPQ,GPNO24427399
RHIX00CJRG1042573238,RHIX,CJRG10425732
QHBY00GMLS7030504411,QHBY,GMLS70305044
OLRO00XEFY2605730151,OLRO,XEFY26057301
ONKP00KWEP7451351672,ONKP,KWEP74513516
ASYD00ZRHI2390929297,ASYD,ZRHI23909292
AVFT00XAQO6384962539,AVFT,XAQO63849625
MYNE00NOBK2930194589,MYNE,NOBK29301945
RKIL00JVSQ6606959334,RKIL,JVSQ66069593
LNPC00DQDE0204841181,LNPC,DQDE02048411
KOYA00GPUU5640732386,KOYA,GPUU56407323
VTLB00KNSO7052493260,VTLB,KNSO70524932
FUFD00GNVG3817218934,FUFD,GNVG38172189
UEWJ00VMGE3926222721,UEWJ,VMGE39262227
KZIF00FKEL6000269290,KZIF,FKEL60002692
XIHO00BHMB3552472214,XIHO,BHMB35524722
VOFF00PQDS7059007904,VOFF,PQDS70590079
TLCP00DXJH9973337161,TLCP,DXJH99733371
QQGC00GNGZ2598739389,QQGC,GNGZ25987393
ZMLE00KQDE3309261904,ZMLE,KQDE33092619
MLXL00AELG5040966275,MLXL,AELG50409662
VXHP00FNES0836434480,VXHP,FNES08364344
HUYX00NCHW8151604966,HUYX,NCHW81516049
SBLP00OWZR9698307721,SBLP,OWZR96983077
HYOS00ULHD5469226859,HYOS,ULHD54692268
GHLH00MNHX4270663667,GHLH,MNHX42706636
NUUZ00IGAQ0691222859,NUUZ,IGAQ06912228
IBDE00DTJD4921290087,IBDE,DTJD49212900
GLJI00PVZL8996529194,GLJI,PVZL89965291
CSTC00PFQW4324029264,CSTC,PFQW43240292
MJWN00CBIH2817579485,MJWN,CBIH28175794
QNPB00RBRV6358743660,QNPB,RBRV63587436
FAQK00RLUN3459762624,FAQK,RLUN34597626
VMWA00MUFB7087917029,VMWA,MUFB70879170
IHGP00YREF0787530477,IHGP,YREF07875304
QYHO00ALEJ0263329129,QYHO,ALEJ02633291
JTLI00DRPS6428559809,JTLI,DRPS64285598
BDHR00PJWO6264533808,BDHR,PJWO62645338
MBBI00BFJU4739358591,MBBI,BFJU47393585
ZPKW00OZID2706761036,ZPKW,OZID27067610
UDSD00XJSM8484816335,UDSD,XJSM84848163
XEFF00VAEN8044582613,XEFF,VAEN80445826
ZMQL00WVWH8503914906,ZMQL,WVWH85039149
NVNE00PFUK1592804455,NVNE,PFUK15928044
CSIL00SPFS2190838959,CSIL,SPFS21908389
MACU00GDWW6967878851,MACU,GDWW69678788
VMMG00ZCYC8004268685,VMMG,ZCYC80042686
QSXM00TPPP1528757857,QSXM,TPPP15287578
XXFF00BXYX1293427734,XXFF,BXYX12934277
MICU00LQXZ3535840709,MICU,LQXZ35358407
IIKR00WGNP3616042745,IIKR,WGNP36160427
KCCP00IIQE4346805091,KCCP,IIQE43468050
AFUQ00MHET0092688030,AFUQ,MHET00926880
DEHR00MXMW3670200129,DEHR,MXMW36702001
IGOB00GDAG2187859527,IGOB,GDAG21878595
RRWS00JPCY1661667717,RRWS,JPCY16616677
EJKV00RDOJ2315751425,EJKV,RDOJ23157514
KSUB00DHSB5395802546,KSUB,DHSB53958025
HCID00UFFX7643360905,HCID,UFFX76433609
IRAB00VUJI4942896942,IRAB,VUJI49428969
LCBH00CKNO4771210665,LCBH,CKNO47712106
BPWC00UGMT1692523607,BPWC,UGMT16925236
PDUO00FPZA5805722942,PDUO,FPZA58057229
HDBW00STXK0391405064,HDBW,STXK03914050
DKSL00XRGQ9976127586,DKSL,XRGQ99761275
DEJP00XEUZ4065261118,DEJP,XEUZ40652611
KDTV00VISY3597033104,KDTV,VISY35970331
JZWF00WIZI3511642007,JZWF,WIZI35116420
SDQB00PLPF1236247066,SDQB,PLPF12362470
XQBI00BUBD4336525487,XQBI,BUBD43365254
CUTR00KHGW7747566996,CUTR,KHGW77475669
SDBB00LHSF3971053917,SDBB,LHSF39710539
PTLI00BJTL5190244637,PTLI,BJTL51902446
QTRB00LWDQ3414457453,QTRB,LWDQ34144574
ZMJS00MZUQ3967681313,ZMJS,MZUQ39676813
IHJX00WKYV7973390864,IHJX,WKYV79733908
WNTF00EWNZ6378506626,WNTF,EWNZ63785066
JLXQ00GWRO0694890140,JLXQ,GWRO06948901
HCUK00JWOQ4659199970,HCUK,JWOQ46591999
WPDW00UPZN6022409757,WPDW,UPZN60224097
OFQB00MQKP8800081002,OFQB,MQKP88000810
ZCPO00FFME1896555528,ZCPO,FFME18965555
UZGL00NSOG3371718058,UZGL,NSOG33717180
IRHV00WLTG9750493710,IRHV,WLTG97504937
PUHA00JXEI7480457391,PUHA,JXEI74804573
RWZH00SINX1383912829,RWZH,SINX13839128
KFLG00YXWD4374185293,KFLG,YXWD43741852
ZRQD00CAWR4958653017,ZRQD,CAWR49586530
FFAN00OIBB5197974340,FFAN,OIBB51979743
ICWN00AVQB6828891678,ICWN,AVQB68288916
YJZI00MLZG2547415380,YJZI,MLZG25474153
TTQY00MOWR0102218476,TTQY,MOWR01022184
TFDF00XBFQ4407333180,TFDF,XBFQ44073331
FTUU00IIFD6993326438,FTUU,IIFD69933264
NJVR00EYJG2861304667,NJVR,EYJG28613046
IIZF00GPIN4642335246,IIZF,GPIN46423352
AYOG00LDGF3312677647,AYOG,LDGF33126776
TGTJ00GAVD5641737703,TGTJ,GAVD56417377
BJCM00KTLM6797909437,BJCM,KTLM67979094
QLTJ00XUAP8662584847,QLTJ,XUAP86625848
WQDD00MLLI5087163457,WQDD,MLLI50871634
EDBA00GNGB2272851671,EDBA,GNGB22728516
UHXI00FBBD8614874036,UHXI,FBBD86148740
SXUR00FKSJ3510041122,SXUR,FKSJ35100411
RBOU00TUPE4300969740,RBOU,TUPE43009697
CFBX00LGGE1880786973,CFBX,LGGE18807869
LYVC00OYUL7964621597,LYVC,OYUL79646215
HFHA00UGEQ1800495357,HFHA,UGEQ18004953
XFNF00XFNE2045540698,XFNF,XFNE20455406
QHHA00NJIS9819788418,QHHA,NJIS98197884
HBHH00KXYI0467612795,HBHH,KXYI04676127
ETRB00UXBE3919619643,ETRB,UXBE39196196
DWSU00TLLM0174336196,DWSU,TLLM01743361
OUGJ00LHBF1739883351,OUGJ,LHBF17398833
SGMD00WIEB9296465952,SGMD,WIEB92964659
TNVI00BKIV8510129278,TNVI,BKIV85101292
FBXY00GJYP7488055345,FBXY,GJYP74880553
DFTL00TMNU7015580912,DFTL,TMNU70155809
RMEN00PHSS5929782234,RMEN,PHSS59297822
ZDZH00RVKM2979942174,ZDZH,RVKM29799421
GAYC00VAAZ7556189833,GAYC,VAAZ75561898
ZHVD00NCAH3496345203,ZHVD,NCAH34963452
WRUN00GXLX2670509145,WRUN,GXLX26705091
YVWX00LMSX8969776390,YVWX,LMSX89697763
MOJH00ICLR3688831159,MOJH,ICLR36888311
OGTK00VKKF0966236673,OGTK,VKKF09662366
ICPJ00AOGT0399811092,ICPJ,AOGT03998110
RJOY00LLML7390686475,RJOY,LLML73906864
AMTE00TLLM8606584751,AMTE,TLLM86065847
ZSOB00WZXB1864563543,ZSOB,WZXB18645635
YMXK00CGGB7643291866,YMXK,CGGB76432918
TYUP00QHCT6962567769,TYUP,QHCT69625677
FAQZ00NTSP8843433821,FAQZ,NTSP88434338
GEHV00LIUT5216042303,GEHV,LIUT52160423
KYTK00BYSM0739032102,KYTK,BYSM07390321
AKAM00NLAX1573823857,AKAM,NLAX15738238
XLND00GGNR6107345336,XLND,GGNR61073453
GHMO00WPHI6986897104,GHMO,WPHI69868971
COPZ00RSRW2641076055,COPZ,RSRW26410760
LYVV00AIOB0767442615,LYVV,AIOB07674426
MRAD00OKAH2417092437,MRAD,OKAH24170924
XKID00SJIB0941945996,XKID,SJIB09419459
XTLC00DDNV5605449936,XTLC,DDNV56054499
UEYP00STGO3001134692,UEYP,STGO30011346
NDZM00SAYL6738552416,NDZM,SAYL67385524
WHMA00QMOI9803321426,WHMA,QMOI98033214
GGDS00LZEW6885649874,GGDS,LZEW68856498
TZLW00UVZX4396861916,TZLW,UVZX43968619
CUWA00CHWO6526993097,CUWA,CHWO65269930
WKGS00LCGF2820108094,WKGS,LCGF28201080
LEUO00QTCH3394138974,LEUO,QTCH33941389
QMUZ00YMRD3842247637,QMUZ,YMRD38422476
ABGD00UJYK5697452840,ABGD,UJYK56974528
XMHR00TFPV3675967433,XMHR,TFPV36759674
KCDM00KKOD9315562789,KCDM,KKOD93155627
AMWH00OSSI8036958047,AMWH,OSSI80369580
TVKH00YNIQ3816541932,TVKH,YNIQ38165419
MOTX00FOQQ2954561303,MOTX,FOQQ29545613
VWBI00KTNR9206351951,VWBI,KTNR92063519
TFCL00RENE3865288632,TFCL,RENE38652886
MFIR00XNZT9665298742,MFIR,XNZT96652987
QTUB00BNJG2378376930,QTUB,BNJG23783769
AXIV00ZQSP0207661062,AXIV,ZQSP02076610
XGQM00ZUPU1219698470,XGQM,ZUPU12196984
QVTB00GORA1807466637,QVTB,GORA18074666
EMUI00EPAC4065434068,EMUI,EPAC40654340
ZSGM00AAGT6254698394,ZSGM,AAGT62546983
BDMF00VDEE7225945187,BDMF,VDEE72259451
PMGR00SLCE5507787161,PMGR,SLCE55077871
YZOY00QGTY5783822281,YZOY,QGTY57838222
OZCR00RCLI0092367972,OZCR,RCLI00923679
FLEQ00GCVC9341743108,FLEQ,GCVC93417431
TYFS00ZWAO2801298636,TYFS,ZWAO28012986
DBSJ00HXMZ6206274847,DBSJ,HXMZ62062748
QOHG00FYMX5358228158,QOHG,FYMX53582281
NXQW00KASE9302270086,NXQW,KASE93022700
RNRO00PLNL3921619272,RNRO,PLNL39216192
RWLF00YMUT8201983708,RWLF,YMUT82019837
NGMR00GVLY2627545131,NGMR,GVLY26275451
IKON00BFZI4549908087,IKON,BFZI45499080
FDNF00LEAC6896541663,FDNF,LEAC68965416
URJA00JIUG4742903813,URJA,JIUG47429038
CNHP00HASU6188874052,CNHP,HASU61888740
YJGV00HLPU6091416051,YJGV,HLPU60914160
CVAH00KLIQ0037121043,CVAH,KLIQ00371210
TSCX00CNFS3893744032,TSCX,CNFS38937440
BIDA00TAFF9500311861,BIDA,TAFF95003118
QPJI00YDAV3583384891,QPJI,YDAV35833848
OCXJ00FGZB4183674246,OCXJ,FGZB41836742
BFZO00FGZW5421100040,BFZO,FGZW54211000
NAWK00FDWW4318033306,NAWK,FDWW43180333
JNWN00EYTV8545378393,JNWN,EYTV85453783
LGWR00ZATD5313136395,LGWR,ZATD53131363
XFIF00AIMY4773693417,XFIF,AIMY47736934
KMUC00UVIR5238690234,KMUC,UVIR52386902
GFOH00ZWWO7895462813,GFOH,ZWWO78954628
GAKC00GAYT4885368927,GAKC,GAYT48853689
QTOI00HIPW5396419313,QTOI,HIPW53964193
QMSM00ZBRV7557561384,QMSM,ZBRV75575613
ZIPS00YGCX5920125346,ZIPS,YGCX59201253
THYP00ZZTX3989331407,THYP,ZZTX39893314
UTVZ00ZUSL8070070963,UTVZ,ZUSL80700709
HJLE00RTEP2864766668,HJLE,RTEP28647666
UWWI00MOKV8004488087,UWWI,MOKV80044880
BMWY00ZNNE0471243633,BMWY,ZNNE04712436
MUEV00IQOH7850905022,MUEV,IQOH78509050
AGGU00KUJI8855329498,AGGU,KUJI88553294
YQNU00UZHC2670069861,YQNU,UZHC26700698
YWZN00KCKF2954235283,YWZN,KCKF29542352
UENU00BOBG3906357053,UENU,BOBG39063570
WCQM00YCWF2312293167,WCQM,YCWF23122931
MPAN00RFYA5034353421,MPAN,RFYA50343534
PEBA00CZYP6181939387,PEBA,CZYP61819393
CIKV00AIAU9317520972,CIKV,AIAU93175209
QBTA00URAL9044977382,QBTA,URAL90449773
CHFT00WOEH1468793785,CHFT,WOEH14687937
CIBL00VWOD7901722081,CIBL,VWOD79017220
VMDL00JNRO6914077568,VMDL,JNRO69140775
BANN00PDWW1340376243,BANN,PDWW13403762
FRDU00EATS9263502416,FRDU,EATS92635024
NEXY00TGVN8017247091,NEXY,TGVN80172470
VHBO00IOCA4183334734,VHBO,IOCA41833347
FBCG00RNFQ9499862605,FBCG,RNFQ94998626
XODW00DPGZ5829873977,XODW,DPGZ58298739
OTTX00GJNT2995136269,OTTX,GJNT29951362
AQIG00BRQF0513256029,AQIG,BRQF05132560
SFAH00DCDR7005004466,SFAH,DCDR70050044
KZUA00RZFX5534894643,KZUA,RZFX55348946
LTVR00YESG7712155397,LTVR,YESG77121553
BCBK00WMQB1299899124,BCBK,WMQB12998991
WDLH00GUIC4032237093,WDLH,GUIC40322370
GKDJ00RWJO1091597078,GKDJ,RWJO10915970
RARP00ZWRC7069537126,RARP,ZWRC70695371
QEEV00MGQM3483401592,QEEV,MGQM34834015
VKHG00CVLM9507629956,VKHG,CVLM95076299
PQQP00XSIZ4405837781,PQQP,XSIZ44058377
VAMY00JSXH6733615847,VAMY,JSXH67336158
ERQD00OPHB2254272032,ERQD,OPHB22542720
ILGS00HDJB9769175017,ILGS,HDJB97691750
ELOU00QTTG3238407181,ELOU,QTTG32384071
KWGK00LDZO1750204854,KWGK,LDZO17502048
LTEQ00CXYH8313036371,LTEQ,CXYH83130363
KFAU00BVYN1172726096,KFAU,BVYN11727260
OGPU00YVWT4964441971,OGPU,YVWT49644419
JPYR00YRUI5831965773,JPYR,YRUI58319657
WXQA00GMLF0053944163,WXQA,GMLF00539441
PRYH00MOQV0159490926,PRYH,MOQV01594909
YILL00AJLC7315942473,YILL,AJLC73159424
VMXK00QDFU0234285839,VMXK,QDFU02342858
FXWM00OQFC6875157518,FXWM,OQFC68751575
PMOH00QXQB1859433975,PMOH,QXQB18594339
DVHW00PFHR4865436468,DVHW,PFHR48654364
VOYK00TTOU3497761007,VOYK,TTOU34977610
WYGY00MXFN9436537072,WYGY,MXFN94365370
QEQR00QMLS3633206319,QEQR,QMLS36332063
YUWC00FQAQ5806114410,YUWC,FQAQ58061144
BZMD00QNDG6184929230,BZMD,QNDG61849292
HITQ00FIOF9121517438,HITQ,FIOF91215174
MEVT00FSBU9524463429,MEVT,FSBU95244634
ELWL00YVLH8310588312,ELWL,YVLH83105883
ILQD00BXJM1240910482,ILQD,BXJM12409104
KBGV00GHNI6105528346,KBGV,GHNI61055283
YLRS00WFXH7732515305,YLRS,WFXH77325153
VDYA00VZOT4247145175,VDYA,VZOT42471451
KPPL00XXWX8977122705,KPPL,XXWX89771227
XMEC00UYZZ0826840546,XMEC,UYZZ08268405
MBVB00QGTL2012325265,MBVB,QGTL20123252
HTUR00BHDN9626040261,HTUR,BHDN96260402
KDAL00KLYM3817590422,KDAL,KLYM38175904
DSGP00YOMN9015512852,DSGP,YOMN90155128
SUUH00FYUJ9466277638,SUUH,FYUJ94662776
YDLY00RXTY6267267939,YDLY,RXTY62672679
HINU00IDSL4459085878,HINU,IDSL44590858
OMJV00PAEI1258318275,OMJV,PAEI12583182
FILO00VJSD6130110904,FILO,VJSD61301109
CVSH00FCPJ9410855956,CVSH,FCPJ94108559
KRFS00TFCY1474856551,KRFS,TFCY14748565
DBPH00ORUP2166472004,DBPH,ORUP21664720
HYNR00ZYUJ7991457523,HYNR,ZYUJ79914575
FIHV00SSED1902340391,FIHV,SSED19023403
TAQZ00ASGX2422737219,TAQZ,ASGX24227372
XJLS00XEGI8955204920,XJLS,XEGI89552049
POFJ00DAIZ4347966370,POFJ,DAIZ43479663
QKNV00YPQO4526310424,QKNV,YPQO45263104
EJLI00ZOOE5726831011,EJLI,ZOOE57268310
WLCY00PTIJ0839023729,WLCY,PTIJ08390237
WSXT00UKKS8147214809,WSXT,UKKS81472148
QHDC00JJLS6876320754,QHDC,JJLS68763207
YSNQ00GJRR7868559086,YSNQ,GJRR78685590
JJRZ00NZAS7873085978,JJRZ,NZAS78730859
CGRB00GQVK5347970748,CGRB,GQVK53479707
XOMI00FRLD6329473969,XOMI,FRLD63294739
MWYX00YNAG1114476466,MWYX,YNAG11144764
RZQG00XIXC0018336839,RZQG,XIXC00183368
LINN00TBWV2309060696,LINN,TBWV23090606
TBGW00UMAA0994896469,TBGW,UMAA09948964
VERL00NXUD0278111683,VERL,NXUD02781116
UBLJ00ZQIF4291531693,UBLJ,ZQIF42915316
KHTP00YXYT0794800661,KHTP,YXYT07948006
ITNZ00HOMC2169016436,ITNZ,HOMC21690164
SMJD00IAXO0977981962,SMJD,IAXO09779819
UOYV00VZWM2231948003,UOYV,VZWM22319480
XJES00HKDS7947983716,XJES,HKDS79479837
KJHV00DKTE7790826111,KJHV,DKTE77908261
VDPY00COKO1371625183,VDPY,COKO13716251
IZID00FTWN5755815995,IZID,FTWN57558159
DXXU00YNYO3255547689,DXXU,YNYO32555476
BNMD00TLJT5955677858,BNMD,TLJT59556778
MFLZ00RDUU6552159458,MFLZ,RDUU65521594
AOFC00XRTP9486095982,AOFC,XRTP94860959
VXQZ00APLF3283711327,VXQZ,APLF32837113
KRDP00ZAFZ0945553898,KRDP,ZAFZ09455538
BMAL00AFFV1798789158,BMAL,AFFV17987891
HTUG00WTLI3439993175,HTUG,WTLI34399931
HTBY00ISHM8656915355,HTBY,ISHM86569153
MXZD00BHNG2585918577,MXZD,BHNG25859185
YUHW00WTNB6259320447,YUHW,WTNB62593204
CEEL00HWID1471086843,CEEL,HWID14710868
AFWB00VLER5689451148,AFWB,VLER56894511
KOWM00ECWB4772895544,KOWM,ECWB47728955
IJGA00CGRS3532539059,IJGA,CGRS35325390
EHPA00RWYD0029398429,EHPA,RWYD00293984
KHNC00LPYZ2946854105,KHNC,LPYZ29468541
XKDD00YZZD6087693558,XKDD,YZZD60876935
IQYP00JIOS1515243507,IQYP,JIOS15152435
AVJS00SWOE0797436714,AVJS,SWOE07974367
MULL00ZBRE8502468768,MULL,ZBRE85024687
UJHN00BXDM2880851225,UJHN,BXDM28808512
UULB00WLGU6312593471,UULB,WLGU63125934
PUPZ00RUTA3991541405,PUPZ,RUTA39915414
WAAA00ASHK1458786239,WAAA,ASHK14587862
TAZN00TPHD7311619358,TAZN,TPHD73116193
XJWP00HSJC3106947606,XJWP,HSJC31069476
HIBG00CJKV2630079026,HIBG,CJKV26300790
KYCP00IERH1810859609,KYCP,IERH18108596
JURE00IEUP9280343274,JURE,IEUP92803432
BZBY00VLJT5975652047,BZBY,VLJT59756520
SYGC00DOPC2998262652,SYGC,DOPC29982626
BVBD00QUSF0754909764,BVBD,QUSF07549097
SSFY00CEZL1545624577,SSFY,CEZL15456245
BKLN00NRWE6533207272,BKLN,NRWE65332072
ZOZL00KHDF4812708941,ZOZL,KHDF48127089
JLZP00TGLC9736512905,JLZP,TGLC97365129
KUCI00DTVJ4781653417,KUCI,DTVJ47816534
BIJP00BQTX8412921648,BIJP,BQTX84129216
KMRW00XGSN6275328639,KMRW,XGSN62753286
MHWU00CCXQ8184374771,MHWU,CCXQ81843747
ABRW00MKZM6420044922,ABRW,MKZM64200449
KKQP00QJNS7486280515,KKQP,QJNS74862805
TOMQ00ZVLY9500661279,TOMQ,ZVLY95006612
EEAO00RIJY0565911096,EEAO,RIJY05659110
EYAL00SPRQ2833741729,EYAL,SPRQ28337417
IWQG00KKZD5100428145,IWQG,KKZD51004281
FLOM00AENH4678065633,FLOM,AENH46780656
AVUN00EOCB7458211078,AVUN,EOCB74582110
TFYA00KPSW6496279132,TFYA,KPSW64962791
VPFE00MZTK2129690109,VPFE,MZTK21296901
JEMH00YSHP3912396082,JEMH,YSHP39123960
TBWL00SEXT0009901079,TBWL,SEXT00099010
SFLK00YWWD0481867455,SFLK,YWWD04818674
PJLP00XKPM9274564216,PJLP,XKPM92745642
UCPB00NGAE2252934295,UCPB,NGAE22529342
XEEM00RUNY0673593976,XEEM,RUNY06735939
DGGN00ADAC7797290907,DGGN,ADAC77972909
AUOQ00SNVM4691066888,AUOQ,SNVM46910668
INWD00TEVC0000729461,INWD,TEVC00007294
LCGI00CQSK3866445893,LCGI,CQSK38664458
DPGQ00VHVC9439127006,DPGQ,VHVC94391270
JADC00TIKT4669958154,JADC,TIKT46699581
FSGW00SGVO7667314523,FSGW,SGVO76673145
ZKBU00XUKE2195063157,ZKBU,XUKE21950631
YCHO00UQMJ4585669772,YCHO,UQMJ45856697
GQWB00UAWO1183718452,GQWB,UAWO11837184
VIKI00SAPX5428129464,VIKI,SAPX54281294
MTXG00SEKE3857370781,MTXG,SEKE38573707
GLYX00CTBL6102913524,GLYX,CTBL61029135
DEQT00IUGI6012479454,DEQT,IUGI60124794
GBQT00UUMM9063857883,GBQT,UUMM90638578
WCGZ00KXDH5867595857,WCGZ,KXDH58675958
HZTB00AWRJ0197782357,HZTB,AWRJ01977823
ODXZ00JYAC2794621653,ODXZ,JYAC27946216
YWSZ00PQHP8190553441,YWSZ,PQHP81905534
HZQX00SSJH1415030995,HZQX,SSJH14150309
MYFK00THBY4338674404,MYFK,THBY43386744
UEKM00QFNO4981101717,UEKM,QFNO49811017
WIIQ00EQUK5279714553,WIIQ,EQUK52797145
VWUM00SOXJ8338776637,VWUM,SOXJ83387766
YWII00SUAS6458832167,YWII,SUAS64588321
CVJL00DTYK8423905027,CVJL,DTYK84239050
WAXM00NGIL4469623779,WAXM,NGIL44696237
NSOZ00SSJQ7534686398,NSOZ,SSJQ75346863
FSYW00RNUI9470778460,FSYW,RNUI94707784
ZBRZ00JIXM6611355480,ZBRZ,JIXM66113554
YRBG00GRCM1675728749,YRBG,GRCM16757287
MSAC00AVBW8090217833,MSAC,AVBW80902178
YHMR00SJPL5264574240,YHMR,SJPL52645742
HVLF00WISS8103148077,HVLF,WISS81031480
WTBO00WXMA5756445851,WTBO,WXMA57564458
NNMS00GLTN0957182698,NNMS,GLTN09571826
QQHY00IYFJ0935351136,QQHY,IYFJ09353511
QBJR00UYTS3918624734,QBJR,UYTS39186247
ADTB00GZDV6719832654,ADTB,GZDV67198326
HMLB00YJKB7528289106,HMLB,YJKB75282891
UBHZ00UWJK5719191260,UBHZ,UWJK57191912
CHZL00ADMU6707864883,CHZL,ADMU67078648
MTHR00BPGS9994044711,MTHR,BPGS99940447
FEIV00IZEP3101814488,FEIV,IZEP31018144
UBDP00IEQK3864234114,UBDP,IEQK38642341
GFFX00YDJS2820975711,GFFX,YDJS28209757
WZNP00WTKS3958152146,WZNP,WTKS39581521
RQVW00WSGE5891727245,RQVW,WSGE58917272
YIAC00QPTP3467997424,YIAC,QPTP34679974
HDOM00ZDLO7603077218,HDOM,ZDLO76030772
VIQX00DVKZ8924740732,VIQX,DVKZ89247407
BWEJ00NUAE4294778065,BWEJ,NUAE42947780
QSVU00YHFZ1109957619,QSVU,YHFZ11099576
NPUI00AONZ5483297093,NPUI,AONZ54832970
YMND00ZKFU5734804147,YMND,ZKFU57348041
SQDN00WXVS8204544083,SQDN,WXVS82045440
NLWJ00NQQD4012187914,NLWJ,NQQD40121879
RCYH00OKDG0186894022,RCYH,OKDG01868940
MSNZ00SESG1799559035,MSNZ,SESG17995590
YMID00NCOE3917397963,YMID,NCOE39173979
JPVO00RPKQ6394525102,JPVO,RPKQ63945251
ENIW00GBVS3318313223,ENIW,GBVS33183132
DORO00JHFV2592323686,DORO,JHFV25923236
BGIL00FEZQ6756488563,BGIL,FEZQ67564885
WMIO00FZXN2962636539,WMIO,FZXN29626365
AFXI00EPWV2695139704,AFXI,EPWV26951397
RGBE00YEYQ5034087531,RGBE,YEYQ50340875
XYCE00FPZF0735230287,XYCE,FPZF07352302
HGYA00CMML1809403107,HGYA,CMML18094031
SCWF00OIOT2404301660,SCWF,OIOT24043016
LNOX00KDVE6322134716,LNOX,KDVE63221347
QDYZ00ZVAK9541151052,QDYZ,ZVAK95411510
IZEW00EFLN9661092807,IZEW,EFLN96610928
LYQG00UXFO0651124742,LYQG,UXFO06511247
ZZWN00JCNY7346202314,ZZWN,JCNY73462023
AHGQ00LYDN4299455612,AHGQ,LYDN42994556
QFWO00FMHG1995382571,QFWO,FMHG19953825
XTEF00JQIO0190812812,XTEF,JQIO01908128
RQIR00TIIP9933486376,RQIR,TIIP99334863
TOIZ00YXUN3571027487,TOIZ,YXUN35710274
INKZ00RZFC2224646578,INKZ,RZFC22246465
DVRI00DKSN0571943243,DVRI,DKSN05719432
CQKO00LQDS2148907579,CQKO,LQDS21489075
KAAM00RKHP9556968279,KAAM,RKHP95569682
YDEW00IZHC6490188030,YDEW,IZHC64901880
EZFS00TYZV4048449882,EZFS,TYZV40484498
ZKTJ00LTOI6227440920,ZKTJ,LTOI62274409
ZDEJ00WUVP0340515727,ZDEJ,WUVP03405157
AGSD00AHBB5468980332,AGSD,AHBB54689803
AGTN00FEKF4539645448,AGTN,FEKF45396454
NTNC00TBEV8566108495,NTNC,TBEV85661084
SDZD00GIPY8659891803,SDZD,GIPY86598918
WHYQ00GDLO2840220337,WHYQ,GDLO28402203
AUNP00EFNT7700565018,AUNP,EFNT77005650
ZMVM00AYXL8112634060,ZMVM,AYXL81126340
JCKU00JIHM3374611965,JCKU,JIHM33746119
RMKR00KXKF0292830603,RMKR,KXKF02928306
CYQR00QGIN5160523055,CYQR,QGIN51605230
LUJH00PDWY2648032649,LUJH,PDWY26480326
EAVD00XDYH7611164822,EAVD,XDYH76111648
VAJJ00CQQC8263167696,VAJJ,CQQC82631676
OAGJ00XWRL6140817420,OAGJ,XWRL61408174
DRTP00WVJF8950091247,DRTP,WVJF89500912
EBWI00PHBF4326361575,EBWI,PHBF43263615
NCSL00UXGU8720854234,NCSL,UXGU87208542
ZFXC00KRTV0461609473,ZFXC,KRTV04616094
IAPC00GLPQ8580877373,IAPC,GLPQ85808773
EHPP00IXRQ8758041977,EHPP,IXRQ87580419
PAGA00RHSN0971754249,PAGA,RHSN09717542
XBHB00KJFZ8475091733,XBHB,KJFZ84750917
IQJT00VLSO8821837038,IQJT,VLSO88218370
KCVK00YIEW7669672082,KCVK,YIEW76696720
LTGA00TUJY2070954203,LTGA,TUJY20709542
VQXK00VOJW0613432904,VQXK,VOJW06134329
GZIL00PHTD0539316373,GZIL,PHTD05393163
IFFT00OTVN6400666462,IFFT,OTVN64006664
BEAI00DGTA4643648941,BEAI,DGTA46436489
VDLO00LADC3752278153,VDLO,LADC37522781
ENNR00LCPW7527615691,ENNR,LCPW75276156
LABR00OUHW8462434594,LABR,OUHW84624345
WOTJ00WNFK0413361581,WOTJ,WNFK04133615
RJNE00HUUF5225274175,RJNE,HUUF52252741
FWUV00DECA5861957177,FWUV,DECA58619571
SMNN00MCJR6714634469,SMNN,MCJR67146344
MYSY00KHQM3816408575,MYSY,KHQM38164085
VPSU00TRFX3071704363,VPSU,TRFX30717043
QHJR00KMZN5027923887,QHJR,KMZN50279238
GAMB00GAQK6031373672,GAMB,GAQK60313736
SZHA00DBCV6497892544,SZHA,DBCV64978925
NUMP00RMKA0054714338,NUMP,RMKA00547143
CMRG00YARQ1629222759,CMRG,YARQ16292227
VCYV00WBIN1797785426,VCYV,WBIN17977854
CNIB00ZSSM0433601471,CNIB,ZSSM04336014
HUQT00NDHO0871476825,HUQT,NDHO08714768
BGVJ00EAAF9183088328,BGVJ,EAAF91830883
NFFI00HQFB0692981414,NFFI,HQFB06929814
NERL00NJRH0555888714,NERL,NJRH05558887
YCJK00GWWQ0991317067,YCJK,GWWQ09913170
TOXK00XMUX2938463717,TOXK,XMUX29384637
PZKG00GOBI9052745448,PZKG,GOBI90527454
UKGZ00QGZX1522462668,UKGZ,QGZX15224626
GLOF00WSLJ0681388529,GLOF,WSLJ06813885
CAMI00WAEW9238101028,CAMI,WAEW92381010
LRGH00MELM0790149861,LRGH,MELM07901498
ZFVE00IVJP8793005170,ZFVE,IVJP87930051
WZKK00PSZZ8319528254,WZKK,PSZZ83195282
YCXM00HRYT3307195310,YCXM,HRYT33071953
QQNP00TIPC8773239936,QQNP,TIPC87732399
FSWR00ZPUW6982616522,FSWR,ZPUW69826165
GALR00QABW3265397962,GALR,QABW32653979
HGWI00QYKT6344319557,HGWI,QYKT63443195
APIX00AXEA6586560670,APIX,AXEA65865606
SHOK00RQKW0146495195,SHOK,RQKW01464951
QAOP00TAGA0827249918,QAOP,TAGA08272499
PODG00IZXQ0778801389,PODG,IZXQ07788013
CCAZ00UJNY7648826786,CCAZ,UJNY76488267
QKIR00MFRS9463082928,QKIR,MFRS94630829
JKEW00SDJE6043395066,JKEW,SDJE60433950
AWWO00CSIY4162881715,AWWO,CSIY41628817
MCSR00GHGE1429167574,MCSR,GHGE14291675
LZEY00USYW6245465462,LZEY,USYW62454654
WQDO00GGES9121848178,WQDO,GGES91218481
JMKP00IGVN2176496390,JMKP,IGVN21764963
RUKD00PNZV8634656663,RUKD,PNZV86346566
BRXF00QLLX9015502063,BRXF,QLLX90155020
TJQM00ZKJS3425943539,TJQM,ZKJS34259435
GZLS00WGFT4226590387,GZLS,WGFT42265903
MCCO00FPFU5494548259,MCCO,FPFU54945482
CCMF00YUFY3436388921,CCMF,YUFY34363889
QARV00JZDM8730659270,QARV,JZDM87306592
ZNAW00TZYK6371782666,ZNAW,TZYK63717826
YKQI00VDUC0119843111,YKQI,VDUC01198431
DZVV00YBFR0182621062,DZVV,YBFR01826210
VUMA00LKRT3548273075,VUMA,LKRT35482730
TIIK00WLWA9668164276,TIIK,WLWA96681642
YAST00KTOM1670854319,YAST,KTOM16708543
ZNAC00UDZK5872974320,ZNAC,UDZK58729743
EFPC00EDJV3526031961,EFPC,EDJV35260319
QTWX00OINA7293271804,QTWX,OINA72932718
AHUR00RNKQ8934566438,AHUR,RNKQ89345664
HBZI00NMQH2410722647,HBZI,NMQH24107226
TCDU00HKTM5420191286,TCDU,HKTM54201912
WTAL00DWHP7432505573,WTAL,DWHP74325055
ZIVU00IKAP1788889920,ZIVU,IKAP17888899
RWSA00OLBR6010395167,RWSA,OLBR60103951
NLVC00KHGY5675674176,NLVC,KHGY56756741
SLNV00PPFU9037334222,SLNV,PPFU90373342
UKLZ00DASK6789690948,UKLZ,DASK67896909
CROE00YWZY9890070059,CROE,YWZY98900700
ECOG00NTMQ9349729703,ECOG,NTMQ93497297
REGK00RMKG9154117243,REGK,RMKG91541172
GLEA00YLWM6579575350,GLEA,YLWM65795753
UAVR00PJOU3686196279,UAVR,PJOU36861962
LLYD00LAVF5479115623,LLYD,LAVF54791156
NKMR00ABJZ7333157837,NKMR,ABJZ73331578
DYNR00OAAV2101703239,DYNR,OAAV21017032
DDBI00GPLH2245617718,DDBI,GPLH22456177
AUFO00LXRU6935803529,AUFO,LXRU69358035
GMUJ00RUDL2169554564,GMUJ,RUDL21695545
YDPE00OYII5522432792,YDPE,OYII55224327
XNXU00XJHV5649941317,XNXU,XJHV56499413
OMYY00QVLX7063482569,OMYY,QVLX70634825
YYTZ00NGUM3556064719,YYTZ,NGUM35560647
BJFQ00KTGY7422139913,BJFQ,KTGY74221399
DQLM00WTGM0472749882,DQLM,WTGM04727498
PRDX00BULP3113697874,PRDX,BULP31136978
BLTQ00LBVZ7772849796,BLTQ,LBVZ77728497
RFPR00QLVD6723008151,RFPR,QLVD67230081
RBSH00LSMD7454255635,RBSH,LSMD74542556
RHQD00BHPA5868662329,RHQD,BHPA58686623
KOXS00UMYV5398030804,KOXS,UMYV53980308
QTOL00RGQH8082166129,QTOL,RGQH80821661
BBNP00LJQH7547965416,BBNP,LJQH75479654
VVZK00TODJ7601857031,VVZK,TODJ76018570
MXEX00GGUW9980691463,MXEX,GGUW99806914
QSAB00VDCN2683844449,QSAB,VDCN26838444
HOTN00BEWB8675465388,HOTN,BEWB86754653
KEHC00TJSD3682403964,KEHC,TJSD36824039
KWBP00CRMR4126622774,KWBP,CRMR41266227
TXDI00BBMX5628884710,TXDI,BBMX56288847
VJFP00ACCO7429497184,VJFP,ACCO74294971
FYCA00RLMR3040406082,FYCA,RLMR30404060
DGDW00IUSJ6302967183,DGDW,IUSJ63029671
KCCE00KWBT2335283548,KCCE,KWBT23352835
UQFX00THZJ6705622625,UQFX,THZJ67056226
JASE00LSWN3679621728,JASE,LSWN36796217
QTAV00ZGIH5124264822,QTAV,ZGIH51242648
UKXV00SWUQ3803667416,UKXV,SWUQ38036674
AOZY00PRYI7124834620,AOZY,PRYI71248346
BEDJ00JYHJ0336311895,BEDJ,JYHJ03363118
TKWS00HEFB4427199907,TKWS,HEFB44271999
QMUZ00UUOL7821798707,QMUZ,UUOL78217987
HCVQ00EGRB3636861796,HCVQ,EGRB36368617
AQUR00DOPI4432161079,AQUR,DOPI44321610
RHHV00ZSFI2493716549,RHHV,ZSFI24937165
SVQC00AJGQ5620656969,SVQC,AJGQ56206569
EKWD00AAZJ1133786881,EKWD,AAZJ11337868
POIQ00WQJK1919385822,POIQ,WQJK19193858
TNAO00ZDGQ8083698066,TNAO,ZDGQ80836980
OPNT00ZWTE3601473461,OPNT,ZWTE36014734
YYDS00WRCT3057366997,YYDS,WRCT30573669
OSOF00JBSY5191727649,OSOF,JBSY51917276
VPEE00BTAK0033980021,VPEE,BTAK00339800
EDMA00BDFI1288359464,EDMA,BDFI12883594
BXDH00JKVY7971092623,BXDH,JKVY79710926
GJQI00FSYO4211785437,GJQI,FSYO42117854
ZLEA00HEWG4549857882,ZLEA,HEWG45498578
HZDG00JHAK3670337355,HZDG,JHAK36703373
PBHQ00RAXI5978912941,PBHQ,RAXI59789129
BNWA00VSVV3071966835,BNWA,VSVV30719668
NNMJ00EWET7911612708,NNMJ,EWET79116127
RRWS00CZDC8267034096,RRWS,CZDC82670340
YTXC00IOEF8415953457,YTXC,IOEF84159534
CGIG00SION8271908033,CGIG,SION82719080
QBRH00JHOL5603836861,QBRH,JHOL56038368
VMHY00ZJBO7789192497,VMHY,ZJBO77891924
ZVFZ00PVLL1786243680,ZVFZ,PVLL17862436
DTUP00ZZFA0078161107,DTUP,ZZFA00781611
AKSO00EEOE2521394529,AKSO,EEOE25213945
ZNFX00VXGT2737065354,ZNFX,VXGT27370653
TCMW00CLZB3093077118,TCMW,CLZB30930771
QIJX00SIHC2973247346,QIJX,SIHC29732473
PPWN00UEOV5781562516,PPWN,UEOV57815625
ZSKX00ISZZ1218308909,ZSKX,ISZZ12183089
EEJO00FKQU1645941850,EEJO,FKQU16459418
AAXV00DMEP3927569486,AAXV,DMEP39275694
YIMJ00HBRP5051291280,YIMJ,HBRP50512912
CGHH00HZIG6382109013,CGHH,HZIG63821090
AEVD00OCME5045286405,AEVD,OCME50452864
WOAA00LTHU1798239829,WOAA,LTHU17982398
XIDN00YDSI4699921942,XIDN,YDSI46999219
PPGN00SJSB9248329393,PPGN,SJSB92483293
HSTG00RQTB7768947129,HSTG,RQTB77689471
BOWQ00JZUA0527508343,BOWQ,JZUA05275083
TPKG00FUQS7996563473,TPKG,FUQS79965634
VOVZ00AYHV6016083155,VOVZ,AYHV60160831
WWTH00QRPF2984223036,WWTH,QRPF29842230
RPZA00UWOO4332358855,RPZA,UWOO43323588
WMFV00OXCO6882702987,WMFV,OXCO68827029
GPNL00UXSR7714283760,GPNL,UXSR77142837
KNXA00NDKD7437024059,KNXA,NDKD74370240
LWKE00STLG8477926509,LWKE,STLG84779265
JKXT00VQMX4242495219,JKXT,VQMX42424952
DGXP00UWWB9480281561,DGXP,UWWB94802815
PBPW00HTIX0549356525,PBPW,HTIX05493565
WQOB00PDHP2559860239,WQOB,PDHP25598602
WOIE00FAVC6869859417,WOIE,FAVC68698594
IVCQ00TNRU6452544513,IVCQ,TNRU64525445
RHWH00UYGL7166865039,RHWH,UYGL71668650
FFHQ00OZIG4895399574,FFHQ,OZIG48953995
NXLC00MDVI9497113487,NXLC,MDVI94971134
WEQG00KZBK4028535764,WEQG,KZBK40285357
ZRUI00YUVW6176318384,ZRUI,YUVW61763183
JYVA00GWSE3368974504,JYVA,GWSE33689745
YACV00OPCF9692180561,YACV,OPCF96921805
SXQB00ISPB2915852429,SXQB,ISPB29158524
HWXM00IFMF7959200282,HWXM,IFMF79592002
GYPD00DHRG8556033777,GYPD,DHRG85560337
JBLS00UURY5362419794,JBLS,UURY53624197
WEYV00OJEC8085203157,WEYV,OJEC80852031
AJCY00XCTW6875161507,AJCY,XCTW68751615
UZBM00LRSB3772012209,UZBM,LRSB37720122
JGZO00VYLN0026399971,JGZO,VYLN00263999
BAOO00BTJG1000671862,BAOO,BTJG10006718
ZBXQ00SSQW4726221936,ZBXQ,SSQW47262219
CUIT00CIAS0253136313,CUIT,CIAS02531363
QJKX00IGCE3491569952,QJKX,IGCE34915699
EPHT00ISDT5894686396,EPHT,ISDT58946863
PEUD00MSRZ1636485421,PEUD,MSRZ16364854
SXTZ00BWWM2847771358,SXTZ,BWWM28477713
ITBN00DPWP1676308662,ITBN,DPWP16763086
ZAVM00PLOH6401790590,ZAVM,PLOH64017905
MEWW00HMVO2762999588,MEWW,HMVO27629995
WCIB00WUXF8722122548,WCIB,WUXF87221225
NMGQ00OCOM6639509212,NMGQ,OCOM66395092
JNAD00QDXQ9876127355,JNAD,QDXQ98761273
FYXV00XVLH2541437796,FYXV,XVLH25414377
SZTM00FOBO5330395165,SZTM,FOBO53303951
EMZC00JINR3154450088,EMZC,JINR31544500
PPWM00VBES6612485994,PPWM,VBES66124859
XYDY00QYNU3948636912,XYDY,QYNU39486369
LTRS00ANUR3096348910,LTRS,ANUR30963489
HTJG00RGYG4545901955,HTJG,RGYG45459019
VIDV00JJDC2510621630,VIDV,JJDC25106216
IHJS00FGCF2707487285,IHJS,FGCF27074872
IEGT00OCAT5954859952,IEGT,OCAT59548599
ZVSI00XXSN1725816620,ZVSI,XXSN17258166
JVAR00ADJX8473035177,JVAR,ADJX84730351
WZMA00HZDH6477366308,WZMA,HZDH64773663
CRES00OVZR9832508078,CRES,OVZR98325080
NQGL00YVGP0662575483,NQGL,YVGP06625754
JEUG00JFVD7208445337,JEUG,JFVD72084453
VDHP00NOPW0154662328,VDHP,NOPW01546623
UDJJ00MKVD3735370346,UDJJ,MKVD37353703
LYTN00YCZV3250288342,LYTN,YCZV32502883
MSYP00QLJW6921115744,MSYP,QLJW69211157
XSPZ00GUAL6943312734,XSPZ,GUAL69433127
TIPB00OEYD4657991703,TIPB,OEYD46579917
IZJD00AXXC5864554624,IZJD,AXXC58645546
TUOQ00RIFE7022844707,TUOQ,RIFE70228447
HUOB00PEWH2458749133,HUOB,PEWH24587491
DGRO00CFAB0615507863,DGRO,CFAB06155078
QIAJ00OLRW6055191536,QIAJ,OLRW60551915
IMKR00UBJP2485506870,IMKR,UBJP24855068
NZBN00IGLG8048496168,NZBN,IGLG80484961
SGNY00NLID0883069973,SGNY,NLID08830699
HHAE00ICZD5771204795,HHAE,ICZD57712047
FZKN00LFDT5650617118,FZKN,LFDT56506171
DXBY00UQPA0496111408,DXBY,UQPA04961114
CQHO00ARCE6196455664,CQHO,ARCE61964556
PBQF00BMEO2182957368,PBQF,BMEO21829573
NYRZ00DWEF0858795561,NYRZ,DWEF08587955
UVEX00SMRM9326223698,UVEX,SMRM93262236
KCDW00JGLS2593692705,KCDW,JGLS25936927
SFDZ00DMUB7713010719,SFDZ,DMUB77130107
TJZM00UOPA4807864291,TJZM,UOPA48078642
TTOC00IKVM8961651382,TTOC,IKVM89616513
HVPH00RGCA2052706447,HVPH,RGCA20527064
OGFQ00FFPL5450777091,OGFQ,FFPL54507770
NWUH00OBCZ9898404884,NWUH,OBCZ98984048
VKGY00DCZQ8917976774,VKGY,DCZQ89179767
YTJJ00BJDO8385653617,YTJJ,BJDO83856536
MOKG00FGFV7933003623,MOKG,FGFV79330036
WUFV00ERVZ9981641346,WUFV,ERVZ99816413
SQSZ00TQJF3543664459,SQSZ,TQJF35436644
CEVI00DSNF3918636630,CEVI,DSNF39186366
SAWX00MHEK2380528563,SAWX,MHEK23805285
MQTP00OGSW3655296484,MQTP,OGSW36552964
CBXQ00VELT9095963119,CBXQ,VELT90959631
DSQJ00PUKC1188974150,DSQJ,PUKC11889741
JGPN00CGTP4919847549,JGPN,CGTP49198475
FRGN00MMJM7899204595,FRGN,MMJM78992045
PUMN00PWWU8933740132,PUMN,PWWU89337401
SLZG00IGWO9026480684,SLZG,IGWO90264806
QWEM00WXQV7324697683,QWEM,WXQV73246976
DBPA00WFAT7308930884,DBPA,WFAT73089308
EBDE00USWE3711375210,EBDE,USWE37113752
HIPU00WQUB9337228532,HIPU,WQUB93372285
ZMON00EPGA5962653284,ZMON,EPGA59626532
EQVB00WNXU4414580966,EQVB,WNXU44145809
IEIL00YEDQ8234503996,IEIL,YEDQ82345039
FTPD00CGTD9380973755,FTPD,CGTD93809737
UFXV00BBML6033307753,UFXV,BBML60333077
VLHF00AKLD1571721505,VLHF,AKLD15717215
NCRS00CMDC8686621881,NCRS,CMDC86866218
NUGU00MSXZ1194598331,NUGU,MSXZ11945983
YTON00GSAX1661131972,YTON,GSAX16611319
AUHR00ASKM2391595412,AUHR,ASKM23915954
YUSH00ISEA3753226904,YUSH,ISEA37532269
XGXP00XRZP1077296963,XGXP,XRZP10772969
VWZM00UBBS0157097590,VWZM,UBBS01570975
XRVM00QXKO4713743223,XRVM,QXKO47137432
ZRVA00SYFE9395283730,ZRVA,SYFE93952837
SOMY00FETS1693596130,SOMY,FETS16935961
ZLRC00HSDT3988558043,ZLRC,HSDT39885580
HIEY00LCXP7323617355,HIEY,LCXP73236173
KAVN00KHTN9151945242,KAVN,KHTN91519452
MWMN00ODEE2319081192,MWMN,ODEE23190811
TUWD00QKWI9863682590,TUWD,QKWI98636825
SHUL00JOWW3423726595,SHUL,JOWW34237265
CNFU00HZLZ4185256231,CNFU,HZLZ41852562
LZYP00SBKW4262093503,LZYP,SBKW42620935
PKNU00SLAG1239670131,PKNU,SLAG12396701
RVPC00LXGG3980496283,RVPC,LXGG39804962
RFZD00NDYG6152006417,RFZD,NDYG61520064
LHOK00SQLE7408601390,LHOK,SQLE74086013
WENM00UZPZ2264533153,WENM,UZPZ22645331
KIYM00ABZO3522204812,KIYM,ABZO35222048
NLFH00ONTK8409931797,NLFH,ONTK84099317
SIHI00BJLN3086785348,SIHI,BJLN30867853
BYVL00NDBH1639071308,BYVL,NDBH16390713
VIZD00NBAR1771607891,VIZD,NBAR17716078
DWOX00MUGJ8957543550,DWOX,MUGJ89575435
LLEP00HCJL9989980609,LLEP,HCJL99899806
WFBC00UHUE5333263634,WFBC,UHUE53332636
PNFK00APDD0087248396,PNFK,APDD00872483
VASF00TUYC1862781244,VASF,TUYC18627812
UNHZ00NRRD8607333022,UNHZ,NRRD86073330
GOKE00CIQS5249636275,GOKE,CIQS52496362
VJOE00NBVY5943280387,VJOE,NBVY59432803
WMBG00JKIZ2185134022,WMBG,JKIZ21851340
WVNW00YSGE4141152368,WVNW,YSGE41411523
MWJR00SHFR2860061244,MWJR,SHFR28600612
OJCG00JLWR5839771002,OJCG,JLWR58397710
VMSV00RTOK6044931939,VMSV,RTOK60449319
SWWG00CTUJ1835438021,SWWG,CTUJ18354380
OYRX00SQVQ7096907131,OYRX,SQVQ70969071
BUXR00XAPH9403282087,BUXR,XAPH94032820
GNJB00QOXB0900018539,GNJB,QOXB09000185
FHQL00XXEU1563168296,FHQL,XXEU15631682
CZZW00GNQC2595708045,CZZW,GNQC25957080
DHHI00YFYC6359982439,DHHI,YFYC63599824
FNGN00DESG2473753415,FNGN,DESG24737534
LEHG00VEKY9485885508,LEHG,VEKY94858855
XBBY00MKDM4734742731,XBBY,MKDM47347427
FSFC00WSAG3708045062,FSFC,WSAG37080450
LAYW00TPWD7925847832,LAYW,TPWD79258478
MRWA00CSWZ2876996738,MRWA,CSWZ28769967
FXNW00UMJH4105963354,FXNW,UMJH41059633
ZZPK00LZYK2094535268,ZZPK,LZYK20945352
VRSH00TMHZ3090399748,VRSH,TMHZ30903997
UMSJ00KHCB7218406716,UMSJ,KHCB72184067
VYGT00OMQZ6680883577,VYGT,OMQZ66808835
VNOT00UMLA5546554598,VNOT,UMLA55465545
AFOT00QLGO8815686477,AFOT,QLGO88156864
OKQH00RRAN6795548943,OKQH,RRAN67955489
QGSF00MVVL9328921188,QGSF,MVVL93289211
CGKI00OFCR0044212381,CGKI,OFCR00442123
OULL00AKOZ0854623986,OULL,AKOZ08546239
SNJW00AYVM0376855887,SNJW,AYVM03768558
JTCW00GDIV5095272364,JTCW,GDIV50952723
DFCW00ZNPU3624450697,DFCW,ZNPU36244506
TDAK00OTRH2264808513,TDAK,OTRH22648085
WHYW00VPCK5687535930,WHYW,VPCK56875359
OCJF00WQGV5825210773,OCJF,WQGV58252107
XPRN00DMAF0735571545,XPRN,DMAF07355715
ECZQ00JCLM1279657565,ECZQ,JCLM12796575
HQWN00SNLV1951477619,HQWN,SNLV19514776
QNHZ00KWBM0757012846,QNHZ,KWBM07570128
WZXG00ZVYN9817406057,WZXG,ZVYN98174060
XQRV00SZON7826522897,XQRV,SZON78265228
EMBT00EJVH7215333939,EMBT,EJVH72153339
XJCP00JKVT3137264420,XJCP,JKVT31372644
PEFQ00TBPL8858490538,PEFQ,TBPL88584905
QMIZ00MSQH9933829011,QMIZ,MSQH99338290
QBEN00WQCL8135866447,QBEN,WQCL81358664
VMAJ00HPIR8301445636,VMAJ,HPIR83014456
SSIV00FGWQ0173950050,SSIV,FGWQ01739500
HKXS00MVXR3530397051,HKXS,MVXR35303970
KWDB00FWSQ4565762220,KWDB,FWSQ45657622
OAXW00MXEU8923128121,OAXW,MXEU89231281
QHHB00RSXL5901604909,QHHB,RSXL59016049
BTXI00SYNO5339427038,BTXI,SYNO53394270
INYK00XXYB2138871869,INYK,XXYB21388718
JAAB00HXHW8029865885,JAAB,HXHW80298658
XNOW00LXBI4744931753,XNOW,LXBI47449317
LCRV00FKGN8407207508,LCRV,FKGN84072075
RBAJ00CQDL7851403082,RBAJ,CQDL78514030
KYMG00SCKZ0352993881,KYMG,SCKZ03529938
NDXW00ASEN6120638259,NDXW,ASEN61206382
JPRQ00HFDV6205783323,JPRQ,HFDV62057833
GWQI00RRGC0374591650,GWQI,RRGC03745916
TOQC00MDSW5594752002,TOQC,MDSW55947520
FSVG00NSJV0941988251,FSVG,NSJV09419882
EUQL00HMZB3834356005,EUQL,HMZB38343560
NDCK00HYFX7255675720,NDCK,HYFX72556757
OSAU00ADVO7989939076,OSAU,ADVO79899390
KBAO00DHPN6663647545,KBAO,DHPN66636475
JWYJ00DXGR7033439242,JWYJ,DXGR70334392
YPZJ00AUTX9518493609,YPZJ,AUTX95184936
XHHQ00NJGA7453738892,XHHQ,NJGA74537388
FWXK00PDYU2789576164,FWXK,PDYU27895761
GPOH00SCFF0410603893,GPOH,SCFF04106038
GTQZ00HRHS3453946891,GTQZ,HRHS34539468
MALF00PEXO8180046548,MALF,PEXO81800465
WBEL00QLAU1943728143,WBEL,QLAU19437281
RSTN00LSFK3516035668,RSTN,LSFK35160356
AEZR00JUQL5220137266,AEZR,JUQL52201372
CMSL00UPDF2285610809,CMSL,UPDF22856108
NDGH00QWKB4574809324,NDGH,QWKB45748093
GSMS00RACO8445914109,GSMS,RACO84459141
VYMA00WTTR5354379895,VYMA,WTTR53543798
LJFA00BELX9822274712,LJFA,BELX98222747
XLPU00IBLF3925567233,XLPU,IBLF39255672
YIXU00OGFO7938412702,YIXU,OGFO79384127
RECU00BESG1495136533,RECU,BESG14951365
QURF00PWGQ6189200858,QURF,PWGQ61892008
HCWT00FOWX0187752556,HCWT,FOWX01877525
WODU00VJSN1836859808,WODU,VJSN18368598
ILMO00HRIN3692351926,ILMO,HRIN36923519
FJJA00MQUT5637735130,FJJA,MQUT56377351
TOGX00HFNQ8454898220,TOGX,HFNQ84548982
DDOI00GDGN4771892678,DDOI,GDGN47718926
HGGI00BNSP8158398388,HGGI,BNSP81583983
WAIJ00TIGY0277848674,WAIJ,TIGY02778486
LVRG00ZMIE9529988836,LVRG,ZMIE95299888
FDTK00GQRX8791994506,FDTK,GQRX87919945
HFCH00HJIN6391031235,HFCH,HJIN63910312
VHTD00QMYP6470215920,VHTD,QMYP64702159
JBFF00YWHM9969985356,JBFF,YWHM99699853
UWXF00DKCX2291178683,UWXF,DKCX22911786
ZMII00DKXC7300111973,ZMII,DKXC73001119
QZJY00FEEW4763685960,QZJY,FEEW47636859
RLOP00GYLI1158075960,RLOP,GYLI11580759
GJJW00UMQP6015392047,GJJW,UMQP60153920
TGLD00KBNS5689228905,TGLD,KBNS56892289
WVRI00PYIU3292473262,WVRI,PYIU32924732
JIBX00FNXY0492667948,JIBX,FNXY04926679
CUBD00SHSI0661627654,CUBD,SHSI06616276
MJYA00PZEI3449584867,MJYA,PZEI34495848
KBCC00OJRJ1128245291,KBCC,OJRJ11282452
XCTF00AQFI5862515197,XCTF,AQFI58625151
VAOV00PZYW5516957359,VAOV,PZYW55169573
ZMDE00KNZH1893321073,ZMDE,KNZH18933210
HCVB00BNJW3585422977,HCVB,BNJW35854229
VUXP00ODNO2589965588,VUXP,ODNO25899655
BWNX00BDQG6174463256,BWNX,BDQG61744632
IVUO00NDVS0673512668,IVUO,NDVS06735126
FJSC00TLKN2079476818,FJSC,TLKN20794768
APQI00QGLT6819098972,APQI,QGLT68190989
XZGD00BDQJ7021071107,XZGD,BDQJ70210711
GCFI00HGUR5171373561,GCFI,HGUR51713735
GMVH00MCRY7486166031,GMVH,MCRY74861660
FAEN00RIZB5145168854,FAEN,RIZB51451688
WHRP00IKLX2045860168,WHRP,IKLX20458601
UARB00TMAA5425431130,UARB,TMAA54254311
ZWFX00ZOGD4458826362,ZWFX,ZOGD44588263
TJYA00NFJJ4307567607,TJYA,NFJJ43075676
IDAY00YDKM2554795388,IDAY,YDKM25547953
IYCD00SFRC6639011063,IYCD,SFRC66390110
AYTA00ALFO3549117073,AYTA,ALFO35491170
GYBK00WCSN3962269644,GYBK,WCSN39622696
NVGE00FYKN2877006220,NVGE,FYKN28770062
FIRL00YIHF9233914770,FIRL,YIHF92339147
HBGD00ADPR4085362982,HBGD,ADPR40853629
YNUY00PMZT1878999741,YNUY,PMZT18789997
UFZI00VIXH0694183314,UFZI,VIXH06941833
HTUO00BWTU0825074215,HTUO,BWTU08250742
OKQU00OPNO5752057768,OKQU,OPNO57520577
WOUI00BAXP5771319174,WOUI,BAXP57713191
KMPM00YBCD3415036816,KMPM,YBCD34150368
USDT00WVNY1992625524,USDT,WVNY19926255
YVOD00QHWR2351113855,YVOD,QHWR23511138
NKTZ00NSUR6581909807,NKTZ,NSUR65819098
IHWP00BQEN9725796275,IHWP,BQEN97257962
LEXP00LZRW9942949840,LEXP,LZRW99429498
JJFT00OTJK8010266739,JJFT,OTJK80102667
IJJI00ZDIE2266010724,IJJI,ZDIE22660107
DCKC00BRTO2894203311,DCKC,BRTO28942033
WYRJ00TNLW0961268268,WYRJ,TNLW09612682
ZQKQ00WHLN0036090966,ZQKQ,WHLN00360909
ASTL00WNOA8680868282,ASTL,WNOA86808682
DLZT00ZWKW5774218274,DLZT,ZWKW57742182
WGMS00FSBH6343068283,WGMS,FSBH63430682
XTYX00JLKG1536683063,XTYX,JLKG15366830
VCYN00LYMX3254496833,VCYN,LYMX32544968
AJPW00EFDR8654331960,AJPW,EFDR86543319
VAJY00AAZC4725946111,VAJY,AAZC47259461
DZOG00KSHO2537731809,DZOG,KSHO25377318
MINE00XURQ0910279240,MINE,XURQ09102792
IJAE00GNCC7914315788,IJAE,GNCC79143157
ITIY00EFWW6417104336,ITIY,EFWW64171043
IPZN00UQJW7090165749,IPZN,UQJW70901657
DJVL00OUOX8436334498,DJVL,OUOX84363344
MLGP00GOXO2532656549,MLGP,GOXO25326565
JSCT00BPBJ3281092649,JSCT,BPBJ32810926
KZFH00FVAE0806175356,KZFH,FVAE08061753
SDRP00JRGB7325947168,SDRP,JRGB73259471
LXRK00GIIM9560255526,LXRK,GIIM95602555
CHXS00FYYT2043742190,CHXS,FYYT20437421
ZZHO00CTOP5493385461,ZZHO,CTOP54933854
BBBC00NUMN0515837374,BBBC,NUMN05158373
NTJJ00ATYD3919611086,NTJJ,ATYD39196110
WPSR00VZPL0515988443,WPSR,VZPL05159884
LCZI00OZAP8335375987,LCZI,OZAP83353759
LZDR00WUSF9839131243,LZDR,WUSF98391312
TFQX00VPZW8581819010,TFQX,VPZW85818190
RCLH00GGHW6670908153,RCLH,GGHW66709081
XECG00ACNX4937042759,XECG,ACNX49370427
EVKZ00QEZZ0338458422,EVKZ,QEZZ03384584
PXSN00BGJQ2113561254,PXSN,BGJQ21135612
YTFP00KJGL6173756771,YTFP,KJGL61737567
LCJC00HCTO1432814412,LCJC,HCTO14328144
RQJD00XERR6300200469,RQJD,XERR63002004
VWOS00LESG4582203517,VWOS,LESG45822035
RGMH00ZJEM8346328864,RGMH,ZJEM83463288
WHHP00BRUL8946847049,WHHP,BRUL89468470
AXLI00EZRS0363471824,AXLI,EZRS03634718
ZWOU00HRTB1598989244,ZWOU,HRTB15989892
TAGK00GVCL9986077044,TAGK,GVCL99860770
FJQU00EECD2767411445,FJQU,EECD27674114
ZPXA00XGXL4691116135,ZPXA,XGXL46911161
YOOW00FGNG9422114017,YOOW,FGNG94221140
VHAV00TSAR9395939961,VHAV,TSAR93959399
KQGS00IJLX3036585285,KQGS,IJLX30365852
ZCFI00OMHL3195386455,ZCFI,OMHL31953864
LJEF00RGJX6512280973,LJEF,RGJX65122809
JAJZ00DYYQ9989152579,JAJZ,DYYQ99891525
IXKA00SRLT5625231657,IXKA,SRLT56252316
OCYO00SXQL1002092091,OCYO,SXQL10020920
DLVE00MDAQ7530576147,DLVE,MDAQ75305761
KZRO00BNOF6742209845,KZRO,BNOF67422098
OAZM00WWHD0001069887,OAZM,WWHD00010698
DZYY00DQXJ7574618384,DZYY,DQXJ75746183
RGGQ00CYFD0460567618,RGGQ,CYFD04605676
LTAZ00WLKK9792753303,LTAZ,WLKK97927533
XDWB00NKXQ8281041137,XDWB,NKXQ82810411
RQQL00XRVW7800851917,RQQL,XRVW78008519
IDUO00DCII0354016940,IDUO,DCII03540169
KHJP00HKKT7931307821,KHJP,HKKT79313078
WCOV00PTAE8737076144,WCOV,PTAE87370761
YMWT00VVKM3986827544,YMWT,VVKM39868275
NBLK00TBBU4457949117,NBLK,TBBU44579491
DLWV00ZGOH6183112125,DLWV,ZGOH61831121
ADSG00NQYF5384054209,ADSG,NQYF53840542
GOWY00AIYB1202690409,GOWY,AIYB12026904
DOBK00GFIB4887590813,DOBK,GFIB48875908
QCVG00MWTT3541309877,QCVG,MWTT35413098
XUBI00ETOP9774195406,XUBI,ETOP97741954
MDBF00EYON1335834849,MDBF,EYON13358348
FEIC00PFVM8574993656,FEIC,PFVM85749936
VFBE00SSQY0110409412,VFBE,SSQY01104094
RVNY00VRJW9725506186,RVNY,VRJW97255061
HJIG00CFHK4551976373,HJIG,CFHK45519763
BFOH00LDBM1879420649,BFOH,LDBM18794206
RJSM00DSWM0083299788,RJSM,DSWM00832997
EZPC00WAGJ5448220072,EZPC,WAGJ54482200
GLJU00CJYA5321515987,GLJU,CJYA53215159
COVO00EDAI5982497627,COVO,EDAI59824976
RJEA00RQEB3826252137,RJEA,RQEB38262521
QQDF00XQTW8463324161,QQDF,XQTW84633241
RDKJ00KHGR4975080425,RDKJ,KHGR49750804
GUQL00NLLQ5407286831,GUQL,NLLQ54072868
CFGO00VAZM1500099952,CFGO,VAZM15000999
ZYQT00CBEP5380832256,ZYQT,CBEP53808322
QSML00LCIE3709251506,QSML,LCIE37092515
NRNA00XIRM5246805502,NRNA,XIRM52468055
CJFF00QXPO8808584324,CJFF,QXPO88085843
LRXO00RTLM7749088937,LRXO,RTLM77490889
VREJ00UMVY0191380609,VREJ,UMVY01913806
VXTS00GCPU1763263014,VXTS,GCPU17632630
KOWZ00NZQX0151653736,KOWZ,NZQX01516537
BVKH00ZLXF0418206590,BVKH,ZLXF04182065
PQWI00SPIF5220469453,PQWI,SPIF52204694
DFWF00ASVB1117994791,DFWF,ASVB11179947
DSRF00BTTG6666205404,DSRF,BTTG66662054
IDNL00CHEI5870559621,IDNL,CHEI58705596
KOGT00TRIO1442264814,KOGT,TRIO14422648
GTCS00JCTV4737866060,GTCS,JCTV47378660
UYWB00TUXQ5192081416,UYWB,TUXQ51920814
BSMO00POBK8341127703,BSMO,POBK83411277
KZYG00YUVN3000153064,KZYG,YUVN30001530
BGJO00LTDO6227082914,BGJO,LTDO62270829
XWGY00TXQV6797628117,XWGY,TXQV67976281
NVNV00BVUD3118801466,NVNV,BVUD31188014
VAHC00GCAS3656709286,VAHC,GCAS36567092
EGGJ00NRNS2807633697,EGGJ,NRNS28076336
CTTP00KOAF6976595683,CTTP,KOAF69765956
MASS00JMYH6796124840,MASS,JMYH67961248
PUMD00HLHQ6455854219,PUMD,HLHQ64558542
EPPG00QVYY0663431351,EPPG,QVYY06634313
XWXY00UTLN2243089708,XWXY,UTLN22430897
XENG00WQPB7428645339,XENG,WQPB74286453
YPZW00YMKO8023623935,YPZW,YMKO80236239
RLYE00AGZI9688539215,RLYE,AGZI96885392
AZMG00KGRM9393311073,AZMG,KGRM93933110
IGPT00RMLY8966442092,IGPT,RMLY89664420
WMMB00GRJJ9167089998,WMMB,GRJJ91670899
NUHZ00SMDU5863467249,NUHZ,SMDU58634672
QXYL00AXWL1941189714,QXYL,AXWL19411897
IOJV00NBCU7675055007,IOJV,NBCU76750550
OYYX00BLVL1572532995,OYYX,BLVL15725329
LHUD00QVLA5597438273,LHUD,QVLA55974382
TEFL00NWAG2666356353,TEFL,NWAG26663563
GKAX00RFJR6948182569,GKAX,RFJR69481825
QCTC00KVCF5254124740,QCTC,KVCF52541247
SYUW00HJQL4225265942,SYUW,HJQL42252659
RILB00UQNP8714830937,RILB,UQNP87148309
KHSS00QQYK3516016107,KHSS,QQYK35160161
LNHS00NPKZ9182456181,LNHS,NPKZ91824561
BEEF00UBXO8204542120,BEEF,UBXO82045421
UMFI00XWMH4617519081,UMFI,XWMH46175190
GFZS00OULV0312745750,GFZS,OULV03127457
EXRX00NPAD6255532439,EXRX,NPAD62555324
LNMJ00SAMK9968679014,LNMJ,SAMK99686790
LBOM00JHDX2255210545,LBOM,JHDX22552105
PSIK00MXXR1564721253,PSIK,MXXR15647212
AOAW00NOCF0477297232,AOAW,NOCF04772972
IEET00MQHB6430764711,IEET,MQHB64307647
CKEB00BVFS2713740092,CKEB,BVFS27137400
NCSV00FFUX1262128393,NCSV,FFUX12621283
RBOH00YZXV1921723781,RBOH,YZXV19217237
UICB00YKRI4776111944,UICB,YKRI47761119
SZNL00YUWH5798268805,SZNL,YUWH57982688
URAE00YSIC0131839593,URAE,YSIC01318395
GWJP00RQYL2767607671,GWJP,RQYL27676076
JHUN00AKUS9641915413,JHUN,AKUS96419154
KHKA00ZMKA8362629479,KHKA,ZMKA83626294
YFEM00LYXQ1640052549,YFEM,LYXQ16400525
AOEC00YQHX1833564737,AOEC,YQHX18335647
UQFF00QRHI9818757288,UQFF,QRHI98187572
ULMQ00QXLU6261503970,ULMQ,QXLU62615039
SMKJ00YNYU8445316118,SMKJ,YNYU84453161
KQBN00REGX9784181115,KQBN,REGX97841811
MVJF00XPAK4671156523,MVJF,XPAK46711565
QQTJ00QXKM8919505869,QQTJ,QXKM89195058
RJFB00EUPD1426576454,RJFB,EUPD14265764
LVFM00JYDG9093507345,LVFM,JYDG90935073
YPMG00SBLO1943993805,YPMG,SBLO19439938
VVZP00FRZE8951121670,VVZP,FRZE89511216
YAFR00UHWH7843495920,YAFR,UHWH78434959
AVKF00NOIR6559967184,AVKF,NOIR65599671
VVDU00QJFK5122242467,VVDU,QJFK51222424
HSCO00CBXX2004373120,HSCO,CBXX20043731
LBXS00EQHE7054928459,LBXS,EQHE70549284
JTCF00JGWR2105022716,JTCF,JGWR21050227
WIEM00YBQQ2050673840,WIEM,YBQQ20506738
REIC00SHPQ3569184130,REIC,SHPQ35691841
FGAT00XFYV6745721340,FGAT,XFYV67457213
UWSS00FHYP2794872384,UWSS,FHYP27948723
YAWC00ESYJ2513561365,YAWC,ESYJ25135613
XIRE00OHCP6705597352,XIRE,OHCP67055973
QAXE00SLWK6791137418,QAXE,SLWK67911374
SJOA00GDOU5737942152,SJOA,GDOU57379421
NIFJ00PPUE4812385961,NIFJ,PPUE48123859
GXXE00MFLU9798788302,GXXE,MFLU97987883
PYVP00SDPA9370104648,PYVP,SDPA93701046
SBAB00USAL8316300962,SBAB,USAL83163009
IGUA00LWMX1400848461,IGUA,LWMX14008484
VDFF00AYZD0821203874,VDFF,AYZD08212038
WXAX00CEUT1715133962,WXAX,CEUT17151339
BITS00WLHN9833507669,BITS,WLHN98335076
IYSY00WISY9133368512,IYSY,WISY91333685
GTXU00RURL6088972776,GTXU,RURL60889727
MTHR00URCU3804364404,MTHR,URCU38043644
QEUF00EOXM9287190569,QEUF,EOXM92871905
DDLL00IFVX3130826731,DDLL,IFVX31308267
VFUM00CHLV6990376273,VFUM,CHLV69903762
SPAV00IWSR2948949357,SPAV,IWSR29489493
EBYL00YEDB7941147289,EBYL,YEDB79411472
FHPD00IACH3267377110,FHPD,IACH32673771
TQQV00FZFI4919511662,TQQV,FZFI49195116
NEUF00ESND2523050330,NEUF,ESND25230503
OTYA00QESQ3466843903,OTYA,QESQ34668439
UJJJ00ROLO8705266864,UJJJ,ROLO87052668
EJUS00SASO0993795664,EJUS,SASO09937956
LZRC00TDNI7074292611,LZRC,TDNI70742926
EXVG00TWKK8649166656,EXVG,TWKK86491666
LJPV00NWNV6560762435,LJPV,NWNV65607624
QIZZ00FRXX9217497692,QIZZ,FRXX92174976
NKKW00VJVG1071719312,NKKW,VJVG10717193
JPHI00RKOF1048283321,JPHI,RKOF10482833
CIOH00CNVL0827470669,CIOH,CNVL08274706
NNQE00ZVVL1942916086,NNQE,ZVVL19429160
SDXL00DLYE0746226463,SDXL,DLYE07462264
RQLY00HXQK7713993179,RQLY,HXQK77139931
HMZC00LYFZ6549294510,HMZC,LYFZ65492945
TNET00NVCM7227525444,TNET,NVCM72275254
JONH00ZSYW5809974885,JONH,ZSYW58099748
AATH00QLWA8000731028,AATH,QLWA80007310
AOQR00QAKV3545141468,AOQR,QAKV35451414
XTNH00UJJQ0724421495,XTNH,UJJQ07244214
UDUN00AWSK8332188151,UDUN,AWSK83321881
FQBR00MYFA0045036958,FQBR,MYFA00450369
NNST00ATCK4560784539,NNST,ATCK45607845
MEYK00MFCY5720096860,MEYK,MFCY57200968
OWRS00NQZG2493468666,OWRS,NQZG24934686
XMJA00KPSW3485402835,XMJA,KPSW34854028
AIVE00GOKJ2230467579,AIVE,GOKJ22304675
MDPW00JORH2487459720,MDPW,JORH24874597
MENF00LBMB2182996408,MENF,LBMB21829964
ZMEQ00HHBP9732988457,ZMEQ,HHBP97329884
MKZD00MVDM8794572211,MKZD,MVDM87945722
RQGQ00JTRI9184523918,RQGQ,JTRI91845239
JUIO00RFJO0070416633,JUIO,RFJO00704166
LHMD00QUSB9598006120,LHMD,QUSB95980061
GNMX00ATQA1680740623,GNMX,ATQA16807406
NMHK00SNMW2819258658,NMHK,SNMW28192586
GXNV00VTXS4017573675,GXNV,VTXS40175736
YTVG00BCBW4403782178,YTVG,BCBW44037821
ZLQH00QSZM6231077854,ZLQH,QSZM62310778
XTEE00DRBM6921567216,XTEE,DRBM69215672
LOIG00CFJG0086023802,LOIG,CFJG00860238
CTKK00LNJX2121817876,CTKK,LNJX21218178
DQEV00RHLG7381237539,DQEV,RHLG73812375
XMPM00SLYS8352446552,XMPM,SLYS83524465
NKOC00JLDO2904025628,NKOC,JLDO29040256
NFNX00XASV8808920718,NFNX,XASV88089207
UUNX00TALI4788915370,UUNX,TALI47889153
CSGT00JOHI3100381363,CSGT,JOHI31003813
DCZB00PBNH7855721816,DCZB,PBNH78557218
VOGS00YZBN1435280114,VOGS,YZBN14352801
QHAK00DOUT1284278874,QHAK,DOUT12842788
AJFS00TNYV0863022376,AJFS,TNYV08630223
MGPV00UDTO2702163288,MGPV,UDTO27021632
OGGE00JREO0815127188,OGGE,JREO08151271
HKEV00LCKH1638940547,HKEV,LCKH16389405
XAWX00KQYF6895167454,XAWX,KQYF68951674
BLRV00IIUR5180692451,BLRV,IIUR51806924
QAWD00ZMWG9187581880,QAWD,ZMWG91875818
UGTL00PAEY4776296484,UGTL,PAEY47762964
JMFM00QBEF2317698123,JMFM,QBEF23176981
MLUW00SOCJ8510387260,MLUW,SOCJ85103872
UOWM00RURW3808125360,UOWM,RURW38081253
KXGL00HBLZ6874458365,KXGL,HBLZ68744583
LWPM00IBGD0703808451,LWPM,IBGD07038084
NZFB00AUQL4120622629,NZFB,AUQL41206226
ZBVF00YLYC9563335366,ZBVF,YLYC95633353
IUOU00WXXH3134945252,IUOU,WXXH31349452
FUJI00GRQP0054496595,FUJI,GRQP00544965
HCUP00PELR6370186974,HCUP,PELR63701869
LXNF00SDKE6876703565,LXNF,SDKE68767035
ZYNZ00PWQB6014242485,ZYNZ,PWQB60142424
IOON00KUKL4514897312,IOON,KUKL45148973
MXTP00YCNK0513180142,MXTP,YCNK05131801
MDUK00MNXO8746096702,MDUK,MNXO87460967
RPQS00GAJD7713096254,RPQS,GAJD77130962
QMRW00YZXB9618449988,QMRW,YZXB96184499
FEFB00UCSI3260781875,FEFB,UCSI32607818
CLPT00SXIT1362127720,CLPT,SXIT13621277
NMAD00QJAN5904570470,NMAD,QJAN59045704
SINY00DMJP1564957054,SINY,DMJP15649570
XZQJ00XKCE9680918657,XZQJ,XKCE96809186
HPSY00MTIM7130024881,HPSY,MTIM71300248
ZPPH00ZOUB0462453684,ZPPH,ZOUB04624536
MDQP00IZZB9387037957,MDQP,IZZB93870379
QEHT00IORZ1286389891,QEHT,IORZ12863898
HYAV00IUKJ1438770016,HYAV,IUKJ14387700
POFP00FYPC5855841662,POFP,FYPC58558416
NUDR00BSAA8885631966,NUDR,BSAA88856319
CBMQ00DTQN0527544225,CBMQ,DTQN05275442
KQBH00GJMI4452923016,KQBH,GJMI44529230
ZNOO00YITZ2509345729,ZNOO,YITZ25093457
ZGCY00DWZX4321886339,ZGCY,DWZX43218863
KHEB00GJFZ5250999219,KHEB,GJFZ52509992
MBYW00PUQT0964524273,MBYW,PUQT09645242
ZDBM00DIHN7820834506,ZDBM,DIHN78208345
GWTZ00QOID2721292491,GWTZ,QOID27212924
OOSP00JLLT8891601870,OOSP,JLLT88916018
ONTD00WRPC9219248905,ONTD,WRPC92192489
ZQED00SVKG3342595275,ZQED,SVKG33425952
MUTK00ZDWH5100923160,MUTK,ZDWH51009231
RMVZ00FXVZ2189123622,RMVZ,FXVZ21891236
PEZF00RBLN4826142382,PEZF,RBLN48261423
RTCZ00OTYU8636491288,RTCZ,OTYU86364912
SFRC00XJTC4300815002,SFRC,XJTC43008150
EOZJ00UAXL4761618974,EOZJ,UAXL47616189
GYUD00KWVE1868649688,GYUD,KWVE18686496
GOTF00ZYFL3854332955,GOTF,ZYFL38543329
WCYV00NKSM7692748953,WCYV,NKSM76927489
OHHB00KMOM4631566888,OHHB,KMOM46315668
JHQJ00PVKE0241740150,JHQJ,PVKE02417401
BWLW00EVQX1626964151,BWLW,EVQX16269641
UGCB00PBJW3044869841,UGCB,PBJW30448698
XSGR00YACP7998234266,XSGR,YACP79982342
HRQQ00SMGC5037588708,HRQQ,SMGC50375887
IZLB00CGWU7822215455,IZLB,CGWU78222154
MFZZ00PHST0579233334,MFZZ,PHST05792333
UUUE00MSBP1990380665,UUUE,MSBP19903806
ZINR00GBHX6126674811,ZINR,GBHX61266748
NRLZ00SSWC3009239369,NRLZ,SSWC30092393
RDXL00EGNL2260917503,RDXL,EGNL22609175
LJTF00CTCF3372134439,LJTF,CTCF33721344
DRJG00HBVH8001218009,DRJG,HBVH80012180
ZQFO00XEVK7268521076,ZQFO,XEVK72685210
NZUP00NLLI2450687439,NZUP,NLLI24506874
AFTD00MEGN3650747230,AFTD,MEGN36507472
EPBY00YBSB8946964658,EPBY,YBSB89469646
QDFW00SIXM0387055884,QDFW,SIXM03870558
RFZY00ABOB4253579286,RFZY,ABOB42535792
OGSK00YDTN7357642574,OGSK,YDTN73576425
CYIC00PLEV3539019575,CYIC,PLEV35390195
XUVF00WEPQ9209059125,XUVF,WEPQ92090591
VQMY00JQFQ0468415670,VQMY,JQFQ04684156
PCYB00ZDIM1882699562,PCYB,ZDIM18826995
EMBG00WVVE9483192119,EMBG,WVVE94831921
ONXS00MABO1739041090,ONXS,MABO17390410
LNXF00KGLA6648061483,LNXF,KGLA66480614
OSXH00QLZP4818755973,OSXH,QLZP48187559
JNLU00FFSJ3624214623,JNLU,FFSJ36242146
UUBY00BWOJ1217695545,UUBY,BWOJ12176955
NJKQ00ACCS7139329589,NJKQ,ACCS71393295
DXGR00OJAX1480876627,DXGR,OJAX14808766
VBHP00SHLP9075478087,VBHP,SHLP90754780
UDJV00GXEV9518245960,UDJV,GXEV95182459
LBTG00GZRK3351273167,LBTG,GZRK33512731
XBTX00ASMQ8563012704,XBTX,ASMQ85630127
LGOF00KLVH5568288844,LGOF,KLVH55682888
UPHK00FIAE2909643429,UPHK,FIAE29096434
MTSQ00UHWC1295045424,MTSQ,UHWC12950454
ZUNS00YOEQ5364465150,ZUNS,YOEQ53644651
OMCV00LPTS3528963279,OMCV,LPTS35289632
CCVJ00XPQN5446281488,CCVJ,XPQN54462814
ZIGD00LVOE0655437264,ZIGD,LVOE06554372
GJFW00QQIG6793087711,GJFW,QQIG67930877
NPPO00FQAG8876335441,NPPO,FQAG88763354
DPBL00OGAT8058340863,DPBL,OGAT80583408
KTGJ00DIRU6447837889,KTGJ,DIRU64478378
SCQP00IYQM2540574013,SCQP,IYQM25405740
LWSE00JXYZ1513230596,LWSE,JXYZ15132305
TWCJ00ARSU7749354529,TWCJ,ARSU77493545
JBJF00WMQL6970034790,JBJF,WMQL69700347
UZLB00ONLL1832864211,UZLB,ONLL18328642
MTCJ00BHDL6422177410,MTCJ,BHDL64221774
OOWK00CAHX9889977014,OOWK,CAHX98899770
XMSZ00MGZB8641086841,XMSZ,MGZB86410868
LLOG00DTGG3585524427,LLOG,DTGG35855244
NWCW00QYRS9120936916,NWCW,QYRS91209369
MUXB00RQZY0316301123,MUXB,RQZY03163011
XECW00RUBR6819661970,XECW,RUBR68196619
LXLC00GCKQ4965266663,LXLC,GCKQ49652666
PHHM00SEDG6684796672,PHHM,SEDG66847966
QKEX00YRVK6485233879,QKEX,YRVK64852338
ECTY00HAEN8168536552,ECTY,HAEN81685365
RFYN00QZWG6339940990,RFYN,QZWG63399409
MCBI00SRFF2585571410,MCBI,SRFF25855714
ZIPC00GDXQ1552299144,ZIPC,GDXQ15522991
PFTL00QBHN6505875858,PFTL,QBHN65058758
TQAY00TCEI8902162591,TQAY,TCEI89021625
FIZD00NPQM9832537271,FIZD,NPQM98325372
UKRY00FWMK3659070462,UKRY,FWMK36590704
XTQO00CYHP0178056948,XTQO,CYHP01780569
BPUM00SGOD3222274457,BPUM,SGOD32222744
WUKQ00AJMC7347062628,WUKQ,AJMC73470626
XQUR00DVRT6095220185,XQUR,DVRT60952201
DKTL00WXTK0334385440,DKTL,WXTK03343854
LMSK00IJSI7725157562,LMSK,IJSI77251575
OEAU00QCCU1902324991,OEAU,QCCU19023249
LVYW00AJUJ5798616219,LVYW,AJUJ57986162
IZXD00HPYM4638693623,IZXD,HPYM46386936
ZSFJ00HRIU9573220705,ZSFJ,HRIU95732207
RRHY00DPOW2774171388,RRHY,DPOW27741713
PSKW00ZAKY4453765943,PSKW,ZAKY44537659
WABU00CBFR6151192007,WABU,CBFR61511920
CHCN00INED1054079287,CHCN,INED10540792
HBWJ00EBXT6686144419,HBWJ,EBXT66861444
YGPU00NITG7484464728,YGPU,NITG74844647
MQGP00EUMS5042860261,MQGP,EUMS50428602
IJLO00NULC8176499969,IJLO,NULC81764999
GKPC00CTEP5045871867,GKPC,CTEP50458718
WDGG00NFJI0633141968,WDGG,NFJI06331419
ZQRH00GQTP9530192669,ZQRH,GQTP95301926
HYGV00JITH2604806312,HYGV,JITH26048063
BQXP00IAWG9890330541,BQXP,IAWG98903305
RBWY00ZLXI1263044769,RBWY,ZLXI12630447
ZCFH00BOMS9660004888,ZCFH,BOMS96600048
HXOS00HRYT5775276017,HXOS,HRYT57752760
WPPN00GPWI3165446321,WPPN,GPWI31654463
WEMF00CVHX3883810835,WEMF,CVHX38838108
XFPL00SRLY5182219080,XFPL,SRLY51822190
VAFJ00WROF6120438978,VAFJ,WROF61204389
QMQN00HSKY0275173774,QMQN,HSKY02751737
BPUQ00UCDU6566454215,BPUQ,UCDU65664542
IUEK00NRVD5778398873,IUEK,NRVD57783988
EVJJ00JNYI7913545281,EVJJ,JNYI79135452
KKEU00CKMZ8824660297,KKEU,CKMZ88246602
FIRT00XIBC6627750705,FIRT,XIBC66277507
BLPS00PLIN7768425652,BLPS,PLIN77684256
ERSL00IRYP5902252045,ERSL,IRYP59022520
CXCN00VXWJ3142600502,CXCN,VXWJ31426005
QFYQ00FPGJ6936699471,QFYQ,FPGJ69366994
CROC00CGIY9161844409,CROC,CGIY91618444
UOBP00RMOK6916925806,UOBP,RMOK69169258
WDHO00YCHK9176240171,WDHO,YCHK91762401
GZSJ00HZUP2674595961,GZSJ,HZUP26745959
ITTR00EWCU7771028053,ITTR,EWCU77710280
BCDG00ABDJ5640629261,BCDG,ABDJ56406292
YREB00ZBOK9016263347,YREB,ZBOK90162633
FNQS00ZQEQ6592726903,FNQS,ZQEQ65927269
MDCE00MLIP1738173735,MDCE,MLIP17381737
JXDA00WLXZ6299065339,JXDA,WLXZ62990653
CJCV00FKWL5284937567,CJCV,FKWL52849375
IDWF00RMLQ5329903468,IDWF,RMLQ53299034
CJVM00PKNU5823519356,CJVM,PKNU58235193
WKHB00ECYO5409570933,WKHB,ECYO54095709
TUIS00NLOJ0723754412,TUIS,NLOJ07237544
FMPW00RYWD6263628024,FMPW,RYWD62636280
ABLM00IASR4273878326,ABLM,IASR42738783
ZRGL00NOCH9652148196,ZRGL,NOCH96521481
MJTT00VCGA3813631661,MJTT,VCGA38136316
WWEU00XDET5623978888,WWEU,XDET56239788
TTBF00VXTW9590196896,TTBF,VXTW95901968
KKWW00GTJB6203539397,KKWW,GTJB62035393
FEZJ00AHUM4831397516,FEZJ,AHUM48313975
GLIM00ZNVJ6937150062,GLIM,ZNVJ69371500
GXVO00XNTX9219719346,GXVO,XNTX92197193
RDHE00GGFP9410160807,RDHE,GGFP94101608
ARBS00DSXS1280335812,ARBS,DSXS12803358
HJWK00ZCJB9426078044,HJWK,ZCJB94260780
KUFA00DOWG2973121977,KUFA,DOWG29731219
OVYC00TURW7103982071,OVYC,TURW71039820
WCUO00UTPT8558228729,WCUO,UTPT85582287
ZYSU00OPHU2056246820,ZYSU,OPHU20562468
GVQC00QKOW8425782306,GVQC,QKOW84257823
GQDL00ZMPM4818409355,GQDL,ZMPM48184093
PCVP00ZHAF3729196093,PCVP,ZHAF37291960
UCEA00NRKL3184684565,UCEA,NRKL31846845
RCXI00PUIL0353746370,RCXI,PUIL03537463
VXKG00DUVJ6536843203,VXKG,DUVJ65368432
SORG00TCNQ1212098461,SORG,TCNQ12120984
JDTY00RUMY6932092163,JDTY,RUMY69320921
TTKU00XJRT5753676885,TTKU,XJRT57536768
TWAI00UEHM2853980092,TWAI,UEHM28539800
ZOBP00HDDS2766285751,ZOBP,HDDS27662857
AGFK00PNUJ4078414947,AGFK,PNUJ40784149
DDWZ00NVFW6810581526,DDWZ,NVFW68105815
OSTE00GNJQ2927450102,OSTE,GNJQ29274501
PWNH00SAVL1450087688,PWNH,SAVL14500876
QNVS00OBTP7492729588,QNVS,OBTP74927295
VUIG00TCRT8545368703,VUIG,TCRT85453687
MKXP00FINX8222348293,MKXP,FINX82223482
VRRT00CHBO7150783516,VRRT,CHBO71507835
OZEQ00QWEF8332562890,OZEQ,QWEF83325628
LTII00EDHC5187906272,LTII,EDHC51879062
XSDB00HNMB4134238344,XSDB,HNMB41342383
CAMW00EBPH8512960294,CAMW,EBPH85129602
LKBM00OAIW0035699996,LKBM,OAIW00356999
YFAT00BUOP9398450447,YFAT,BUOP93984504
HPNZ00KQSY3977611622,HPNZ,KQSY39776116
MQJD00NNVU6823090657,MQJD,NNVU68230906
EZFI00PAAJ9754123950,EZFI,PAAJ97541239
SLVW00RXHT3876060544,SLVW,RXHT38760605
CCWE00QLWX1549241403,CCWE,QLWX15492414
PSDW00GJGJ9687615572,PSDW,GJGJ96876155
HKQX00XXJW6941375435,HKQX,XXJW69413754
PWQH00AGCM9334337776,PWQH,AGCM93343377
PWDH00KJKR0130497303,PWDH,KJKR01304973
KJEA00HOHE0621905992,KJEA,HOHE06219059
JLBR00QOLE1440591806,JLBR,QOLE14405918
YSEF00NLTL9137956864,YSEF,NLTL91379568
RBMM00GJKX1808220074,RBMM,GJKX18082200
BARW00JKYV3203413502,BARW,JKYV32034135
BXAZ00ZUVF7996561926,BXAZ,ZUVF79965619
GRVV00WLMI9599746459,GRVV,WLMI95997464
HKIT00JMER9268596926,HKIT,JMER92685969
JVXE00DYMR9864730256,JVXE,DYMR98647302
ICRE00QZVO0685605762,ICRE,QZVO06856057
NMUS00HBVQ4923934841,NMUS,HBVQ49239348
PYWS00VMZT8062648040,PYWS,VMZT80626480
TUFH00NIVZ1043286865,TUFH,NIVZ10432868
FUXJ00HCZN0401311808,FUXJ,HCZN04013118
EVIJ00ZMHB8762695976,EVIJ,ZMHB87626959
AYRL00FQYP3110223696,AYRL,FQYP31102236
LRPQ00HDMZ2792932681,LRPQ,HDMZ27929326
WKHR00PQYI5950944841,WKHR,PQYI59509448
PXNL00CIIS9098517535,PXNL,CIIS90985175
FEJN00BIKX4773319011,FEJN,BIKX47733190
TAHK00FOAG1090642454,TAHK,FOAG10906424
XUMG00EVRG8507428909,XUMG,EVRG85074289
MAMB00HEDB4848678620,MAMB,HEDB48486786
KVVI00RDKL1731167811,KVVI,RDKL17311678
SLFM00PUYK8943882420,SLFM,PUYK89438824
XJVH00MENL2950903524,XJVH,MENL29509035
RHZA00QIIA1410276686,RHZA,QIIA14102766
CJCH00RUUJ4254013462,CJCH,RUUJ42540134
XLCF00RYBT8186011166,XLCF,RYBT81860111
SJMF00UNEM1528154814,SJMF,UNEM15281548
ZCSM00IZZV1241226884,ZCSM,IZZV12412268
NCFD00FUQT2918174064,NCFD,FUQT29181740
VDJR00VSYC8883174168,VDJR,VSYC88831741
FHSJ00RWCH0947205683,FHSJ,RWCH09472056
IXVN00VUDD9174406467,IXVN,VUDD91744064
EMZA00XCIB8849879826,EMZA,XCIB88498798
RIDD00OGHX4946476085,RIDD,OGHX49464760
UTRM00DCDO4259958971,UTRM,DCDO42599589
ZPSV00PSVR0634132849,ZPSV,PSVR06341328
DPBF00FIYV5825519280,DPBF,FIYV58255192
WJKR00ZIDO9330399502,WJKR,ZIDO93303995
IKWC00HUPF8489312328,IKWC,HUPF84893123
SISR00ABXI3019109587,SISR,ABXI30191095
YSTE00NOZP1349460217,YSTE,NOZP13494602
JOEX00BGEM1425813266,JOEX,BGEM14258132
UILJ00DNOC9983146927,UILJ,DNOC99831469
KVJZ00EYEF4356205116,KVJZ,EYEF43562051
NTTW00WTQP9762146285,NTTW,WTQP97621462
AGAR00QWPY4940514908,AGAR,QWPY49405149
VJTG00NDJA6425451035,VJTG,NDJA64254510
ANUA00NMVS8787215831,ANUA,NMVS87872158
LFUT00QBXI4702062236,LFUT,QBXI47020622
HQCH00QDLB5357869155,HQCH,QDLB53578691
NYPN00NGDC5839748949,NYPN,NGDC58397489
YTLN00YAHG2329606413,YTLN,YAHG23296064
BYAO00PYRD0344021415,BYAO,PYRD03440214
ATRH00THBI7003171376,ATRH,THBI70031713
WPYQ00LQCB6614525133,WPYQ,LQCB66145251
VKVN00PUXY1536191792,VKVN,PUXY15361917
ZPZI00RSDG6127803367,ZPZI,RSDG61278033
SXHT00OJWF6564445856,SXHT,OJWF65644458
HOPH00WCBG4041368135,HOPH,WCBG40413681
RWPX00NGGB7337726807,RWPX,NGGB73377268
VSZV00INKF2889800346,VSZV,INKF28898003
MPDW00UJKF9214083619,MPDW,UJKF92140836
CHWD00JEUJ5279411351,CHWD,JEUJ52794113
CCNM00PXEQ2114205409,CCNM,PXEQ21142054
NKTY00KSRL6893873762,NKTY,KSRL68938737
XNSK00FSLK2751963875,XNSK,FSLK27519638
JLQS00HCCE0376888577,JLQS,HCCE03768885
QHFC00JSAG7715226641,QHFC,JSAG77152266
EWCW00NADY2985107738,EWCW,NADY29851077
VLLD00SQXF8360552897,VLLD,SQXF83605528
BFUO00AHZO1739037947,BFUO,AHZO17390379
ASEA00YDQP4747226382,ASEA,YDQP47472263
WHUX00VBWM5909875897,WHUX,VBWM59098758
UJZX00LTNL5887080752,UJZX,LTNL58870807
RAES00KSKJ9069844930,RAES,KSKJ90698449
YAZC00MDUM7944436151,YAZC,MDUM79444361
WFXV00SEFZ0109326313,WFXV,SEFZ01093263
TQAH00ZYFZ0085168610,TQAH,ZYFZ00851686
NVYX00MZLM9262138602,NVYX,MZLM92621386
SCYI00DZNZ3765046222,SCYI,DZNZ37650462
JRPG00RCYR7243608045,JRPG,RCYR72436080
KXGA00RJOT3130310939,KXGA,RJOT31303109
WSUR00NZMI3396281935,WSUR,NZMI33962819
ANRN00UMZS6758005654,ANRN,UMZS67580056
ZKVR00HPFQ6869470030,ZKVR,HPFQ68694700
YYDT00PDXK6517527823,YYDT,PDXK65175278
MYGC00SOTR3944933637,MYGC,SOTR39449336
SKYZ00ELPK2627770360,SKYZ,ELPK26277703
VDPG00OODP1220800075,VDPG,OODP12208000
BBRO00SUSM8906177912,BBRO,SUSM89061779
EUIE00YNVP0189983158,EUIE,YNVP01899831
MBLQ00DNFD5311031234,MBLQ,DNFD53110312
YZMP00APDL3133734597,YZMP,APDL31337345
XPUE00ATSD5266983079,XPUE,ATSD52669830
XKTC00SHNK6090882331,XKTC,SHNK60908823
EBNM00JGHN3481424893,EBNM,JGHN34814248
VISY00GRQC3029007936,VISY,GRQC30290079
QGPX00WACX2141584942,QGPX,WACX21415849
KMOC00UETB4624829153,KMOC,UETB46248291
GHHU00LCHS6611666752,GHHU,LCHS66116667
TWIB00CAFH4500460173,TWIB,CAFH45004601
WIRZ00UGRX9274231892,WIRZ,UGRX92742318
THYA00SEKU1187640675,THYA,SEKU11876406
MIAV00DRQQ7532377914,MIAV,DRQQ75323779
RNBK00FEBQ6042218044,RNBK,FEBQ60422180
PHNS00CBAD5512752352,PHNS,CBAD55127523
ANHH00PESM6054246627,ANHH,PESM60542466
EBAZ00HZFY3674175333,EBAZ,HZFY36741753
HXDN00LZWT4087965741,HXDN,LZWT40879657
HZTA00FGEX9367350751,HZTA,FGEX93673507
MOQF00WTDP0264669816,MOQF,WTDP02646698
VOPB00TSKB4945437633,VOPB,TSKB49454376
NWKR00UNVT4642467634,NWKR,UNVT46424676
KBKK00EIZW7375580359,KBKK,EIZW73755803
FMOG00ZYYO3006759768,FMOG,ZYYO30067597
LGLQ00LZSF4895594306,LGLQ,LZSF48955943
TKIZ00RKFE6105240558,TKIZ,RKFE61052405
LJIL00NDOP0044364731,LJIL,NDOP00443647
FWKI00DEWL9359782366,FWKI,DEWL93597823
JXYQ00ICYA4062422803,JXYQ,ICYA40624228
RMXV00TPVU3296387492,RMXV,TPVU32963874
QBLP00PIDN5252529226,QBLP,PIDN52525292
CKNT00KMOA6100060702,CKNT,KMOA61000607
XAVG00JZMT2424049637,XAVG,JZMT24240496
YPJU00ZBTQ8210819419,YPJU,ZBTQ82108194
PDJA00LLCY4838489911,PDJA,LLCY48384899
QBNM00EJXL3480164328,QBNM,EJXL34801643
QIWX00BDVF2790147674,QIWX,BDVF27901476
IOKC00HMJG4963254266,IOKC,HMJG49632542
CUIG00DNOT6859550106,CUIG,DNOT68595501
SACA00WGJH4334930304,SACA,WGJH43349303
PAHK00TSPP6947604194,PAHK,TSPP69476041
TWHQ00XFKP3934542210,TWHQ,XFKP39345422
DCID00LDLH0909877578,DCID,LDLH09098775
REWF00LCYA8696958256,REWF,LCYA86969582
BFOJ00WFZI5116176015,BFOJ,WFZI51161760
EMIN00SFND4385317335,EMIN,SFND43853173
QQWP00WZFQ9918376691,QQWP,WZFQ99183766
TUNX00FWTC5898217085,TUNX,FWTC58982170
BDXQ00WSLA9419236967,BDXQ,WSLA94192369
BRUE00OAVX6148828050,BRUE,OAVX61488280
IDCI00TOTP3119821315,IDCI,TOTP31198213
KRGY00CRPS3348349458,KRGY,CRPS33483494
RHWH00BZER8302138450,RHWH,BZER83021384
YTUE00BPPP3337604154,YTUE,BPPP33376041
BPRF00XZBY9967690013,BPRF,XZBY99676900
HBPF00NLWM9219152042,HBPF,NLWM92191520
ROEC00CTHY3038684345,ROEC,CTHY30386843
HOUZ00KWVP9676250236,HOUZ,KWVP96762502
EZEB00TYSR1055023352,EZEB,TYSR10550233
PXZA00WKBU0419904925,PXZA,WKBU04199049
PHLD00ILQY7483234083,PHLD,ILQY74832340
MUSJ00JSXZ0553458151,MUSJ,JSXZ05534581
ALXR00GMIH6726851219,ALXR,GMIH67268512
QFIO00UOGT1917696132,QFIO,UOGT19176961
LMOT00BORY6464819629,LMOT,BORY64648196
RXPM00THAY6542824766,RXPM,THAY65428247
RIOR00NGBD0168538594,RIOR,NGBD01685385
IHQS00CEYC6190102087,IHQS,CEYC61901020
BGBA00CCPW9728156043,BGBA,CCPW97281560
FMVD00SBVE0803662312,FMVD,SBVE08036623
MOJB00EGFP7776216770,MOJB,EGFP77762167
NMFN00LXZN7994361638,NMFN,LXZN79943616
OZDX00ONOK1634313784,OZDX,ONOK16343137
QINJ00KJLM9533524667,QINJ,KJLM95335246
LENX00YYLU6130769514,LENX,YYLU61307695
NZPV00UQZR5235449168,NZPV,UQZR52354491
HWIO00ASHC6267386467,HWIO,ASHC62673864
DMCH00HYTY0126153485,DMCH,HYTY01261534
RODP00EMYW3996546082,RODP,EMYW39965460
HWCI00SSKB8442020690,HWCI,SSKB84420206
QOVI00XXHQ3469733222,QOVI,XXHQ34697332
KKCV00JSVG3952257844,KKCV,JSVG39522578
QSUH00HPDS4139986593,QSUH,HPDS41399865
DJCO00AJZG4676650826,DJCO,AJZG46766508
LSFN00KZBV5594983788,LSFN,KZBV55949837
LQZP00WOTX5875541150,LQZP,WOTX58755411
EVGM00NEHN2084861561,EVGM,NEHN20848615
LWAT00FPOX9195211502,LWAT,FPOX91952115
MBVL00KJMF3881878560,MBVL,KJMF38818785
NNRE00MECW7801083217,NNRE,MECW78010832
IFXJ00WDBA5021310204,IFXJ,WDBA50213102
IIXC00PSKO6655602823,IIXC,PSKO66556028
WJVD00ODIJ2938257070,WJVD,ODIJ29382570
VVNP00WCKB4023288256,VVNP,WCKB40232882
OKAB00EJNY5886226717,OKAB,EJNY58862267
MFWL00ESQA1069617121,MFWL,ESQA10696171
EZBV00ARSY6566237059,EZBV,ARSY65662370
EVDA00DPSX9292485406,EVDA,DPSX92924854
TWTL00HUYB8168539496,TWTL,HUYB81685394
YFFJ00BXNY3365989171,YFFJ,BXNY33659891
CEDP00YJHM0188492359,CEDP,YJHM01884923
PCHG00LFNY2339051275,PCHG,LFNY23390512
YATQ00QCGC9765329489,YATQ,QCGC97653294
XJJD00UCNH5631432671,XJJD,UCNH56314326
ZXBC00KVGJ7165632391,ZXBC,KVGJ71656323
LWRY00AQRB5672214965,LWRY,AQRB56722149
TZQT00QTRV0395313714,TZQT,QTRV03953137
FRIW00CVVK6248766668,FRIW,CVVK62487666
SXGT00THBP2407165529,SXGT,THBP24071655
BECA00EYLK2659813390,BECA,EYLK26598133
LMQR00RRKB0024511550,LMQR,RRKB00245115
YRXT00IVYT4023442564,YRXT,IVYT40234425
GCKO00SBRL7683556431,GCKO,SBRL76835564
LZMN00UEXM9007133395,LZMN,UEXM90071333
WCCQ00JLEO1190940090,WCCQ,JLEO11909400
WALD00OWPZ3158507255,WALD,OWPZ31585072
UQKI00TICP7228904381,UQKI,TICP72289043
DVID00VJKM4298720273,DVID,VJKM42987202
HZTO00EYTL8517784554,HZTO,EYTL85177845
UNLL00FBFM1913200353,UNLL,FBFM19132003
BOVJ00BZSW8985685103,BOVJ,BZSW89856851
YTFA00LYSO1009181479,YTFA,LYSO10091814
LRFA00IISE8324967012,LRFA,IISE83249670
WRSM00KNZY7780796758,WRSM,KNZY77807967
NKIC00KCHS5375469591,NKIC,KCHS53754695
REVT00QQJS3192628219,REVT,QQJS31926282
FOZS00EMFB2921501902,FOZS,EMFB29215019
KEOY00UPIK1593946079,KEOY,UPIK15939460
CFQC00FRRP7717258304,CFQC,FRRP77172583
LPCD00GOFF9383373807,LPCD,GOFF93833738
MJKP00TOMM5127686383,MJKP,TOMM51276863
UWRP00IVES4170644893,UWRP,IVES41706448
SPAN00JIXA0178717146,SPAN,JIXA01787171
MSRX00QNVG3103087646,MSRX,QNVG31030876
SZJT00SZYQ8886379287,SZJT,SZYQ88863792
OJNF00EIJU8790155588,OJNF,EIJU87901555
LDBN00ZNJR6889343106,LDBN,ZNJR68893431
RTCM00IOVB8346715476,RTCM,IOVB83467154
RGDC00VYLN1576361918,RGDC,VYLN15763619
ICGD00HRZJ1643096756,ICGD,HRZJ16430967
ASSE00XWYZ2075582684,ASSE,XWYZ20755826
ZOMF00LCHQ1260467124,ZOMF,LCHQ12604671
OPWK00XSEG0002143217,OPWK,XSEG00021432
YONR00VXEW6176027259,YONR,VXEW61760272
SNIC00IHKY1287230093,SNIC,IHKY12872300
LKWT00IQCW2871501544,LKWT,IQCW28715015
LURB00YPKM6520804150,LURB,YPKM65208041
FLBF00EJSF9340896544,FLBF,EJSF93408965
AYPT00BWEU3116765236,AYPT,BWEU31167652
ANQC00HKRH8161730932,ANQC,HKRH81617309
UTRS00ZKMN1193814571,UTRS,ZKMN11938145
EKPN00NQLK8916486524,EKPN,NQLK89164865
LBRM00QADU8270861009,LBRM,QADU82708610
KHRX00EOXA9885639430,KHRX,EOXA98856394
UNJF00JNNT3077517471,UNJF,JNNT30775174
AKEQ00SYSM6694071283,AKEQ,SYSM66940712
SDLH00LGWR9903108446,SDLH,LGWR99031084
MDIL00OBOY0318322920,MDIL,OBOY03183229
YPLD00TUFX3494560731,YPLD,TUFX34945607
YHCT00YTFO1644038610,YHCT,YTFO16440386
JQDL00COLJ3536507041,JQDL,COLJ35365070
ZZNE00QTCD8311358872,ZZNE,QTCD83113588
BZER00FLGV2331193971,BZER,FLGV23311939
NENU00PJEO8050417188,NENU,PJEO80504171
FJWE00LQCO4979636795,FJWE,LQCO49796367
TXCC00QJYT9265749811,TXCC,QJYT92657498
PBSR00LCZT4765554061,PBSR,LCZT47655540
TISS00TPOD7560097395,TISS,TPOD75600973
ZBWF00HKAC6414045923,ZBWF,HKAC64140459
XLED00NDZR1690059358,XLED,NDZR16900593
DXCI00GTPC5316258696,DXCI,GTPC53162586
PDLF00TMHC2574075312,PDLF,TMHC25740753
VBRL00NIGZ4460903548,VBRL,NIGZ44609035
UBTV00CEHO5471354831,UBTV,CEHO54713548
CHCL00WLWM7768291327,CHCL,WLWM77682913
YROC00ONUU8957780786,YROC,ONUU89577807
IBBB00UFXY4814679980,IBBB,UFXY48146799
QZRN00JFSY1854353018,QZRN,JFSY18543530
WQFH00KPFB5475645178,WQFH,KPFB54756451
ZPRY00UTLM7178155296,ZPRY,UTLM71781552
IKZC00XNLY6789246803,IKZC,XNLY67892468
SJFF00AAYJ9902423794,SJFF,AAYJ99024237
GWGX00UNKG1671310297,GWGX,UNKG16713102
XGIK00LRVP9765938235,XGIK,LRVP97659382
HZSX00QQXJ0389912067,HZSX,QQXJ03899120
VHTB00ZAYO4901867522,VHTB,ZAYO49018675
DJCX00SAWP0525243821,DJCX,SAWP05252438
JLQW00MLKR8000879463,JLQW,MLKR80008794
MEUB00SHYY8476458224,MEUB,SHYY84764582
LRTX00VSHR4594392060,LRTX,VSHR45943920
TAHQ00JSVL5971804906,TAHQ,JSVL59718049
VPCO00BNCP1441794731,VPCO,BNCP14417947
FNWB00LLSQ0007297159,FNWB,LLSQ00072971
JOGQ00KOIW2516398963,JOGQ,KOIW25163989
AGUX00NLWV3036243419,AGUX,NLWV30362434
NPKJ00YDXQ3750632836,NPKJ,YDXQ37506328
KBRR00JZFC0470752812,KBRR,JZFC04707528
JKTG00KJAA9332050927,JKTG,KJAA93320509
OFKL00YGNG5463995971,OFKL,YGNG54639959
CFLD00GWGH2099825332,CFLD,GWGH20998253
HGVB00LZUZ2348774320,HGVB,LZUZ23487743
QSRT00WLZU3365583697,QSRT,WLZU33655836
HQLI00WUIQ3398552456,HQLI,WUIQ33985524
NRIR00MNHH8674827937,NRIR,MNHH86748279
OXCH00EXXC3500047691,OXCH,EXXC35000476
DVPC00RMHF1580495185,DVPC,RMHF15804951
XUJC00ASTE3464194720,XUJC,ASTE34641947
CWKU00VNLG8069335368,CWKU,VNLG80693353
VNGB00FJQN2774460826,VNGB,FJQN27744608
LPUB00RGWP9414148744,LPUB,RGWP94141487
FLXO00BWYO6820702949,FLXO,BWYO68207029
KXDJ00LZAX0872081903,KXDJ,LZAX08720819
EDMY00XAZR3541150093,EDMY,XAZR35411500
VKHH00VAKP6961877234,VKHH,VAKP69618772
JDHZ00OWJZ3247315062,JDHZ,OWJZ32473150
FWEC00XQRD4022857531,FWEC,XQRD40228575
LPBH00SXEU1438811868,LPBH,SXEU14388118
NHAQ00NVUM4872449695,NHAQ,NVUM48724496
HQHY00AWML6748265428,HQHY,AWML67482654
RCEX00VYJG3205592018,RCEX,VYJG32055920
QAKN00PMBD7991010473,QAKN,PMBD79910104
PUGF00LBED7061936124,PUGF,LBED70619361
GFRD00MPPV4979840833,GFRD,MPPV49798408
OBQR00OQPH3718892098,OBQR,OQPH37188920
CIZA00IWJU1581491179,CIZA,IWJU15814911
JWJZ00ODHO5439334813,JWJZ,ODHO54393348
KINW00KPUN7278146502,KINW,KPUN72781465
WVND00CGWT9710397677,WVND,CGWT97103976
TQCT00PAAK4878387246,TQCT,PAAK48783872
TBEW00QLWY7867329703,TBEW,QLWY78673297
FBXI00PCWW2586395241,FBXI,PCWW25863952
CPZY00QOKP7023702543,CPZY,QOKP70237025
NFSI00NBNI1832414743,NFSI,NBNI18324147
MQJI00JVWV1616702511,MQJI,JVWV16167025
NOEP00OZKD5262412702,NOEP,OZKD52624127
IOIY00VDQB3994299620,IOIY,VDQB39942996
CYEC00TKOY7055570697,CYEC,TKOY70555706
KYNL00RTHJ6887165689,KYNL,RTHJ68871656
OZKK00VIAS6629586747,OZKK,VIAS66295867
IJKM00UDPZ0199929708,IJKM,UDPZ01999297
UUXY00VWOQ6307751534,UUXY,VWOQ63077515
VKOT00WGXU0601372575,VKOT,WGXU06013725
SBPH00VOSI7855214217,SBPH,VOSI78552142
MQHW00QXMI2993905032,MQHW,QXMI29939050
PBFN00KPZM6820817651,PBFN,KPZM68208176
VUUC00HWFD4529692080,VUUC,HWFD45296920
DHBM00NYPD2136979024,DHBM,NYPD21369790
VJVJ00OAVL3949691952,VJVJ,OAVL39496919
QAFG00EVXR7174511834,QAFG,EVXR71745118
DOKR00BHUL0399731707,DOKR,BHUL03997317
YCSC00AOAE3721647586,YCSC,AOAE37216475
WEWQ00PPMW6678941887,WEWQ,PPMW66789418
TDFN00ZRUI1667057989,TDFN,ZRUI16670579
RZCX00SYWQ7092933065,RZCX,SYWQ70929330
UCGV00MRQD4619282969,UCGV,MRQD46192829
GMMC00JFES1840499096,GMMC,JFES18404990
TJRN00ITSF7270045960,TJRN,ITSF72700459
GHGJ00QQUL4807914361,GHGJ,QQUL48079143
REIZ00ZTVS6961561498,REIZ,ZTVS69615614
ITAO00UWJK5656079568,ITAO,UWJK56560795
UTWI00WMWS6687327061,UTWI,WMWS66873270
KKAV00USJX6162450964,KKAV,USJX61624509
XSZW00QVAX1901429922,XSZW,QVAX19014299
IARM00YIBR5092646677,IARM,YIBR50926466
GGNW00BLYH5613211413,GGNW,BLYH56132114
ZRNP00KJER3525286344,ZRNP,KJER35252863
LSZO00WIQN3759321452,LSZO,WIQN37593214
DJTS00PWDZ9644747517,DJTS,PWDZ96447475
RTAH00CXJG1540675833,RTAH,CXJG15406758
NZVV00XBOQ6124481125,NZVV,XBOQ61244811
RKUR00QKXC7981687704,RKUR,QKXC79816877
PZBU00LRWL7842752666,PZBU,LRWL78427526
DKDZ00EQEW6833616745,DKDZ,EQEW68336167
GLFQ00EYIQ0239416204,GLFQ,EYIQ02394162
TIJW00IMWX7951455026,TIJW,IMWX79514550
JSCG00IFEP4537700023,JSCG,IFEP45377000
JIYG00QJLH8484374544,JIYG,QJLH84843745
AQWA00DEDP0782617015,AQWA,DEDP07826170
JWVI00NKJI3446692769,JWVI,NKJI34466927
DMNQ00ODBZ8977655216,DMNQ,ODBZ89776552
JTOL00IAKV5205908868,JTOL,IAKV52059088
RXOS00TBTV2900499088,RXOS,TBTV29004990
WUOQ00CLLZ1490288424,WUOQ,CLLZ14902884
FVSP00TWSX5599209094,FVSP,TWSX55992090
GSGG00GDZF6886905050,GSGG,GDZF68869050
NGQV00GKGD3410655246,NGQV,GKGD34106552
DNPB00BBHO6965891596,DNPB,BBHO69658915
LLEX00NDVZ6757203733,LLEX,NDVZ67572037
CRBQ00DYRK6844308262,CRBQ,DYRK68443082
YRXD00OENH9580683845,YRXD,OENH95806838
IFJU00AAPK4883059864,IFJU,AAPK48830598
RYYZ00QLXQ4531604654,RYYZ,QLXQ45316046
LLYA00ZOYI6360723364,LLYA,ZOYI63607233
SOUN00FEDC1117896527,SOUN,FEDC11178965
ULEP00RFQM0464368371,ULEP,RFQM04643683
GWPQ00GTZM8549253975,GWPQ,GTZM85492539
VNLF00VTXU0995759688,VNLF,VTXU09957596
PZKM00LRFL1851308606,PZKM,LRFL18513086
XEIK00HLKH9608697170,XEIK,HLKH96086971
BSHS00HNWG4794059458,BSHS,HNWG47940594
VXJF00KAED7332510269,VXJF,KAED73325102
EZCQ00XKHD4089778550,EZCQ,XKHD40897785
NECH00VBYY5867521117,NECH,VBYY58675211
ZELK00MHEJ1221157189,ZELK,MHEJ12211571
JHFX00ICDK4559905420,JHFX,ICDK45599054
DFJX00ZLTT5741618964,DFJX,ZLTT57416189
YEII00KHQI1304509696,YEII,KHQI13045096
ERIV00YNKU2494157695,ERIV,YNKU24941576
RXER00GTQK5558447198,RXER,GTQK55584471
KJHE00LAJW9525859893,KJHE,LAJW95258598
KACZ00PCVJ4385943497,KACZ,PCVJ43859434
BHGS00YXEI6420455810,BHGS,YXEI64204558
BFDQ00LTLG8581105757,BFDQ,LTLG85811057
QSGS00CCRI2673171165,QSGS,CCRI26731711
SZUF00SRWB7515050195,SZUF,SRWB75150501
HRBB00AGJX7185538160,HRBB,AGJX71855381
QNIS00CSCJ6866874678,QNIS,CSCJ68668746
QKCO00MGXJ9923628036,QKCO,MGXJ99236280
DEPH00YQNL0911770453,DEPH,YQNL09117704
JREG00AAQV6335470367,JREG,AAQV63354703
OATU00IMSZ0851486362,OATU,IMSZ08514863
NPUM00ZEUY8608082289,NPUM,ZEUY86080822
FOYC00PAQN5019909507,FOYC,PAQN50199095
LWAH00GMWN9385171545,LWAH,GMWN93851715
GXVJ00VESO7693647545,GXVJ,VESO76936475
IMZK00CUVT6061213924,IMZK,CUVT60612139
XRWR00KNLZ4040645596,XRWR,KNLZ40406455
FJJJ00SVPL3540748514,FJJJ,SVPL35407485
FOYU00HBWQ9002106710,FOYU,HBWQ90021067
UYZS00FIIO5452197846,UYZS,FIIO54521978
UHWY00DXHL2241505074,UHWY,DXHL22415050
JDBG00UMTH4590317738,JDBG,UMTH45903177
BPOH00CGIJ9186532624,BPOH,CGIJ91865326
NTXN00YZMG4263590297,NTXN,YZMG42635902
MAGS00BKPE6469126632,MAGS,BKPE64691266
IEMQ00CEVU7274835366,IEMQ,CEVU72748353
UXLO00WBUU8870234389,UXLO,WBUU88702343
YZCV00UWGH8043491246,YZCV,UWGH80434912
GEOK00KBYA1432358693,GEOK,KBYA14323586
EXFZ00KNXN2478924224,EXFZ,KNXN24789242
JIPT00CGIU3694886452,JIPT,CGIU36948864
NTMS00NUMK2504987166,NTMS,NUMK25049871
AOQH00RJDB7742090877,AOQH,RJDB77420908
EQKL00JFUU3760640774,EQKL,JFUU37606407
DBTW00WXCW9467556665,DBTW,WXCW94675566
MQYH00LLJN1095586774,MQYH,LLJN10955867
DWOC00TWID7200139380,DWOC,TWID72001393
ONAU00TMIF1126139541,ONAU,TMIF11261395
ZPLW00QEXL9578773291,ZPLW,QEXL95787732
NANR00FZGP8462247805,NANR,FZGP84622478
TDCH00WLZC8113503480,TDCH,WLZC81135034
UEIY00NAFO3506631029,UEIY,NAFO35066310
QDLJ00PUWA6937863989,QDLJ,PUWA69378639
NEMO00IGFA6120561006,NEMO,IGFA61205610
QVKA00ZPUX6596501964,QVKA,ZPUX65965019
DZBM00IWAX9022448655,DZBM,IWAX90224486
FKVF00HSUT8580162858,FKVF,HSUT85801628
JBGK00PXVK4590574680,JBGK,PXVK45905746
TXHM00XHUR1825557150,TXHM,XHUR18255571
APWV00NSLH3712022044,APWV,NSLH37120220
BBPO00GVXC6986393208,BBPO,GVXC69863932
RDSA00TRNF8982561797,RDSA,TRNF89825617
MKNX00EVKK7823868627,MKNX,EVKK78238686
AQFO00PRON3442328925,AQFO,PRON34423289
SCEK00KYVP2814762602,SCEK,KYVP28147626
DGCN00PANP0035128274,DGCN,PANP00351282
GSHR00JHOV9886456609,GSHR,JHOV98864566
IBVE00ZNST2575609689,IBVE,ZNST25756096
KNGZ00WRUU8058196192,KNGZ,WRUU80581961
MSBM00QSAD4420576470,MSBM,QSAD44205764
DAGD00NFTC2534337654,DAGD,NFTC25343376
SAXU00NHEH5812249065,SAXU,NHEH58122490
WSCO00QQKR5899780968,WSCO,QQKR58997809
UXHF00SQGP2188371726,UXHF,SQGP21883717
LTOW00TKFE2000496993,LTOW,TKFE20004969
BOEJ00QKSY5635346811,BOEJ,QKSY56353468
ZXWL00RFYT4571083739,ZXWL,RFYT45710837
GKJX00NDUT1913834617,GKJX,NDUT19138346
OEMX00RTSK6077976386,OEMX,RTSK60779763
UXOG00FTJM6683487049,UXOG,FTJM66834870
XJEY00OBCR3837647026,XJEY,OBCR38376470
DEAR00UVQK9716735363,DEAR,UVQK97167353
GZEG00MPCE0023837770,GZEG,MPCE00238377
VLQI00PWBM4827771807,VLQI,PWBM48277718
KSAZ00PKCR9244629457,KSAZ,PKCR92446294
SHCX00LBFK4027903924,SHCX,LBFK40279039
XVDL00LZKB4912567806,XVDL,LZKB49125678
JRMQ00ZMCQ2544829252,JRMQ,ZMCQ25448292
GPDV00JGYA7073254591,GPDV,JGYA70732545
ZKYK00KLCT1706381946,ZKYK,KLCT17063819
OQDL00WTUE6343879079,OQDL,WTUE63438790
QTUJ00MEHP4433538856,QTUJ,MEHP44335388
ALUF00OFAS7730759905,ALUF,OFAS77307599
SGYN00JWLO6755725248,SGYN,JWLO67557252
TQRH00BBNN0023379752,TQRH,BBNN00233797
XFMQ00REUT1200819610,XFMQ,REUT12008196
OBZE00OVXJ7248872894,OBZE,OVXJ72488728
SHKC00IUDN0176135754,SHKC,IUDN01761357
YKYY00NXWE9031049979,YKYY,NXWE90310499
QLLT00TUFF3005829791,QLLT,TUFF30058297
URCM00DHHH6524773962,URCM,DHHH65247739
RWHE00WVKR7357148852,RWHE,WVKR73571488
PXDI00ZBNO9727369641,PXDI,ZBNO97273696
IYCH00QMDH4226189426,IYCH,QMDH42261894
AZXC00PCLE3977736015,AZXC,PCLE39777360
BILM00AZSN0235879172,BILM,AZSN02358791
VFYV00RCAX3647671689,VFYV,RCAX36476716
MEPE00VLBH5532889858,MEPE,VLBH55328898
RZPM00GXKF6077725525,RZPM,GXKF60777255
OMMH00RGOH3118334845,OMMH,RGOH31183348
BTFS00JTDT1519999486,BTFS,JTDT15199994
RUAB00JHKK5338547531,RUAB,JHKK53385475
WVMD00AUXH8962603185,WVMD,AUXH89626031
PJUW00DSUE5976577339,PJUW,DSUE59765773
LQAZ00KXAZ7631525210,LQAZ,KXAZ76315252
UYRP00GWRW6766194024,UYRP,GWRW67661940
HDUE00FKPI2074577389,HDUE,FKPI20745773
WITL00RQND8941992792,WITL,RQND89419927
YCLZ00GOZL2438894098,YCLZ,GOZL24388940
TJOB00XDVS8793354703,TJOB,XDVS87933547
TZZR00ZFBJ5496965605,TZZR,ZFBJ54969656
UXVK00FJJX3141265308,UXVK,FJJX31412653
ESMD00SMAS2525078510,ESMD,SMAS25250785
HGNB00ZNGZ0353887538,HGNB,ZNGZ03538875
KAEA00HZGH5638562754,KAEA,HZGH56385627
YGXQ00FNFZ9886380469,YGXQ,FNFZ98863804
VLYI00QPTA0848083637,VLYI,QPTA08480836
KERC00NZED3306580736,KERC,NZED33065807
XPHS00TRRV1641968161,XPHS,TRRV16419681
XQCV00ELAB4956205960,XQCV,ELAB49562059
HFIH00GDZO5608252109,HFIH,GDZO56082521
JFWZ00ZKNC5670267942,JFWZ,ZKNC56702679
HNFV00PTDI1925190814,HNFV,PTDI19251908
UMPO00GAFL2795399920,UMPO,GAFL27953999
PUOJ00QOQR4413258137,PUOJ,QOQR44132581
NCWH00LJCG6505552570,NCWH,LJCG65055525
VAQQ00JWDJ5093962389,VAQQ,JWDJ50939623
JWCG00KLQF0805685572,JWCG,KLQF08056855
XPKT00XGVX6343112820,XPKT,XGVX63431128
EKKB00OLHY4900254234,EKKB,OLHY49002542
NOZY00GAOL7325766970,NOZY,GAOL73257669
NPIG00ZSBU8488682445,NPIG,ZSBU84886824
BWFH00UCSP7904988839,BWFH,UCSP79049888
KVIX00WBWM4765595169,KVIX,WBWM47655951
MZKV00BKOD1393970465,MZKV,BKOD13939704
NRIR00JBRX6203516377,NRIR,JBRX62035163
NFPF00EEQT7580618742,NFPF,EEQT75806187
UAUF00NVIE2752924377,UAUF,NVIE27529243
WUUN00ZYDR8416423954,WUUN,ZYDR84164239
YVLM00ZWJF8264549184,YVLM,ZWJF82645491
CFNB00UIQI7425880092,CFNB,UIQI74258800
KCFZ00AHFR7277271457,KCFZ,AHFR72772714
OESI00QUED8720646577,OESI,QUED87206465
QRND00IMTR9763746557,QRND,IMTR97637465
YFHF00KPAO9755947384,YFHF,KPAO97559473
CMEI00STSD8549186303,CMEI,STSD85491863
TDOE00PSYW3221091028,TDOE,PSYW32210910
IWVX00VOIE5183283213,IWVX,VOIE51832832
BLIW00QMKD1241975683,BLIW,QMKD12419756
AAGP00QDEW8597634192,AAGP,QDEW85976341
UKOP00HBRI9811326034,UKOP,HBRI98113260
MKXX00MNJG1668633447,MKXX,MNJG16686334
UGLT00BPZK3300855193,UGLT,BPZK33008551
HLZD00FSME6746640344,HLZD,FSME67466403
DAUJ00AYUK5284182433,DAUJ,AYUK52841824
PLHY00BSPB3869433891,PLHY,BSPB38694338
VVBV00KVTY6853370888,VVBV,KVTY68533708
KZOD00XYIH9492456186,KZOD,XYIH94924561
GVPU00TPXO3395338295,GVPU,TPXO33953382
URKH00NWVE7368202388,URKH,NWVE73682023
GFSX00VBCE3038706988,GFSX,VBCE30387069
AVVD00KLVV2325774643,AVVD,KLVV23257746
AFHX00MGPW2287319960,AFHX,MGPW22873199
ASTF00GTSH8896330683,ASTF,GTSH88963306
VRIL00BQDA1812129924,VRIL,BQDA18121299
ZYCY00ZYAS7663542192,ZYCY,ZYAS76635421
WWNN00DUTV3794227895,WWNN,DUTV37942278
QZHR00CJTJ3911327541,QZHR,CJTJ39113275
YNFL00XATI6442618468,YNFL,XATI64426184
FQAH00FHVS7880491435,FQAH,FHVS78804914
QKYK00TWZR1327177156,QKYK,TWZR13271771
DCHE00QSBF9591230941,DCHE,QSBF95912309
OYBG00BFJZ1464386057,OYBG,BFJZ14643860
KURI00ATDJ4579520387,KURI,ATDJ45795203
KTQM00RDUI7299164060,KTQM,RDUI72991640
TEFE00BPJO0827451022,TEFE,BPJO08274510
KPWV00VJVX1636171252,KPWV,VJVX16361712
MRVG00BXAZ2439100422,MRVG,BXAZ24391004
FYTI00TCEI0557736760,FYTI,TCEI05577367
UTUY00PLPO0027736007,UTUY,PLPO00277360
OFIM00HBBP3403858076,OFIM,HBBP34038580
IALQ00VEUF8556718331,IALQ,VEUF85567183
RVND00CIRU4881092780,RVND,CIRU48810927
SIGL00UOFX8758536869,SIGL,UOFX87585368
UHKO00VKKW3099125056,UHKO,VKKW30991250
IVHL00BHBA4631983097,IVHL,BHBA46319830
UJTW00DSSW1855875777,UJTW,DSSW18558757
JYZD00HLLV2550554571,JYZD,HLLV25505545
FLHG00SQAS9458358562,FLHG,SQAS94583585
RLGM00XXIZ0987934464,RLGM,XXIZ09879344
FMBO00IGFJ6776983932,FMBO,IGFJ67769839
BQMZ00LYYQ4279272440,BQMZ,LYYQ42792724
WGLX00CSFT8579210572,WGLX,CSFT85792105
OGTO00FUVH6016964503,OGTO,FUVH60169645
EHCI00FKAF6987778102,EHCI,FKAF69877781
MYCM00NWPX5283723986,MYCM,NWPX52837239
KFEU00GXIJ7247396487,KFEU,GXIJ72473964
KNMO00MYEI1013154830,KNMO,MYEI10131548
EMNI00PNPI3281046585,EMNI,PNPI32810465
PLQG00JRKJ5985928320,PLQG,JRKJ59859283
ZRVG00XWRY0873432159,ZRVG,XWRY08734321
NAOQ00DWMQ4673228549,NAOQ,DWMQ46732285
KAZY00DLEZ2657765041,KAZY,DLEZ26577650
PFYU00ZNIV0005086506,PFYU,ZNIV00050865
DUEG00PQYM0588980526,DUEG,PQYM05889805
OLVP00APAA5290024208,OLVP,APAA52900242
WLOI00RBKB3829019194,WLOI,RBKB38290191
CUYG00QZXH2427899605,CUYG,QZXH24278996
FDEW00LQIH2938378415,FDEW,LQIH29383784
DHMX00TNVD9677229789,DHMX,TNVD96772297
VTXP00ELCI7162504023,VTXP,ELCI71625040
XZZT00YKMZ9114867470,XZZT,YKMZ91148674
NIJV00JCOB5514403817,NIJV,JCOB55144038
LVTS00QJVD1163788175,LVTS,QJVD11637881
ADBM00FZKI3692096572,ADBM,FZKI36920965
HNVA00ZUVJ0426499585,HNVA,ZUVJ04264995
HTKZ00ESSV7020075980,HTKZ,ESSV70200759
TAIE00DALP1098539997,TAIE,DALP10985399
NAZG00BRUK8870312005,NAZG,BRUK88703120
WUYX00DNTB0006003486,WUYX,DNTB00060034
IAPE00QCXG1276825480,IAPE,QCXG12768254
FJZC00EFMJ8027209236,FJZC,EFMJ80272092
OGFV00BIEX7572837144,OGFV,BIEX75728371
UNLW00RMGW0538846490,UNLW,RMGW05388464
ZVTG00WEOK1758417335,ZVTG,WEOK17584173
WBTX00CMPV3252819023,WBTX,CMPV32528190
RCNX00KJDP1232824686,RCNX,KJDP12328246
LPNP00DOLY1716277338,LPNP,DOLY17162773
OJQZ00IBXH7384344268,OJQZ,IBXH73843442
EXQS00AVJV6178845434,EXQS,AVJV61788454
YWEK00VUGE9619357907,YWEK,VUGE96193579
MVRA00MNUO3216867872,MVRA,MNUO32168678
DYFI00GZGX2478617127,DYFI,GZGX24786171
UJDT00JOGC1816092490,UJDT,JOGC18160924
PISB00QLKX9497439608,PISB,QLKX94974396
RVGQ00MCUE2048176007,RVGQ,MCUE20481760
BSJC00UTLZ7444757216,BSJC,UTLZ74447572
AZRA00RDUK2709115264,AZRA,RDUK27091152
XYGQ00OPTX8074723471,XYGQ,OPTX80747234
WMYD00SQVM8645162736,WMYD,SQVM86451627
TKLV00DFBV7422438904,TKLV,DFBV74224389
PKDO00DSIY5412622221,PKDO,DSIY54126222
FXJS00ZJCY8300750131,FXJS,ZJCY83007501
MMUV00DGLH5273778784,MMUV,DGLH52737787
CTJA00OJMR9732221036,CTJA,OJMR97322210
ASDP00FTDS3015965586,ASDP,FTDS30159655
WAMO00KIRQ7796048367,WAMO,KIRQ77960483
YTRO00XLZC5576427183,YTRO,XLZC55764271
KTTA00ADZX0400760834,KTTA,ADZX04007608
UAYV00IHAO8807760586,UAYV,IHAO88077605
GXVY00KFXM7436386049,GXVY,KFXM74363860
HTLY00GQRY6299575433,HTLY,GQRY62995754
HOVW00FAPW0330031621,HOVW,FAPW03300316
LZDI00RYXI1381745542,LZDI,RYXI13817455
UYFV00VSSL8741860363,UYFV,VSSL87418603
QVGD00DIDO3321772455,QVGD,DIDO33217724
VHZU00MXNG2070970596,VHZU,MXNG20709705
PCGF00ERCJ7458766097,PCGF,ERCJ74587660
TBHD00UFRU2667053279,TBHD,UFRU26670532
MKNY00DDMK4459520694,MKNY,DDMK44595206
EOJN00TEYT3240167476,EOJN,TEYT32401674
NSFI00MYMX1030691246,NSFI,MYMX10306912
DJJG00PFWG4628773116,DJJG,PFWG46287731
ZRYO00THYE9943610330,ZRYO,THYE99436103
PEXE00AYGD0253897148,PEXE,AYGD02538971
UUEY00TNVY4011622576,UUEY,TNVY40116225
IZRR00RQMG3173856493,IZRR,RQMG31738564
IFGS00WBHZ9096282627,IFGS,WBHZ90962826
IXDG00MYSN5167900686,IXDG,MYSN51679006
VZCL00UHDP9159714884,VZCL,UHDP91597148
HUDN00MFSG3318390850,HUDN,MFSG33183908
FXJB00GSQV2508154602,FXJB,GSQV25081546
NOID00NTUE0410192397,NOID,NTUE04101923
IAQO00ORXI5616435370,IAQO,ORXI56164353
DQSW00BUGE4910034921,DQSW,BUGE49100349
OSET00WFMX0028673646,OSET,WFMX00286736
JGDH00QEPL5709050785,JGDH,QEPL57090507
DTVI00FLGB8142096486,DTVI,FLGB81420964
CXNE00XFSN5450423293,CXNE,XFSN54504232
IVAC00GFRP8043752714,IVAC,GFRP80437527
TSWQ00LOVC1945006917,TSWQ,LOVC19450069
UVWD00ETNP5117402339,UVWD,ETNP51174023
GFEU00OUOU9460331998,GFEU,OUOU94603319
TWHI00OKRU1547218553,TWHI,OKRU15472185
IAAB00BQQW9255956006,IAAB,BQQW92559560
AXTE00IOWE9753319358,AXTE,IOWE97533193
QVZU00YJPV7410051109,QVZU,YJPV74100511
YUMC00SPTC9680686008,YUMC,SPTC96806860
ZEFK00BPBU8508434013,ZEFK,BPBU85084340
TYHB00FEHR4396770328,TYHB,FEHR43967703
WOJC00EDEF8883206597,WOJC,EDEF88832065
LJTN00LLJO3972279787,LJTN,LLJO39722797
DACJ00AGWK1723909414,DACJ,AGWK17239094
UIHH00XJCU3788052004,UIHH,XJCU37880520
QIFQ00BSHG1953045256,QIFQ,BSHG19530452
CDTS00QISD9221297737,CDTS,QISD92212977
TDVK00FOID7433741480,TDVK,FOID74337414
ANMP00FIPU2477235187,ANMP,FIPU24772351
EFEL00HPAF4490577487,EFEL,HPAF44905774
SVXT00PNHY1223825650,SVXT,PNHY12238256
UPPX00RQTO8014832607,UPPX,RQTO80148326
HLKC00YCJB3083033112,HLKC,YCJB30830331
HUFN00SSHJ1849380335,HUFN,SSHJ18493803
ULPS00BDZV6213044857,ULPS,BDZV62130448
SBZD00YXBQ4003132497,SBZD,YXBQ40031324
GDTN00FDLH8209426216,GDTN,FDLH82094262
WQEV00HEJQ1578664747,WQEV,HEJQ15786647
QLAR00SSEB4218350705,QLAR,SSEB42183507
SOXH00RWCC0433373420,SOXH,RWCC04333734
DAOU00AVJP0061483606,DAOU,AVJP00614836
ZMYO00DOYQ9907602689,ZMYO,DOYQ99076026
ZDYE00EBAS3695585658,ZDYE,EBAS36955856
CMBG00LXZU5291294966,CMBG,LXZU52912949
OHHI00VUAO8092988854,OHHI,VUAO80929888
WOUL00BIBV1902385776,WOUL,BIBV19023857
RQLB00POEM4552487436,RQLB,POEM45524874
ARGF00JPDG4775055369,ARGF,JPDG47750553
XKGB00JQYL8652315524,XKGB,JQYL86523155
IFEF00BNQR0650574841,IFEF,BNQR06505748
QTAS00MQSX7772900637,QTAS,MQSX77729006
GZJB00MESS2772396030,GZJB,MESS27723960
AAVL00LKWG8478078328,AAVL,LKWG84780783
SHTW00OJHA0197011833,SHTW,OJHA01970118
YKFU00IQXU3167413591,YKFU,IQXU31674135
RZAQ00QZXA4310901972,RZAQ,QZXA43109019
ZKDE00WMHY0992390904,ZKDE,WMHY09923909
JELO00LJPF5316990240,JELO,LJPF53169902
EXCJ00HXAJ1669290264,EXCJ,HXAJ16692902
KYUG00KKNO6227249540,KYUG,KKNO62272495
FSNE00NUYN0321045349,FSNE,NUYN03210453
JMWO00FSMO2816176485,JMWO,FSMO28161764
NJMY00FYMA9678240878,NJMY,FYMA96782408
ROYR00NINO6522158287,ROYR,NINO65221582
EFRM00NHPD4045751755,EFRM,NHPD40457517
OTKZ00UGRV6197822268,OTKZ,UGRV61978222
BEJL00BSRD8018522087,BEJL,BSRD80185220
TOHY00IPAC2552850543,TOHY,IPAC25528505
EVPT00BAUM5944459752,EVPT,BAUM59444597
RZZO00LZDC2998077545,RZZO,LZDC29980775
COGW00XBQD4074374841,COGW,XBQD40743748
OFDL00BTUE6155963397,OFDL,BTUE61559633
XDAV00VTTY5428284291,XDAV,VTTY54282842
PBRH00DBKJ3485878770,PBRH,DBKJ34858787
XUJX00OMFD1836347243,XUJX,OMFD18363472
AZQG00XYAQ4204404865,AZQG,XYAQ42044048
UIYY00FJQI1928993962,UIYY,FJQI19289939
WSBO00MMBG6536253471,WSBO,MMBG65362534
TIYN00IYRL7976549798,TIYN,IYRL79765497
YRMW00ZXZU5491634234,YRMW,ZXZU54916342
NYZA00TAYD5285025380,NYZA,TAYD52850253
YDSR00WAUE6656713959,YDSR,WAUE66567139
CWQM00KVUC4330262741,CWQM,KVUC43302627
BMJM00MJUW9384620307,BMJM,MJUW93846203
PRVQ00YHKP2336583591,PRVQ,YHKP23365835
RKAH00HRNG6593758135,RKAH,HRNG65937581
XONR00YHRT8690421097,XONR,YHRT86904210
WBSJ00SKAG3344421940,WBSJ,SKAG33444219
JJMC00NJDQ6365948653,JJMC,NJDQ63659486
SSTF00WYYS3342882768,SSTF,WYYS33428827
TJUR00FXME3208741858,TJUR,FXME32087418
OZBG00HKLE2672337168,OZBG,HKLE26723371
ZHUB00QREA9753159010,ZHUB,QREA97531590
EYYD00CVMC5562990516,EYYD,CVMC55629905
JSUE00MKLJ5715991518,JSUE,MKLJ57159915
KBUU00MNEC8131496992,KBUU,MNEC81314969
DMUL00VDXB0361956647,DMUL,VDXB03619566
TUTO00PONY3643047613,TUTO,PONY36430476
ZHDJ00LPVZ0849350458,ZHDJ,LPVZ08493504
QCJP00BPRM0281767054,QCJP,BPRM02817670
UQQO00RUMX9317465261,UQQO,RUMX93174652
ZCDH00XSPD1388143677,ZCDH,XSPD13881436
TUTD00UMLB3594746446,TUTD,UMLB35947464
DFTR00DLFX7498946837,DFTR,DLFX74989468
BHQC00RPTL1913511060,BHQC,RPTL19135110
BDXJ00YVIJ1573818704,BDXJ,YVIJ15738187
DAAS00CHNO9190082692,DAAS,CHNO91900826
NKXC00RIOH1749999175,NKXC,RIOH17499991
OFHX00YLUH3112925675,OFHX,YLUH31129256
UPAF00UONX9926666051,UPAF,UONX99266660
MWGZ00NEOP0409458575,MWGZ,NEOP04094585
TXCC00LELC4966045576,TXCC,LELC49660455
UNQH00ZDMH0964025551,UNQH,ZDMH09640255
MSMU00BVZZ7654384110,MSMU,BVZZ76543841
DFSH00CKFC1961364624,DFSH,CKFC19613646
SGTV00DTEP1235771162,SGTV,DTEP12357711
FZEN00OFWU2040746630,FZEN,OFWU20407466
KEQN00HQNR0490990353,KEQN,HQNR04909903
ILBP00GAPP8904275551,ILBP,GAPP89042755
GFDS00MYEK2077262946,GFDS,MYEK20772629
COEE00XUIV1296281233,COEE,XUIV12962812
STOA00FFWM4674726775,STOA,FFWM46747267
QEEF00PENG2349514543,QEEF,PENG23495145
SPWO00ULVV0968959882,SPWO,ULVV09689598
UBIU00YGFZ8069010069,UBIU,YGFZ80690100
WVHY00CXQG1959670694,WVHY,CXQG19596706
NAVY00NQEG5124728070,NAVY,NQEG51247280
TBML00WETK9962715344,TBML,WETK99627153
KIML00DPCR4704124070,KIML,DPCR47041240
RXLO00SLAK5768202074,RXLO,SLAK57682020
ARMY00SPNZ0375554472,ARMY,SPNZ03755544
MRRP00RJAH5198547185,MRRP,RJAH51985471
MTPZ00MNZF1723122504,MTPZ,MNZF17231225
JDRF00KGQQ0589692253,JDRF,KGQQ05896922
SMMT00PTOB1247094255,SMMT,PTOB12470942
UVEF00QOPJ8217692011,UVEF,QOPJ82176920
LWWQ00MHVL5635489103,LWWQ,MHVL56354891
JBSK00WINI4313720070,JBSK,WINI43137200
VEZP00OQLN4593926446,VEZP,OQLN45939264
DTLR00MRJK6426120019,DTLR,MRJK64261200
LLFT00MWKX8559857717,LLFT,MWKX85598577
CXCR00IAIP9817045571,CXCR,IAIP98170455
OPVB00LKRP0803396180,OPVB,LKRP08033961
CHNW00EBIJ9366456012,CHNW,EBIJ93664560
NFBC00RCHD4847819639,NFBC,RCHD48478196
POYO00BOYZ7699908334,POYO,BOYZ76999083
MNZC00DRUV8417265885,MNZC,DRUV84172658
GAKU00CYBT7427082504,GAKU,CYBT74270825
YMIW00BXMP1494990130,YMIW,BXMP14949901
IWHJ00PTBI8646339852,IWHJ,PTBI86463398
ABEM00AUHM2226305247,ABEM,AUHM22263052
TLSP00KDLE8148543461,TLSP,KDLE81485434
IZQZ00BJEA6963532658,IZQZ,BJEA69635326
GJMN00ZOOU3598881120,GJMN,ZOOU35988811
UTBB00CTID9790016245,UTBB,CTID97900162
NGQP00SLWK8391581822,NGQP,SLWK83915818
HXYU00UPLK0699812510,HXYU,UPLK06998125
JVVO00XTNE2396084402,JVVO,XTNE23960844
EIVS00QEPO8959343141,EIVS,QEPO89593431
LLKR00WXYL4082960178,LLKR,WXYL40829601
JACV00EUJT6846201024,JACV,EUJT68462010
KRPG00UODN6503799332,KRPG,UODN65037993
DIYJ00MCGC6113464668,DIYJ,MCGC61134646
ZZNJ00FYIM1955400688,ZZNJ,FYIM19554006
HRHV00DODK2236431395,HRHV,DODK22364313
IWZG00RSEL3024036214,IWZG,RSEL30240362
VBWL00ZUPB1138077947,VBWL,ZUPB11380779
NCBZ00YXPS4488194405,NCBZ,YXPS44881944
IWEB00YLXW0276719975,IWEB,YLXW02767199
IUWV00LUOK5877401127,IUWV,LUOK58774011
BGKB00PXKG8366133434,BGKB,PXKG83661334
SOPG00PFTM0410343735,SOPG,PFTM04103437
FNKL00UZXJ7677661605,FNKL,UZXJ76776616
FHUO00ENNI2307369052,FHUO,ENNI23073690
YWJX00CRGD4850952679,YWJX,CRGD48509526
WINC00VDHT4958241483,WINC,VDHT49582414
ZWUD00KXTE2225321206,ZWUD,KXTE22253212
RJQZ00TBNA5790026631,RJQZ,TBNA57900266
QCHB00JVUB7610581749,QCHB,JVUB76105817
HNFT00WKAT4085339971,HNFT,WKAT40853399
URZF00UMTX0300941086,URZF,UMTX03009410
MUHS00SKGR7849483627,MUHS,SKGR78494836
RLZW00AIDW0545226228,RLZW,AIDW05452262
LZNO00SCSM5324414802,LZNO,SCSM53244148
VRYD00PDLT5134743221,VRYD,PDLT51347432
YYXL00SBZS5711425810,YYXL,SBZS57114258
VKEN00MCYJ2809077221,VKEN,MCYJ28090772
UCHX00TQSD2516484404,UCHX,TQSD25164844
LUSB00LRON1116644061,LUSB,LRON11166440
QPOT00JYML1753564612,QPOT,JYML17535646
LATQ00BGDB5690114817,LATQ,BGDB56901148
KIKG00JJSY7861307903,KIKG,JJSY78613079
DETR00PMAC9664516820,DETR,PMAC96645168
CCLL00DYZS5695208589,CCLL,DYZS56952085
XTAX00DTXT9251138496,XTAX,DTXT92511384
KJGF00MIZK2635969032,KJGF,MIZK26359690
GISH00EHEQ8821949441,GISH,EHEQ88219494
NEHT00QVSV0648862195,NEHT,QVSV06488621
GEKV00VUMV5393403155,GEKV,VUMV53934031
ZKDA00JHOC3199302754,ZKDA,JHOC31993027
SOOW00EURL7256797113,SOOW,EURL72567971
NMLU00ETKJ5438990786,NMLU,ETKJ54389907
OINJ00NCGV4289558253,OINJ,NCGV42895582
PGHS00ZGJR8882944231,PGHS,ZGJR88829442
DMFT00SGQK6000655323,DMFT,SGQK60006553
HUAR00JIOV1636930530,HUAR,JIOV16369305
GIDB00UDLP3258215025,GIDB,UDLP32582150
SGLT00KOXS0020348311,SGLT,KOXS00203483
MPRI00BUDG7645119887,MPRI,BUDG76451198
RSLD00GKAT8410495733,RSLD,GKAT84104957
LCPG00VBMD7772519286,LCPG,VBMD77725192
FTEI00OSGP4659142909,FTEI,OSGP46591429
RCPN00VEMG7236808041,RCPN,VEMG72368080
EUTW00JHQD0776569136,EUTW,JHQD07765691
PYWB00IGUH8430915817,PYWB,IGUH84309158
AEOE00GDTW0563204778,AEOE,GDTW05632047
OGMG00GVOR5410458248,OGMG,GVOR54104582
KLPG00UWLT4941815424,KLPG,UWLT49418154
CGAY00VTBI9512152246,CGAY,VTBI95121522
AHLI00OOQI8682112532,AHLI,OOQI86821125
FKMQ00SHZM8086029239,FKMQ,SHZM80860292
EHZZ00RHOE6684264863,EHZZ,RHOE66842648
MKRC00AMBH8323697444,MKRC,AMBH83236974
KVQN00LPJJ8868028591,KVQN,LPJJ88680285
GOHS00WWKG5752590971,GOHS,WWKG57525909
XXKN00QUPE0274782329,XXKN,QUPE02747823
CHCB00IPNE8132869898,CHCB,IPNE81328698
NSYG00UUHW5002299866,NSYG,UUHW50022998
MGHM00IRAB8970810619,MGHM,IRAB89708106
PEDS00PBVY2385102021,PEDS,PBVY23851020
YTXV00EWXM2790867736,YTXV,EWXM27908677
CREB00AICO0248727873,CREB,AICO02487278
TLNB00QWFO7250397244,TLNB,QWFO72503972
PILO00BENH2671824309,PILO,BENH26718243
RRYP00WXEW7586488928,RRYP,WXEW75864889
RLQB00LLHH1279001058,RLQB,LLHH12790010
UBVO00AKOY3864604257,UBVO,AKOY38646042
NTXG00IMCG9339928036,NTXG,IMCG93399280
COPD00QXIV2718565049,COPD,QXIV27185650
ZKFI00SASY1659585220,ZKFI,SASY16595852
TMNZ00BFDN5407827398,TMNZ,BFDN54078273
UUPY00UAJA5850025934,UUPY,UAJA58500259
VFNL00QSJS7014922331,VFNL,QSJS70149223
BMEZ00EEAY1817655317,BMEZ,EEAY18176553
OWXL00PHQP2999052207,OWXL,PHQP29990522
PCGU00BSVO9279811676,PCGU,BSVO92798116
JATI00KLKQ9296151993,JATI,KLKQ92961519
FEVN00RNQU5849414446,FEVN,RNQU58494144
GXIN00XGHO3523560086,GXIN,XGHO35235600
URKV00ETZG7638423027,URKV,ETZG76384230
AHAR00ZBVU7822085360,AHAR,ZBVU78220853
FBYH00HGQM6281234615,FBYH,HGQM62812346
ZDEB00YXZD8238939684,ZDEB,YXZD82389396
VGKK00TPFY9438354569,VGKK,TPFY94383545
GWWJ00PRKL8734854264,GWWJ,PRKL87348542
EMYY00GOPL3806121826,EMYY,GOPL38061218
EQOJ00UIDH5368227510,EQOJ,UIDH53682275
HPKG00DJGT1572435520,HPKG,DJGT15724355
UCWM00LGJN3176033438,UCWM,LGJN31760334
QFPU00NCLT2475787682,QFPU,NCLT24757876
HQHM00VTXI8378666269,HQHM,VTXI83786662
YUAU00JVJA2869204212,YUAU,JVJA28692042
URPL00BLDI2069350082,URPL,BLDI20693500
QFUH00VZPY5085884753,QFUH,VZPY50858847
ZICC00ZPSY4127196754,ZICC,ZPSY41271967
QORU00POCN9807769688,QORU,POCN98077696
CIXJ00WKHZ2812070413,CIXJ,WKHZ28120704
HNYE00BDXK8907198557,HNYE,BDXK89071985
ZQIE00XOJT7703997719,ZQIE,XOJT77039977
VLKR00KITQ0586832219,VLKR,KITQ05868322
JYHR00CXDB3185055042,JYHR,CXDB31850550
TXRT00VLLS0493554254,TXRT,VLLS04935542
VJGE00FAFS1228432912,VJGE,FAFS12284329
UNZO00VQCD5548438973,UNZO,VQCD55484389
AMGD00XBQY8685677520,AMGD,XBQY86856775
GTWL00SSOZ3574105279,GTWL,SSOZ35741052
SEIN00ESPE0045717272,SEIN,ESPE00457172
XXTX00HACC6931598181,XXTX,HACC69315981
GXBG00KPCN6792449275,GXBG,KPCN67924492
VLSW00YUNN1877372529,VLSW,YUNN18773725
BNER00RMFT5711551005,BNER,RMFT57115510
DGXM00XCEY0849802681,DGXM,XCEY08498026
WZHU00XRZR3732702613,WZHU,XRZR37327026
BUVS00BQXN5639408637,BUVS,BQXN56394086
WRSU00QNFZ3738724303,WRSU,QNFZ37387243
HSDT00TYRJ1818938483,HSDT,TYRJ18189384
ATAP00GKPN5794328983,ATAP,GKPN57943289
FCCV00WNPZ0653612959,FCCV,WNPZ06536129
FGIO00WJHQ5062717257,FGIO,WJHQ50627172
PJTU00CXSY5721031479,PJTU,CXSY57210314
YDQA00WZVQ6316554463,YDQA,WZVQ63165544
NEHV00WKNX9721119540,NEHV,WKNX97211195
DVQZ00TSNN3767289156,DVQZ,TSNN37672891
IXQD00SKWD5704549957,IXQD,SKWD57045499
HMLZ00KAAM5588444151,HMLZ,KAAM55884441
UZJJ00VPBD9181173913,UZJJ,VPBD91811739
FSKD00DGXF3003057046,FSKD,DGXF30030570
DHTK00HLPN0473757539,DHTK,HLPN04737575
HURV00KWEH2178431919,HURV,KWEH21784319
LLIG00ITTK0732091784,LLIG,ITTK07320917
RWXI00HRFK7579016346,RWXI,HRFK75790163
HIVF00DDIX2870964777,HIVF,DDIX28709647
ZION00HPAF2073652920,ZION,HPAF20736529
BYCG00IHQY2010537983,BYCG,IHQY20105379
UAHY00KYFB4744456344,UAHY,KYFB47444563
CLDP00HQSP0235750511,CLDP,HQSP02357505
TRKI00IBMD8517728667,TRKI,IBMD85177286
FOZD00KCKN0687615112,FOZD,KCKN06876151
HVXG00DKFE5069358130,HVXG,DKFE50693581
VNGR00KURD3527415109,VNGR,KURD35274151
RBZQ00BLCV2748289645,RBZQ,BLCV27482896
IXBM00WJTL2897307255,IXBM,WJTL28973072
COCZ00PSDE1803471446,COCZ,PSDE18034714
UEFP00NBOA0232949747,UEFP,NBOA02329497
RVQH00XNIO2857146238,RVQH,XNIO28571462
QVGH00OMGQ8295334762,QVGH,OMGQ82953347
BIZL00ZMEQ4390840413,BIZL,ZMEQ43908404
BXTS00EBCB6529459235,BXTS,EBCB65294592
OYDO00TZXC0310271466,OYDO,TZXC03102714
QWVD00BAAU2115483804,QWVD,BAAU21154838
KAUH00NEDG9195545896,KAUH,NEDG91955458
QMMD00XEJZ0602181337,QMMD,XEJZ06021813
INGW00DXWW8888955963,INGW,DXWW88889559
SUXD00HVUK0632922692,SUXD,HVUK06329226
WCMP00KBAJ8974025080,WCMP,KBAJ89740250
HECT00RUSX1399080866,HECT,RUSX13990808
ODNG00BSRA9665741057,ODNG,BSRA96657410
QEQD00PPIZ6246716366,QEQD,PPIZ62467163
JBRV00INZB4393540259,JBRV,INZB43935402
NTKU00RVSV6345762913,NTKU,RVSV63457629
SRWD00ICCA6957949569,SRWD,ICCA69579495
MEQQ00FNQX5130479347,MEQQ,FNQX51304793
JATW00CKCZ8079832298,JATW,CKCZ80798322
ZWCZ00HGKQ4063110644,ZWCZ,HGKQ40631106
BDCU00UXXO1709058271,BDCU,UXXO17090582
KWEG00ITVB3829031965,KWEG,ITVB38290319
URHM00LMKN3618046576,URHM,LMKN36180465
PIZV00BPKR7020245031,PIZV,BPKR70202450
TIHR00FZDC5973120092,TIHR,FZDC59731200
LQDI00VUYY1249046049,LQDI,VUYY12490460
HTYN00PAXN2213250941,HTYN,PAXN22132509
MLQU00OEND6068980963,MLQU,OEND60689809
TWSD00VMSC6031846998,TWSD,VMSC60318469
LFNE00AFOJ3740456739,LFNE,AFOJ37404567
EUPE00GXWK9193872285,EUPE,GXWK91938722
ESVD00XUBX4403707975,ESVD,XUBX44037079
YHLB00QUDN5082851311,YHLB,QUDN50828513
XTOB00TCGV7920500427,XTOB,TCGV79205004
OTSS00NAYX2872362086,OTSS,NAYX28723620
LMZR00DJCK9798000649,LMZR,DJCK97980006
EOQC00SFFB5161830446,EOQC,SFFB51618304
ELMO00TWRS0118009277,ELMO,TWRS01180092
HCNT00SMHY8060143966,HCNT,SMHY80601439
HSMT00BUPY6218669510,HSMT,BUPY62186695
INAX00ZQQZ3999908723,INAX,ZQQZ39999087
UDAY00RPTR8342449857,UDAY,RPTR83424498
PWXW00LCTT3978444147,PWXW,LCTT39784441
HSCM00PDBU3014286676,HSCM,PDBU30142866
BEHO00JYVA1034356539,BEHO,JYVA10343565
YDKR00BZAL9859128471,YDKR,BZAL98591284
YJYJ00PGGQ9868407645,YJYJ,PGGQ98684076
GMZF00GDHV3423060628,GMZF,GDHV34230606
HDOX00BAEN4719023148,HDOX,BAEN47190231
RVAL00OWCZ3747813768,RVAL,OWCZ37478137
VJQG00IQTC1796427870,VJQG,IQTC17964278
GUNI00GBGC2308066663,GUNI,GBGC23080666
SGMK00LXEK0696849959,SGMK,LXEK06968499
HAUN00RGYR8493652578,HAUN,RGYR84936525
SNGR00ZPBE2674841451,SNGR,ZPBE26748414
DUWY00HFMI0729384063,DUWY,HFMI07293840
VOGW00DEJO6906763310,VOGW,DEJO69067633
IMFI00YXKA7100917855,IMFI,YXKA71009178
KJPJ00HVWE9953623166,KJPJ,HVWE99536231
SDOW00UTSO8518163074,SDOW,UTSO85181630
JKIB00QBTX9781754055,JKIB,QBTX97817540
MTXN00FSVQ5737828074,MTXN,FSVQ57378280
QOZL00OEQT3965726105,QOZL,OEQT39657261
NAUW00WLOR0121997790,NAUW,WLOR01219977
BCFT00UNWB9026463305,BCFT,UNWB90264633
XVXE00CFXG7740349303,XVXE,CFXG77403493
NBFP00XTJD5746715741,NBFP,XTJD57467157
CHWV00YQRP6718245217,CHWV,YQRP67182452
OSCD00PBXL4786002136,OSCD,PBXL47860021
JFPC00LMUT1325535585,JFPC,LMUT13255355
LDGR00PSYS7195704232,LDGR,PSYS71957042
RZCD00FMGK2468675461,RZCD,FMGK24686754
ECRI00LALO7507864691,ECRI,LALO75078646
CXJR00QFWZ2084930169,CXJR,QFWZ20849301
FXTN00XHQU0872383660,FXTN,XHQU08723836
OULS00MHVC5484849312,OULS,MHVC54848493
CAIR00OWUZ7734770835,CAIR,OWUZ77347708
DLHN00TMZW8823590757,DLHN,TMZW88235907
LETY00LNXK8515077033,LETY,LNXK85150770
TFZN00AVDI0830103175,TFZN,AVDI08301031
AECG00HNTE3503589502,AECG,HNTE35035895
CXMB00ZPQG9913354914,CXMB,ZPQG99133549
HICA00FNPC1940232018,HICA,FNPC19402320
JUYF00DWFM4514462455,JUYF,DWFM45144624
ZNDZ00GWZS4485089924,ZNDZ,GWZS44850899
OKRI00RSFD4956143076,OKRI,RSFD49561430
EVLX00TYZK7859824355,EVLX,TYZK78598243
UAKX00DUJY7329294104,UAKX,DUJY73292941
ZJDJ00WCTN5773157721,ZJDJ,WCTN57731577
JPDM00ZUQH7749422824,JPDM,ZUQH77494228
DFIX00COZS7331078204,DFIX,COZS73310782
BVET00XNXF6154148010,BVET,XNXF61541480
GFCO00ONSQ0705365829,GFCO,ONSQ07053658
ZEAG00JVMV9769841193,ZEAG,JVMV97698411
YVCG00HYKA7237954365,YVCG,HYKA72379543
EMBJ00YJLB3593630770,EMBJ,YJLB35936307
UATX00WLOY9576439257,UATX,WLOY95764392
TEXT00YTUM8324233910,TEXT,YTUM83242339
WHVY00DCCY5150448560,WHVY,DCCY51504485
PLJF00XJBS8207184677,PLJF,XJBS82071846
UTHY00QYPS8596348725,UTHY,QYPS85963487
IKCV00OECZ7628033102,IKCV,OECZ76280331
ZZQU00WDKY8070316526,ZZQU,WDKY80703165
EUHQ00CXFM4056355976,EUHQ,CXFM40563559
OPYP00DDDT4362214807,OPYP,DDDT43622148
DECF00XGDQ8716893261,DECF,XGDQ87168932
QKIZ00XSHW5148164705,QKIZ,XSHW51481647
FQWB00AUPB2260344087,FQWB,AUPB22603440
MWZP00SEXA0097793052,MWZP,SEXA00977930
SJUA00XYJJ5805295581,SJUA,XYJJ58052955
NHXG00VIJQ1358401521,NHXG,VIJQ13584015
IWYI00HSXY7885464442,IWYI,HSXY78854644
DASK00IEWQ7361281895,DASK,IEWQ73612818
CSYG00ZDID1998876614,CSYG,ZDID19988766
PYAC00FWSQ6798355433,PYAC,FWSQ67983554
YAAY00HKTM0639432671,YAAY,HKTM06394326
GXCC00AXHS9898979876,GXCC,AXHS98989798
YUUR00CAGV7094119915,YUUR,CAGV70941199
UMFS00UCKL1811653657,UMFS,UCKL18116536
MERG00GZLC0395274313,MERG,GZLC03952743
ASKJ00ZQDW1678028537,ASKJ,ZQDW16780285
CKOL00CONF9271673657,CKOL,CONF92716736
LGUT00GJII3281729161,LGUT,GJII32817291
BGOD00XBTK4009388009,BGOD,XBTK40093880
EIEF00ZAIJ3412946747,EIEF,ZAIJ34129467
DXYP00PQTQ0768804782,DXYP,PQTQ07688047
GMFH00AKUD9274610174,GMFH,AKUD92746101
IDNQ00HQIC9017502015,IDNQ,HQIC90175020
AAXM00BAPH3857865672,AAXM,BAPH38578656
HVHX00SDUC5947721148,HVHX,SDUC59477211
WYMU00PCKT2691498552,WYMU,PCKT26914985
TQCZ00OCLH0625749415,TQCZ,OCLH06257494
XVDR00WUUL6486442177,XVDR,WUUL64864421
KGDU00ZLIC2529250957,KGDU,ZLIC25292509
FOIZ00HGJQ1055930568,FOIZ,HGJQ10559305
MDLM00NXVN1766493445,MDLM,NXVN17664934
RUNF00RYOX5935078481,RUNF,RYOX59350784
LKTH00JPNJ0532149790,LKTH,JPNJ05321497
AFGI00DUSB9425147673,AFGI,DUSB94251476
PUEV00NDXH1198041033,PUEV,NDXH11980410
YRVJ00AQPN9396970145,YRVJ,AQPN93969701
TMMB00UCGE1321531272,TMMB,UCGE13215312
QMAH00EEZS4595750442,QMAH,EEZS45957504
WFMH00TBCG1516020557,WFMH,TBCG15160205
ORKP00YTAU2548117697,ORKP,YTAU25481176
QJCD00GLOW5100270757,QJCD,GLOW51002707
XIQG00JHPS5669077442,XIQG,JHPS56690774
YWSG00KUJK4447446418,YWSG,KUJK44474464
GGNK00NKNG1553589149,GGNK,NKNG15535891
SCRG00RJLN4089362055,SCRG,RJLN40893620
IIAY00ONWY5187568885,IIAY,ONWY51875688
OYHD00WBMC1640808255,OYHD,WBMC16408082
TEFK00EWTX4189870957,TEFK,EWTX41898709
RNMW00YEGI3163224623,RNMW,YEGI31632246
NKFH00NRAG0879853908,NKFH,NRAG08798539
YJRM00ZNKQ8971297933,YJRM,ZNKQ89712979
XTTT00FSME0340169537,XTTT,FSME03401695
TSQB00GPET6036589589,TSQB,GPET60365895
NTXC00UWKI6211779764,NTXC,UWKI62117797
ZFUZ00MJFT1712437935,ZFUZ,MJFT17124379
CMDR00ZTJL9589052455,CMDR,ZTJL95890524
SAOE00MIQD7194009631,SAOE,MIQD71940096
BLVR00EYUA2573918174,BLVR,EYUA25739181
RPYX00EURN7641655885,RPYX,EURN76416558
EZOB00YUMO1932134214,EZOB,YUMO19321342
ERPC00IORS5778942471,ERPC,IORS57789424
UAQF00LLDL4147285585,UAQF,LLDL41472855
CFKZ00ATWA6441257190,CFKZ,ATWA64412571
EOJN00ZFSU3982015154,EOJN,ZFSU39820151
MOTU00FPLC3611861080,MOTU,FPLC36118610
GVZX00NKWM7002531640,GVZX,NKWM70025316
QXPC00KFHS7796502344,QXPC,KFHS77965023
JKCH00EWRB1238873978,JKCH,EWRB12388739
OBZE00AJKD4098921980,OBZE,AJKD40989219
NOLT00HKUI4083995221,NOLT,HKUI40839952
BDJK00OBXA2880376984,BDJK,OBXA28803769
UTFP00OKLZ4351707755,UTFP,OKLZ43517077
SKIJ00TIFX0589322616,SKIJ,TIFX05893226
OVMQ00GDFN3428464850,OVMQ,GDFN34284648
JOBP00EGPF2855265769,JOBP,EGPF28552657
ZFVS00CBKK5664057569,ZFVS,CBKK56640575
NKBS00MHLA9513822474,NKBS,MHLA95138224
EUER00MPWT4994572054,EUER,MPWT49945720
QVPC00GDFE6245402727,QVPC,GDFE62454027
OTKW00RSXW3141795657,OTKW,RSXW31417956
SOZN00NQHG9549822022,SOZN,NQHG95498220
SBKF00FBFF4251552021,SBKF,FBFF42515520
EANP00NXDH0181112002,EANP,NXDH01811120
NXHQ00OVJB9254705065,NXHQ,OVJB92547050
GFWU00DIKB5027748665,GFWU,DIKB50277486
RQSB00RGRG6432495518,RQSB,RGRG64324955
PCMS00XGXV7901699782,PCMS,XGXV79016997
YAAG00SXLB1957372456,YAAG,SXLB19573724
SXAQ00DAUO3241154706,SXAQ,DAUO32411547
YGWH00JBZC2651818056,YGWH,JBZC26518180
QCQJ00LQEX0627829969,QCQJ,LQEX06278299
JOLP00VDYM8450610085,JOLP,VDYM84506100
DUYY00GSVT4327840576,DUYY,GSVT43278405
OVER00OBBT6163319062,OVER,OBBT61633190
DMJG00SJGO4861880197,DMJG,SJGO48618801
RKZH00IBWV7305257349,RKZH,IBWV73052573
DWOK00GIDE2166891152,DWOK,GIDE21668911
XWHX00PVYE0714889708,XWHX,PVYE07148897
ZFIU00EMSC5164027562,ZFIU,EMSC51640275
TACY00SIRI2594797490,TACY,SIRI25947974
ZLHE00LFQY1434139614,ZLHE,LFQY14341396
JQXX00LKDU3851473492,JQXX,LKDU38514734
VFDD00VITR2947175457,VFDD,VITR29471754
ARKQ00MROA5757009459,ARKQ,MROA57570094
LYPN00VSOS2167796122,LYPN,VSOS21677961
EMNN00AARJ6186726243,EMNN,AARJ61867262
BVBU00VCIG4396179135,BVBU,VCIG43961791
MCCQ00ZTVA9067044037,MCCQ,ZTVA90670440
LLKP00ZSAM6111154633,LLKP,ZSAM61111546
QPEJ00EECZ2486270050,QPEJ,EECZ24862700
CXNW00LFNG9758236772,CXNW,LFNG97582367
AFCE00WARU9865914678,AFCE,WARU98659146
GBXK00BIYM9756385162,GBXK,BIYM97563851
XSJX00VIDV9205596536,XSJX,VIDV92055965
SMJO00ZIXS5592966624,SMJO,ZIXS55929666
YUSZ00QXYB6901682566,YUSZ,QXYB69016825
JDIK00KHJI2530345612,JDIK,KHJI25303456
JWLR00KUSM5635829858,JWLR,KUSM56358298
FDTP00TYGE6383322111,FDTP,TYGE63833221
HCXN00NXAY4324965813,HCXN,NXAY43249658
FMDL00QQBM9572219324,FMDL,QQBM95722193
DODF00SSAI1354792619,DODF,SSAI13547926
YEOR00LFAA5867837392,YEOR,LFAA58678373
DJUU00JTUB2268118587,DJUU,JTUB22681185
TRZY00CCON3026624171,TRZY,CCON30266241
GWGB00AVSQ2302874852,GWGB,AVSQ23028748
PUTG00ZWIR1667183575,PUTG,ZWIR16671835
QOKB00MXKX2018643491,QOKB,MXKX20186434
ITGQ00JQVJ0011874276,ITGQ,JQVJ00118742
GGFQ00FRDH2369546309,GGFQ,FRDH23695463
HVFM00ZOPR2941158066,HVFM,ZOPR29411580
AZMB00UNWZ6158463447,AZMB,UNWZ61584634
EOTH00VGTQ4401357353,EOTH,VGTQ44013573
WXCG00UOCG9639638508,WXCG,UOCG96396385
AXGJ00PTBR0178666021,AXGJ,PTBR01786660
TWSQ00RFBU0073984610,TWSQ,RFBU00739846
RMAU00PQYW3736765759,RMAU,PQYW37367657
NYDU00BARE6425695932,NYDU,BARE64256959
KZLC00QFSJ7460568107,KZLC,QFSJ74605681
BVDF00CTOI1173699409,BVDF,CTOI11736994
PKFB00AAXX1440582781,PKFB,AAXX14405827
EHTW00CPHC9025128289,EHTW,CPHC90251282
OLQK00QNGM8424872804,OLQK,QNGM84248728
MGPM00MXTP6716316466,MGPM,MXTP67163164
FMWD00JZCW2156156988,FMWD,JZCW21561569
TUYF00GNVH4310797771,TUYF,GNVH43107977
SUSK00SDUM0859766195,SUSK,SDUM08597661
NMLF00YWVT2237988569,NMLF,YWVT22379885
HGLO00KPDG0769594072,HGLO,KPDG07695940
GKXT00SHJY7272328615,GKXT,SHJY72723286
CKNE00GBUS9100805237,CKNE,GBUS91008052
TEWL00OANV6090108290,TEWL,OANV60901082
HMZR00THJQ9995646346,HMZR,THJQ99956463
RKXD00DNRD5459368673,RKXD,DNRD54593686
LHJY00HSTU9284930152,LHJY,HSTU92849301
NYJP00EBHP9635185794,NYJP,EBHP96351857
FHEV00EIBD8227088476,FHEV,EIBD82270884
CIHD00ZSTX1604739269,CIHD,ZSTX16047392
WHMW00TFPF6075046823,WHMW,TFPF60750468
UZWA00TEQC6620567281,UZWA,TEQC66205672
YDOF00WUQH5082597055,YDOF,WUQH50825970
BVUK00IEUX2568491562,BVUK,IEUX25684915
TAYK00NKCP8920286816,TAYK,NKCP89202868
FSDS00NTFT2320678170,FSDS,NTFT23206781
CJCR00MYOZ4790245224,CJCR,MYOZ47902452
LUTM00QTRT5946080507,LUTM,QTRT59460805
UWJY00KQDJ7516142961,UWJY,KQDJ75161429
WPJT00YCXD3853213631,WPJT,YCXD38532136
SUKB00DLAA1294813176,SUKB,DLAA12948131
DUAG00LVEJ2753089974,DUAG,LVEJ27530899
VYHT00SUMF4199711942,VYHT,SUMF41997119
XHLV00NUHG5770308611,XHLV,NUHG57703086
IHVU00ZCSJ6588728355,IHVU,ZCSJ65887283
LQPT00SCAH7791438450,LQPT,SCAH77914384
KPKK00ICJG6023989947,KPKK,ICJG60239899
NIUF00TKSY3274918428,NIUF,TKSY32749184
WGHA00ETXZ6907080845,WGHA,ETXZ69070808
SQNZ00SFEX6507929986,SQNZ,SFEX65079299
VTPI00SKWV1262409091,VTPI,SKWV12624090
ZNJX00TVLI3133355490,ZNJX,TVLI31333554
WWJC00FYGZ6129041905,WWJC,FYGZ61290419
KAOR00MCHS7276235475,KAOR,MCHS72762354
XZNZ00PMWG9494354428,XZNZ,PMWG94943544
YJJF00HPBE6160953739,YJJF,HPBE61609537
AHYG00NPYK6071533986,AHYG,NPYK60715339
QLHR00WZKR1713681175,QLHR,WZKR17136811
UPEZ00TPQG5628184097,UPEZ,TPQG56281840
ESVF00BGKW1200692322,ESVF,BGKW12006923
NKMD00WBLC1030121317,NKMD,WBLC10301213
VUEK00QPIC8860079195,VUEK,QPIC88600791
WZMK00HTIJ4824033819,WZMK,HTIJ48240338
RKXD00SYBL5909870391,RKXD,SYBL59098703
WTRH00PVUE0946637565,WTRH,PVUE09466375
KADZ00ANPF1240107245,KADZ,ANPF12401072
QJZR00BPQI2431798874,QJZR,BPQI24317988
FQQU00RYOR9113371353,FQQU,RYOR91133713
UUZN00ZOBT5438106450,UUZN,ZOBT54381064
FEJO00CPFO6045993146,FEJO,CPFO60459931
RUYE00SXEV9423122917,RUYE,SXEV94231229
GBKX00WMAI4699169722,GBKX,WMAI46991697
GTLZ00XLEA9977776852,GTLZ,XLEA99777768
UMIG00WLVC5053211582,UMIG,WLVC50532115
BPEI00KSTR8365384308,BPEI,KSTR83653843
TEVD00KERZ9934417874,TEVD,KERZ99344178
FGSN00MWNN6503468334,FGSN,MWNN65034683
LDBO00SOWL7521466838,LDBO,SOWL75214668
MISN00OCFK6925575911,MISN,OCFK69255759
LQZE00DNJI5335061777,LQZE,DNJI53350617
VIQW00TBWL2998216141,VIQW,TBWL29982161
KAHW00WCGE6423000315,KAHW,WCGE64230003
WVPU00KVUN3692614914,WVPU,KVUN36926149
WODO00HMXB7687367502,WODO,HMXB76873675
XSMX00MCWP6545140336,XSMX,MCWP65451403
QKAJ00ZPJJ8363069073,QKAJ,ZPJJ83630690
OJLY00LYDX8049567725,OJLY,LYDX80495677
LSFE00TYGN0071964908,LSFE,TYGN00719649
ZQGY00OMFW2881855523,ZQGY,OMFW28818555
EBYO00UGQY0769888487,EBYO,UGQY07698884
VMEO00BKXN7940344615,VMEO,BKXN79403446
QBPK00FKHR9386121850,QBPK,FKHR93861218
EHXJ00KLWI7302192082,EHXJ,KLWI73021920
IITI00BIEG8690832870,IITI,BIEG86908328
QIOX00IIJJ6089541760,QIOX,IIJJ60895417
VGOV00LRRJ4495688539,VGOV,LRRJ44956885
CKGK00DEZC4436007732,CKGK,DEZC44360077
IDZZ00AISW3159568295,IDZZ,AISW31595682
HVJI00BIVP5823659683,HVJI,BIVP58236596
TJBV00YCHC1830045143,TJBV,YCHC18300451
PXZH00SXTK0638673580,PXZH,SXTK06386735
FEMQ00CAAS7502932707,FEMQ,CAAS75029327
RGPY00AFLR1599027145,RGPY,AFLR15990271
GYXN00PBSU2085793834,GYXN,PBSU20857938
NJZR00OIJQ0726452160,NJZR,OIJQ07264521
HWPL00KPUP3704707619,HWPL,KPUP37047076
VLWU00QROW2796452395,VLWU,QROW27964523
KRCA00DKMN1253300424,KRCA,DKMN12533004
NFYE00BGJM2957674441,NFYE,BGJM29576744
XZXS00QODB4334831626,XZXS,QODB43348316
TTXU00QYLW7889901338,TTXU,QYLW78899013
XRAD00DJKK7904366858,XRAD,DJKK79043668
HCGJ00WYOT5162882310,HCGJ,WYOT51628823
EUMH00FSYU5004136425,EUMH,FSYU50041364
EIZP00IHCQ2742943270,EIZP,IHCQ27429432
IZXB00OGRQ8852855183,IZXB,OGRQ88528551
FHNB00UYJH2661665618,FHNB,UYJH26616656
SXLM00OMBB2025435368,SXLM,OMBB20254353
YZHB00KXIS2270546433,YZHB,KXIS22705464
UDXK00BMED0418330831,UDXK,BMED04183308
DVRP00UJUP9729217027,DVRP,UJUP97292170
DZXH00SGJB2223240146,DZXH,SGJB22232401
FAKW00LCXK9215646423,FAKW,LCXK92156464
ZEUM00ZJGG4109090005,ZEUM,ZJGG41090900
RJCQ00CYRP4234223847,RJCQ,CYRP42342238
UCQO00APID1657965757,UCQO,APID16579657
IOPW00HAGH9961300541,IOPW,HAGH99613005
FCVG00IIQG7096065854,FCVG,IIQG70960658
ROZJ00IFMD4590516260,ROZJ,IFMD45905162
XEQN00LICS8450764843,XEQN,LICS84507648
YBAB00KHPJ2663908791,YBAB,KHPJ26639087
RNRF00DVXM9724082576,RNRF,DVXM97240825
XTPM00NTAY7676699326,XTPM,NTAY76766993
LHLE00FBIX6704519784,LHLE,FBIX67045197
RWCA00RZNA7388767103,RWCA,RZNA73887671
FBME00AAWT8360921742,FBME,AAWT83609217
EIFX00QMSN9826666502,EIFX,QMSN98266665
DRMH00SRFS6538114182,DRMH,SRFS65381141
VSNP00IIGM5140181806,VSNP,IIGM51401818
EHWN00LKNX2382290896,EHWN,LKNX23822908
QGQY00YHHN7836214223,QGQY,YHHN78362142
RDLQ00RXYC3097521319,RDLQ,RXYC30975213
PILI00ZTZB0988295008,PILI,ZTZB09882950
LEEQ00SWTO3441929846,LEEQ,SWTO34419298
EVPK00XHTE9514818432,EVPK,XHTE95148184
FIJG00QYGC2952268512,FIJG,QYGC29522685
XBFE00GZXY8214906043,XBFE,GZXY82149060
ABSC00GRVS6212438910,ABSC,GRVS62124389
WDZG00CKVY3538945276,WDZG,CKVY35389452
IYOB00DIWY6445239757,IYOB,DIWY64452397
ZOPR00IARC1388308868,ZOPR,IARC13883088
CGCQ00YODW4876301010,CGCQ,YODW48763010
LIXU00NUMR0766486165,LIXU,NUMR07664861
ICMM00AHJI7316586925,ICMM,AHJI73165869
XYTO00GJAW5519170768,XYTO,GJAW55191707
TOXR00EVYX6950085820,TOXR,EVYX69500858
HBCU00QKHY7484530371,HBCU,QKHY74845303
DMVI00KUAV5029562163,DMVI,KUAV50295621
VDUA00SGFI7606433997,VDUA,SGFI76064339
EOFG00QIBD9217777826,EOFG,QIBD92177778
MLCO00QIWX7686035072,MLCO,QIWX76860350
DIJM00YEUR4476046085,DIJM,YEUR44760460
TXAA00BABP2250081096,TXAA,BABP22500810
AEZS00JYMU9332090221,AEZS,JYMU93320902
QADM00LOHH5168261091,QADM,LOHH51682610
NPBX00KRKK7960874750,NPBX,KRKK79608747
AGJM00PLTF5935434172,AGJM,PLTF59354341
FGXZ00EJMR7679340978,FGXZ,EJMR76793409
QCAW00VQKV1965471596,QCAW,VQKV19654715
WQRT00BERM5509363532,WQRT,BERM55093635
JLXG00IRKN5115265121,JLXG,IRKN51152651
ULKJ00THBH5515845893,ULKJ,THBH55158458
UFUE00VVRX0099595256,UFUE,VVRX00995952
CVHV00IDVU5022455694,CVHV,IDVU50224556
LEUD00AXTW6065802503,LEUD,AXTW60658025
QKAU00PYKC5407646710,QKAU,PYKC54076467
CFHV00EQLM9784634612,CFHV,EQLM97846346
GEBG00XNQL7050100410,GEBG,XNQL70501004
UUUI00ZAKF6696763622,UUUI,ZAKF66967636
DJJS00NQRK2304918294,DJJS,NQRK23049182
WFJQ00HMPQ7127119311,WFJQ,HMPQ71271193
DMQB00YSDP7286644414,DMQB,YSDP72866444
XGMR00PHIM0234945004,XGMR,PHIM02349450
SSAJ00ADNV8544302766,SSAJ,ADNV85443027
XQYV00QINH2491577344,XQYV,QINH24915773
WSVB00FEFK7543513731,WSVB,FEFK75435137
NOMV00MIOH9867389141,NOMV,MIOH98673891
PSKW00IQPR6361831417,PSKW,IQPR63618314
RDST00NXQD1470261261,RDST,NXQD14702612
TPRZ00MJIF0636696245,TPRZ,MJIF06366962
GSWX00IBGN5452979139,GSWX,IBGN54529791
SJXB00NMKW3068493770,SJXB,NMKW30684937
DGTO00RBBE1129295625,DGTO,RBBE11292956
ILIJ00APHW7383913841,ILIJ,APHW73839138
KAJT00XBHR9708887204,KAJT,XBHR97088872
JMPH00BAAD0661975479,JMPH,BAAD06619754
NRAM00DECB1706714122,NRAM,DECB17067141
CMAZ00YNJY9809459745,CMAZ,YNJY98094597
XBKO00NQBB6641119124,XBKO,NQBB66411191
HKGK00EAII1514243250,HKGK,EAII15142432
LCRA00MQTS4973795103,LCRA,MQTS49737951
DLAO00PDXE3579469926,DLAO,PDXE35794699
DKMX00NFTV2246396265,DKMX,NFTV22463962
HFLG00CUFR0792036631,HFLG,CUFR07920366
NMLA00LSCX1854407989,NMLA,LSCX18544079
BUJY00NFXV6281577822,BUJY,NFXV62815778
TWCV00TUKC5493225166,TWCV,TUKC54932251
ZBPK00SLEO0218666820,ZBPK,SLEO02186668
UIIH00NCMV2172517615,UIIH,NCMV21725176
PWRE00GQMP4173187969,PWRE,GQMP41731879
UDKM00CJSH1585113723,UDKM,CJSH15851137
MMZJ00UYYU4425023330,MMZJ,UYYU44250233
LNSO00CJZX3510740834,LNSO,CJZX35107408
UPYW00MKIV3426862785,UPYW,MKIV34268627
ZZYV00HVAC3514907389,ZZYV,HVAC35149073
YUST00PYCQ8071418794,YUST,PYCQ80714187
KSVY00TJBR4377966491,KSVY,TJBR43779664
TUYA00HKWV4028980002,TUYA,HKWV40289800
LNAB00QHHB5327522021,LNAB,QHHB53275220
DOZB00BVNS2639757518,DOZB,BVNS26397575
MFWN00XKLT0885421658,MFWN,XKLT08854216
KOYR00FTXK2206758966,KOYR,FTXK22067589
WXGU00EBSW3648757530,WXGU,EBSW36487575
WKXY00RMDW0021406647,WKXY,RMDW00214066
BAZW00CDAI4048810326,BAZW,CDAI40488103
RMPF00QWVU3224780850,RMPF,QWVU32247808
KIFQ00INDX8987092663,KIFQ,INDX89870926
ZGVN00KDRD9151800793,ZGVN,KDRD91518007
XWQY00RNZC8126885865,XWQY,RNZC81268858
TPWM00WXBC8708351869,TPWM,WXBC87083518
CBLB00BDVF2985559051,CBLB,BDVF29855590
AGYZ00JXRQ3820133842,AGYZ,JXRQ38201338
GNHD00MHLQ8554598357,GNHD,MHLQ85545983
AASS00RBBR7534912588,AASS,RBBR75349125
NYAL00DMHL7617025617,NYAL,DMHL76170256
XLBX00MZYN8853593251,XLBX,MZYN88535932
TTYA00JTEI8752419390,TTYA,JTEI87524193
YMSA00WKBL0441536796,YMSA,WKBL04415367
KZPH00ICZH4004978935,KZPH,ICZH40049789
GILN00NBQQ7884389988,GILN,NBQQ78843899
BKSE00FBDO9403411525,BKSE,FBDO94034115
OJKV00ENWH9318498667,OJKV,ENWH93184986
HETA00MGRN2839540598,HETA,MGRN28395405
VZTQ00ZSTD0237943795,VZTQ,ZSTD02379437
OKMV00XZAZ7064777315,OKMV,XZAZ70647773
MUDU00OLQO5735318080,MUDU,OLQO57353180
AXSE00OCET3109999817,AXSE,OCET31099998
BYWC00CZEV2982839556,BYWC,CZEV29828395
CXIS00CMEI2583468798,CXIS,CMEI25834687
DWWH00OBVC3504446718,DWWH,OBVC35044467
USKZ00OYMS5252277224,USKZ,OYMS52522772
USFM00JUAW7798510115,USFM,JUAW77985101
GPBQ00RDKB4154469060,GPBQ,RDKB41544690
KOIN00PNDW9063838275,KOIN,PNDW90638382
MRIB00KYQO5355760842,MRIB,KYQO53557608
IUEK00HJSH0566967244,IUEK,HJSH05669672
SWPD00ABFC4179378850,SWPD,ABFC41793788
VRJN00XUTH2997544440,VRJN,XUTH29975444
HUGE00PJCQ8661415863,HUGE,PJCQ86614158
RSWC00VVQS3290578157,RSWC,VVQS32905781
XIMP00XOWW4750398576,XIMP,XOWW47503985
OWNM00VSRW1529040965,OWNM,VSRW15290409
IAAI00LNWR6483991217,IAAI,LNWR64839912
PBDE00JDML6416137889,PBDE,JDML64161378
BYGF00KVLG5647678449,BYGF,KVLG56476784
JAYH00WMMJ2144388917,JAYH,WMMJ21443889
YWYJ00ZBSB5648045381,YWYJ,ZBSB56480453
MZTI00WCOO1218436729,MZTI,WCOO12184367
AIWO00GAMO2085303811,AIWO,GAMO20853038
SYTV00JTOV8626339878,SYTV,JTOV86263398
DAAC00SUOD9717650051,DAAC,SUOD97176500
DDZH00IMOP7154976319,DDZH,IMOP71549763
NFPF00KVHI3881245456,NFPF,KVHI38812454
XERC00OJMU5417270689,XERC,OJMU54172706
EZFG00LOWY5650640945,EZFG,LOWY56506409
DNFM00FBQD9280855248,DNFM,FBQD92808552
WADD00UCFH1196881338,WADD,UCFH11968813
PGMW00HSXF2299881654,PGMW,HSXF22998816
HBIM00LDNO4099181624,HBIM,LDNO40991816
ZMPV00JIHZ3610046635,ZMPV,JIHZ36100466
VUMT00YHSY7387555966,VUMT,YHSY73875559
FAHP00QAQS7078500083,FAHP,QAQS70785000
WNOL00VHKY4869819081,WNOL,VHKY48698190
YBMN00BIOW8248461858,YBMN,BIOW82484618
TKWV00TCZT2019711391,TKWV,TCZT20197113
ASTR00SDKD6487566755,ASTR,SDKD64875667
YONZ00EHHJ8905182749,YONZ,EHHJ89051827
WEBB00KNDF5675854820,WEBB,KNDF56758548
FISY00TZGD3306147420,FISY,TZGD33061474
WZPX00BNDY8832161755,WZPX,BNDY88321617
ZTST00SBSU1340828368,ZTST,SBSU13408283
SSNR00ZQYS3426173076,SSNR,ZQYS34261730
OXJU00SDKM8902295079,OXJU,SDKM89022950
QJQA00DLQR0061270822,QJQA,DLQR00612708
ECCE00PGAK0422914922,ECCE,PGAK04229149
JCQV00SSPK8785866029,JCQV,SSPK87858660
UUWE00IXMQ6024253524,UUWE,IXMQ60242535
QHHU00DLDZ2343358052,QHHU,DLDZ23433580
DBAC00RERU8688276494,DBAC,RERU86882764
JCSX00PBAZ4775210845,JCSX,PBAZ47752108
RQFY00LKYX0303799274,RQFY,LKYX03037992
AFJM00JCTI0112625538,AFJM,JCTI01126255
UYSR00MPSJ7706133072,UYSR,MPSJ77061330
KMNQ00RIKJ0336033522,KMNQ,RIKJ03360335
MYFX00CXUI6508490939,MYFX,CXUI65084909
AHSH00XVCJ8259980180,AHSH,XVCJ82599801
KLBB00GKAB6146361389,KLBB,GKAB61463613
KJYA00WRQD5041570292,KJYA,WRQD50415702
NZCV00MFUC5774149981,NZCV,MFUC57741499
TVQN00EMRK6325459121,TVQN,EMRK63254591
NWDB00UHMS7719788877,NWDB,UHMS77197888
VOXM00HJMK3744589435,VOXM,HJMK37445894
HYHS00YMQC3915888314,HYHS,YMQC39158883
DLAQ00ZVPR0673999227,DLAQ,ZVPR06739992
VAQE00MULG7983882380,VAQE,MULG79838823
CQZQ00OEJJ6423675824,CQZQ,OEJJ64236758
TIFK00KTYR0018734203,TIFK,KTYR00187342
QQTI00NLUA2041253827,QQTI,NLUA20412538
QHLG00QRBZ9321662595,QHLG,QRBZ93216625
TMAZ00QIIO8054230290,TMAZ,QIIO80542302
RUON00ZMYI8051924088,RUON,ZMYI80519240
OKZE00RMEY9718077371,OKZE,RMEY97180773
VGPB00MOZX7937103485,VGPB,MOZX79371034
MTPY00PEWY0468406523,MTPY,PEWY04684065
RBYS00ORPD8886222137,RBYS,ORPD88862221
UIWX00JMCJ3564161353,UIWX,JMCJ35641613
SRKA00XOKG5850898177,SRKA,XOKG58508981
FHCW00UQIZ0914928013,FHCW,UQIZ09149280
GYME00VIKH7749660271,GYME,VIKH77496602
VNYC00VRYB0652153977,VNYC,VRYB06521539
KKZA00RPYS8442394226,KKZA,RPYS84423942
QLQJ00BNVH4836366873,QLQJ,BNVH48363668
VZVD00LQCF6661450544,VZVD,LQCF66614505
LXFW00KBTZ3810498182,LXFW,KBTZ38104981
XKDP00YIHE0646020527,XKDP,YIHE06460205
JMDJ00UCWI8582544476,JMDJ,UCWI85825444
RKGZ00NBCX1694415195,RKGZ,NBCX16944151
MLTJ00UPFI6954499905,MLTJ,UPFI69544999
LXQX00OAHL9769000375,LXQX,OAHL97690003
AWRQ00DCIT1067695272,AWRQ,DCIT10676952
MFTL00BFSW0317624393,MFTL,BFSW03176243
MWYH00TSSI3649518913,MWYH,TSSI36495189
RMXW00WCTB2389311689,RMXW,WCTB23893116
FDPJ00ZJZP1903544975,FDPJ,ZJZP19035449
CNZT00GAHU6984568802,CNZT,GAHU69845688
NGGD00RXZZ4698654719,NGGD,RXZZ46986547
RZZY00OIKT6531707583,RZZY,OIKT65317075
IBXT00CWWR8805606760,IBXT,CWWR88056067
LDRI00AWGN0303230827,LDRI,AWGN03032308
YMCS00WDCQ6044928750,YMCS,WDCQ60449287
BVQK00HQWT4029579195,BVQK,HQWT40295791
FQIR00GYHG3954714396,FQIR,GYHG39547143
XLQF00VLSA1046549535,XLQF,VLSA10465495
CDJZ00EPLJ3689847103,CDJZ,EPLJ36898471
PXBI00SPGJ4884729368,PXBI,SPGJ48847293
ODCP00VZAI9051974544,ODCP,VZAI90519745
SZHJ00GEJS0225811587,SZHJ,GEJS02258115
OAHR00OTVJ8721713595,OAHR,OTVJ87217135
SEDV00LYYR1983020605,SEDV,LYYR19830206
UXRJ00OSEV6266503914,UXRJ,OSEV62665039
EXMN00QFAF2438633786,EXMN,QFAF24386337
YUIT00OKBS5394290416,YUIT,OKBS53942904
LWOY00NAOR3989362709,LWOY,NAOR39893627
EYLY00ACDF7360913290,EYLY,ACDF73609132
YCXM00FCAF0593933612,YCXM,FCAF05939336
SFPS00KIJS2891302415,SFPS,KIJS28913024
FIDU00ZTJV4485223808,FIDU,ZTJV44852238
SOYZ00ENEU7220721566,SOYZ,ENEU72207215
KEMB00UUZE8822453432,KEMB,UUZE88224534
JTUO00PSWN9332442006,JTUO,PSWN93324420
LIWC00VVAY6110160758,LIWC,VVAY61101607
UWXI00MRUP4735044594,UWXI,MRUP47350445
UUKJ00HMOZ8980144457,UUKJ,HMOZ89801444
CPVC00ZRUX2238753944,CPVC,ZRUX22387539
GPZY00LRYE3833602590,GPZY,LRYE38336025
BBJJ00RDHF8385126597,BBJJ,RDHF83851265
FOLZ00SHTN7411330605,FOLZ,SHTN74113306
FAPM00GDFB7602216780,FAPM,GDFB76022167
BBUM00ZTYI4478814064,BBUM,ZTYI44788140
XEFA00FHJO0139961926,XEFA,FHJO01399619
ODQC00NPMH1278735506,ODQC,NPMH12787355
BRYZ00WGGB9098711988,BRYZ,WGGB90987119
EWGZ00GLFF8171894429,EWGZ,GLFF81718944
TJLX00VOIE7386732702,TJLX,VOIE73867327
XADS00HCFR4199121611,XADS,HCFR41991216
KAOZ00HSVU8530898582,KAOZ,HSVU85308985
BLVT00IDDX6702733704,BLVT,IDDX67027337
DORM00DJWU3587180323,DORM,DJWU35871803
HJWG00TDUU9698557837,HJWG,TDUU96985578
PBDY00YFND1931829324,PBDY,YFND19318293
YXCT00GPZE3685372382,YXCT,GPZE36853723
FWIO00JZPF2530669088,FWIO,JZPF25306690
NXEK00KWBI5859939697,NXEK,KWBI58599396
CTCU00ADLH3328170315,CTCU,ADLH33281703
TJXQ00UFLC4165650229,TJXQ,UFLC41656502
EMTO00JHEP6346658562,EMTO,JHEP63466585
PPOY00XHVC7567872439,PPOY,XHVC75678724
ZSBA00IKSV0903487710,ZSBA,IKSV09034877
WXFW00MHQX8582463281,WXFW,MHQX85824632
YBYS00GPCZ9164738776,YBYS,GPCZ91647387
STGE00NNAO9482609656,STGE,NNAO94826096
RFFA00ZLAG7507659768,RFFA,ZLAG75076597
PZMK00XXKW2128119825,PZMK,XXKW21281198
KMEI00QMOC3727003683,KMEI,QMOC37270036
NRUN00CPCD8426672625,NRUN,CPCD84266726
TCKF00BSCH2347884216,TCKF,BSCH23478842
TNME00PIDI7567524757,TNME,PIDI75675247
UONE00WCRX3761765226,UONE,WCRX37617652
VZIM00FTGU8197277456,VZIM,FTGU81972774
VPNZ00PITR1901270141,VPNZ,PITR19012701
PYFA00FITE2707108097,PYFA,FITE27071080
JMCR00NUSM9743616911,JMCR,NUSM97436169
IUKI00AFQF2062883460,IUKI,AFQF20628834
SDHH00QFMF2227822775,SDHH,QFMF22278227
ASAQ00GGHS0873819276,ASAQ,GGHS08738192
WAKI00SYOL1383914704,WAKI,SYOL13839147
GMQJ00ZGDF2539036449,GMQJ,ZGDF25390364
LUAO00FEYB6634460223,LUAO,FEYB66344602
XQWW00NXTR7233266498,XQWW,NXTR72332664
TFSN00BQPU8950228251,TFSN,BQPU89502282
JLWV00ZOXR1051083851,JLWV,ZOXR10510838
JUOX00OLEP8945579693,JUOX,OLEP89455796
DHBN00KLFE8886737014,DHBN,KLFE88867370
HGJL00BOVA0038357324,HGJL,BOVA00383573
HDMD00IVXF7868305257,HDMD,IVXF78683052
JQVZ00JCIL3512673796,JQVZ,JCIL35126737
ZRWV00OVNX2210764594,ZRWV,OVNX22107645
BZNS00HBWK8271043914,BZNS,HBWK82710439
FIAT00NOMN8089016543,FIAT,NOMN80890165
AYKI00TEWX4505789338,AYKI,TEWX45057893
DQHV00ELCR8912638273,DQHV,ELCR89126382
AFTH00RRSJ2150336149,AFTH,RRSJ21503361
WODX00UZZB2581581779,WODX,UZZB25815817
OWOX00QEQT5451768140,OWOX,QEQT54517681
YBGY00WYKU0517608241,YBGY,WYKU05176082
QSLB00PHJJ0574379845,QSLB,PHJJ05743798
DMZA00JIFM2904594333,DMZA,JIFM29045943
ICJK00XPQP5259039130,ICJK,XPQP52590391
LNLM00OHNA7066518968,LNLM,OHNA70665189
HYYG00NHZC0126854989,HYYG,NHZC01268549
XSXW00SIRT8017777881,XSXW,SIRT80177778
YNZG00JNGO3462063008,YNZG,JNGO34620630
ETIR00SVYV4905446765,ETIR,SVYV49054467
GMLD00HEUK4727498468,GMLD,HEUK47274984
FWKW00KZRH0317619887,FWKW,KZRH03176198
BTLG00LENM3534476259,BTLG,LENM35344762
TGEQ00YFUY7547432321,TGEQ,YFUY75474323
VARC00OFMT0544715902,VARC,OFMT05447159
VCAX00LNHN6367040622,VCAX,LNHN63670406
DLQN00GASB8130743790,DLQN,GASB81307437
HMJL00YMNM6506041923,HMJL,YMNM65060419
HRUG00OWQU1458488852,HRUG,OWQU14584888
YEJA00LXEP4819742266,YEJA,LXEP48197422
NUVG00FPSC2721387350,NUVG,FPSC27213873
KMPC00TKDK9253321874,KMPC,TKDK92533218
REJN00KBHU4685810005,REJN,KBHU46858100
HICR00SBUL4447933474,HICR,SBUL44479334
KTUG00KWML8587121251,KTUG,KWML85871212
HPOM00RWGT5167615332,HPOM,RWGT51676153
KKFU00MKBX5584968746,KKFU,MKBX55849687
ISXU00RNMI4468918454,ISXU,RNMI44689184
UEYS00QJZJ2355881983,UEYS,QJZJ23558819
ZHOV00LNSH5276155062,ZHOV,LNSH52761550
TDXV00MOQQ9481223692,TDXV,MOQQ94812236
JQTX00CKIC1056297077,JQTX,CKIC10562970
JNLK00IAZK6834940253,JNLK,IAZK68349402
ERST00LPMN9038837774,ERST,LPMN90388377
IRLM00SEME7611268974,IRLM,SEME76112689
RTSG00RMEW8516989847,RTSG,RMEW85169898
VQUB00ATSF1680568722,VQUB,ATSF16805687
HJIJ00LKGP2144595574,HJIJ,LKGP21445955
IFET00WOEP4168475266,IFET,WOEP41684752
PKSG00QCOX6040713420,PKSG,QCOX60407134
QPZN00AEFU5652871436,QPZN,AEFU56528714
BWDU00KTIX0281961952,BWDU,KTIX02819619
JWQT00SPSQ1245634574,JWQT,SPSQ12456345
AJBE00TTXL3586675856,AJBE,TTXL35866758
GHXW00BZJQ6896505038,GHXW,BZJQ68965050
WWDH00XBXJ0302809671,WWDH,XBXJ03028096
YJSR00KQNI3450529976,YJSR,KQNI34505299
LHHS00RTCD8096545656,LHHS,RTCD80965456
VGRH00NKFW2423502364,VGRH,NKFW24235023
YKMC00QCJP5248895077,YKMC,QCJP52488950
AGHB00XAQN8613904988,AGHB,XAQN86139049
WCOY00UUXL4270579962,WCOY,UUXL42705799
SDLJ00PVHG1390635993,SDLJ,PVHG13906359
IJMS00UWYJ7246440585,IJMS,UWYJ72464405
SGTH00VUZC1596635725,SGTH,VUZC15966357
QPJN00HAEZ3356958437,QPJN,HAEZ33569584
GNBH00VSXR2063420057,GNBH,VSXR20634200
JDWO00XQWY3290442498,JDWO,XQWY32904424
APFJ00UUZK5227940092,APFJ,UUZK52279400
IVJS00ZPCP3533658151,IVJS,ZPCP35336581
CHBS00NQOA9642753975,CHBS,NQOA96427539
POBN00HPSQ1276520216,POBN,HPSQ12765202
FDCN00IPJE6841849190,FDCN,IPJE68418491
EBOP00UMKY8211408934,EBOP,UMKY82114089
ADJC00KGWE2414877152,ADJC,KGWE24148771
UGTG00WZKQ8770271637,UGTG,WZKQ87702716
ZXBH00PHJD2489574166,ZXBH,PHJD24895741
YUGU00XJLH8831711131,YUGU,XJLH88317111
MYGW00WCCJ2651719719,MYGW,WCCJ26517197
NEOA00KURG3595825497,NEOA,KURG35958254
DPPA00VTGK1252161316,DPPA,VTGK12521613
QVBK00KOZV1440413261,QVBK,KOZV14404132
MQJT00ULKG1475773143,MQJT,ULKG14757731
OGBZ00LXUO5306839227,OGBZ,LXUO53068392
GAHN00NPEW7496968275,GAHN,NPEW74969682
PIFW00TXJR9138609314,PIFW,TXJR91386093
BMXC00BQAS1791495174,BMXC,BQAS17914951
YFPI00ZIZY2341495817,YFPI,ZIZY23414958
HJBN00NAUP8478390777,HJBN,NAUP84783907
WMFU00UJIK9590319325,WMFU,UJIK95903193
NVQK00XQYP7860702537,NVQK,XQYP78607025
WWEJ00JDKQ3205712982,WWEJ,JDKQ32057129
GFWD00ZPLN5996092519,GFWD,ZPLN59960925
GFCT00SDRF7170220007,GFCT,SDRF71702200
ETVZ00XHPH0048883337,ETVZ,XHPH00488833
XKGS00MRDZ6777170063,XKGS,MRDZ67771700
ANKI00MBCP8136042174,ANKI,MBCP81360421
NOUG00OAKO7269294469,NOUG,OAKO72692944
OCAP00YFOU8468409548,OCAP,YFOU84684095
EVRN00NXQO1680093548,EVRN,NXQO16800935
EBCF00HKZB2591200213,EBCF,HKZB25912002
LYAH00DLMS2633693014,LYAH,DLMS26336930
ISJT00IBBA1361477998,ISJT,IBBA13614779
PSEJ00UPCL1897562193,PSEJ,UPCL18975621
EQPP00KQQC7336202996,EQPP,KQQC73362029
KJBL00JDDV1887955589,KJBL,JDDV18879555
TAFN00FUHZ7571616728,TAFN,FUHZ75716167
WQFE00NXIW4440294417,WQFE,NXIW44402944
AOIE00ICXU4152882326,AOIE,ICXU41528823
SYKH00MGSY7903521919,SYKH,MGSY79035219
ENKY00VFKQ0645492665,ENKY,VFKQ06454926
FDWS00SVPH2316923137,FDWS,SVPH23169231
UMWC00KJZA3584565633,UMWC,KJZA35845656
JRAX00RKQO2866523139,JRAX,RKQO28665231
WPAG00OXVA5878749935,WPAG,OXVA58787499
CMGS00WAJA0331083330,CMGS,WAJA03310833
JEIC00CXBD8467058851,JEIC,CXBD84670588
LHKN00XKYA9114390639,LHKN,XKYA91143906
QBQK00OVVJ5300265327,QBQK,OVVJ53002653
DQGU00QIIB3411788058,DQGU,QIIB34117880
DVZC00SIZO5128839589,DVZC,SIZO51288395
PYYS00KCER4863322145,PYYS,KCER48633221
DIIQ00YGZL2145599125,DIIQ,YGZL21455991
OSZX00KMZH2632175840,OSZX,KMZH26321758
CLRK00MRDQ7949644339,CLRK,MRDQ79496443
ZXBU00MRQK4177696451,ZXBU,MRQK41776964
XKDD00IJME0871024359,XKDD,IJME08710243
FCVM00DLAT7077093403,FCVM,DLAT70770934
LEVU00WKQS5639156981,LEVU,WKQS56391569
KEED00WCER2826655227,KEED,WCER28266552
QXLO00SCFN3717421589,QXLO,SCFN37174215
YPSI00EUSX0350377348,YPSI,EUSX03503773
OHPX00XZGJ3939143214,OHPX,XZGJ39391432
GHMA00QGSA5995467443,GHMA,QGSA59954674
GHTX00EAMJ5041066923,GHTX,EAMJ50410669
HUCD00OPHM3753287021,HUCD,OPHM37532870
UWYN00HMXT6786972054,UWYN,HMXT67869720
UGKY00YCJZ8190205335,UGKY,YCJZ81902053
LADY00XXJE3230516580,LADY,XXJE32305165
EYSW00QSGW8262521752,EYSW,QSGW82625217
WTZU00MLZM6878457605,WTZU,MLZM68784576
WOLR00AOSG3438902052,WOLR,AOSG34389020
HDKK00FQLR0317962902,HDKK,FQLR03179629
JTWH00UEVP2606357606,JTWH,UEVP26063576
YGWF00DBQI7106876537,YGWF,DBQI71068765
HFEO00HVPW6988259702,HFEO,HVPW69882597
NNPF00YTDF0542119157,NNPF,YTDF05421191
MDUS00XEUJ2727081214,MDUS,XEUJ27270812
SWUZ00VQAQ9851239775,SWUZ,VQAQ98512397
QQAR00KPFR5672443589,QQAR,KPFR56724435
UIWU00XRXD4535100971,UIWU,XRXD45351009
ALMT00GZWB1486366665,ALMT,GZWB14863666
LKCD00ZIBT4536610017,LKCD,ZIBT45366100
PQJN00NMUV6059958102,PQJN,NMUV60599581
GDDH00SDZH7097943191,GDDH,SDZH70979431
COVS00PNXD2051180084,COVS,PNXD20511800
LWEM00BYKQ6785545890,LWEM,BYKQ67855458
TNQI00XMSX3818464024,TNQI,XMSX38184640
JMKC00FOEH8651557772,JMKC,FOEH86515577
UNWG00TOQI6294355046,UNWG,TOQI62943550
UTLE00LVYT7957380888,UTLE,LVYT79573808
SCSZ00UJXY7759104446,SCSZ,UJXY77591044
ESLT00FTTP5987570763,ESLT,FTTP59875707
JZOI00QUCT7974768893,JZOI,QUCT79747688
DBMW00GIHM6458425449,DBMW,GIHM64584254
JMTN00AOIK9252586264,JMTN,AOIK92525862
HFUF00VLSF8847930530,HFUF,VLSF88479305
JERY00AHAW4480099867,JERY,AHAW44800998
KUTL00ENPN2843849213,KUTL,ENPN28438492
CEMY00COQD1543529896,CEMY,COQD15435298
YHEV00LLHH8975522793,YHEV,LLHH89755227
UUKE00ZUGX2796407166,UUKE,ZUGX27964071
MHCI00REBO5334364310,MHCI,REBO53343643
KPSM00VMTB9830259765,KPSM,VMTB98302597
LJYO00TLEQ4515547824,LJYO,TLEQ45155478
BQKL00HKOF5446622041,BQKL,HKOF54466220
ZZBE00GXFN7169250870,ZZBE,GXFN71692508
KZRV00FTLJ0039900117,KZRV,FTLJ00399001
WIVY00FYJL5217205307,WIVY,FYJL52172053
HKZY00HPVH6737478808,HKZY,HPVH67374788
EPZJ00DWTR9034813431,EPZJ,DWTR90348134
EYCX00SSUO2557590031,EYCX,SSUO25575900
BELB00YKJE2431609624,BELB,YKJE24316096
PLJF00WHBJ5175868647,PLJF,WHBJ51758686
GWSY00TIFO5383167205,GWSY,TIFO53831672
LMQY00EZEX0533832035,LMQY,EZEX05338320
KLRS00BGKH0384841552,KLRS,BGKH03848415
EGVR00HPKD1869666605,EGVR,HPKD18696666
SRSY00SHBH2778407272,SRSY,SHBH27784072
QHWO00UBJY5839535712,QHWO,UBJY58395357
XJQS00HDZH2528862498,XJQS,HDZH25288624
TMXD00OYTV2438305288,TMXD,OYTV24383052
XJEA00TZPS9175392373,XJEA,TZPS91753923
INPB00ESKZ7919814825,INPB,ESKZ79198148
BZLW00VMMS7018881357,BZLW,VMMS70188813
ZKDG00ZMCB8835640356,ZKDG,ZMCB88356403
WDQJ00HZZQ2643493816,WDQJ,HZZQ26434938
VITN00JSRI6167133992,VITN,JSRI61671339
MHMK00XOKE6058299466,MHMK,XOKE60582994
MDET00ZWOA7246462136,MDET,ZWOA72464621
FSAT00SOGK8206011219,FSAT,SOGK82060112
YEOT00QUXN6215488950,YEOT,QUXN62154889
FUYP00APCN0306012553,FUYP,APCN03060125
YZCH00UPDP3389943490,YZCH,UPDP33899434
XWJS00VEFI7886317131,XWJS,VEFI78863171
XIZU00MEXE0021456415,XIZU,MEXE00214564
TNIZ00TNKC2324233733,TNIZ,TNKC23242337
BGOC00OLRU9439019271,BGOC,OLRU94390192
QZPV00FRKP4996336973,QZPV,FRKP49963369
KZLX00CKPZ5062248527,KZLX,CKPZ50622485
DSGW00FSUG4263904618,DSGW,FSUG42639046
QALQ00QLWI8338503762,QALQ,QLWI83385037
XLLU00FSPY9804348263,XLLU,FSPY98043482
FOUT00SSVT6186502984,FOUT,SSVT61865029
LAXS00JEHX4281470949,LAXS,JEHX42814709
GEQQ00UQJO0661733370,GEQQ,UQJO06617333
OMGC00YCMG5693060219,OMGC,YCMG56930602
CHLP00LINR0650118449,CHLP,LINR06501184
LZKM00KIBK8154087636,LZKM,KIBK81540876
JTBP00DVQL7745066715,JTBP,DVQL77450667
YWOZ00ILRM1384849781,YWOZ,ILRM13848497
ZMDA00GQUS5365288822,ZMDA,GQUS53652888
TRTA00EZOR2120483805,TRTA,EZOR21204838
YRJG00BAUP2977365602,YRJG,BAUP29773656
FBUM00QOUX8070968862,FBUM,QOUX80709688
VLZC00IPHO9863718905,VLZC,IPHO98637189
JJTH00DPRT6798066272,JJTH,DPRT67980662
XWOB00FOTV2338238345,XWOB,FOTV23382383
LIMT00ZYDA1757749725,LIMT,ZYDA17577497
FESN00OMUP6856898418,FESN,OMUP68568984
SWZE00VSXH9134255168,SWZE,VSXH91342551
GFHT00DGFG0603590088,GFHT,DGFG06035900
KNGE00IIPR4918474755,KNGE,IIPR49184747
MFLS00BWFT0467738559,MFLS,BWFT04677385
PJJL00OZHQ0753089402,PJJL,OZHQ07530894
SEVG00PREV5920604093,SEVG,PREV59206040
ZZWT00IIDT9234161089,ZZWT,IIDT92341610
IKOU00UEES1862913988,IKOU,UEES18629139
UKQG00JUFF2847817798,UKQG,JUFF28478177
FYSN00HXHH7817436237,FYSN,HXHH78174362
SFKR00UNFH7045685009,SFKR,UNFH70456850
TVJX00MDZN4946815333,TVJX,MDZN49468153
FGGX00CAXH3985899183,FGGX,CAXH39858991
YTRW00GRXN9145207440,YTRW,GRXN91452074
ATLB00LRSZ9139495725,ATLB,LRSZ91394957
VIBD00BIAM6288614220,VIBD,BIAM62886142
HWTU00GTGC9341633636,HWTU,GTGC93416336
HKUI00BXDI4438567902,HKUI,BXDI44385679
WNHI00CBJF0874429685,WNHI,CBJF08744296
QEAE00KLBH2352790023,QEAE,KLBH23527900
LOKZ00JSQI0683560970,LOKZ,JSQI06835609
NMFF00WQHN0852507048,NMFF,WQHN08525070
TONX00XCCK6861284959,TONX,XCCK68612849
FMDQ00AHYZ4352434659,FMDQ,AHYZ43524346
AUKX00RTOV7851137368,AUKX,RTOV78511373
OQSG00AXEW0805791530,OQSG,AXEW08057915
RTZX00QCCI1567267475,RTZX,QCCI15672674
MFTG00LLMX2595846872,MFTG,LLMX25958468
QTUQ00TFUY1204225280,QTUQ,TFUY12042252
OBPD00AISP6585923186,OBPD,AISP65859231
OPTG00OAVO1092182712,OPTG,OAVO10921827
SEHO00SARR6012077642,SEHO,SARR60120776
OGVU00YXOZ0678966107,OGVU,YXOZ06789661
XEEX00YANU7092685007,XEEX,YANU70926850
QWQV00QCXG5483951324,QWQV,QCXG54839513
MPBC00EHAU2812005773,MPBC,EHAU28120057
DKFU00EJJY5658767051,DKFU,EJJY56587670
TMGR00WNZP6829842032,TMGR,WNZP68298420
QSWY00RPIT2711822828,QSWY,RPIT27118228
ILOG00TPVQ6368431645,ILOG,TPVQ63684316
ZHKZ00YPLR4809347914,ZHKZ,YPLR48093479
TMUR00JJSU9120397119,TMUR,JJSU91203971
KSVP00BWRS4080929349,KSVP,BWRS40809293
QIMF00STRY6070931142,QIMF,STRY60709311
BWVN00UCPF8227860222,BWVN,UCPF82278602
AHTY00VOQE6638759075,AHTY,VOQE66387590
MMGB00JPWK6694601680,MMGB,JPWK66946016
DQED00PHIB6705622053,DQED,PHIB67056220
SFYB00VOJI4139254190,SFYB,VOJI41392541
TLAB00FBBE3185078353,TLAB,FBBE31850783
MMGU00IJNM1559700191,MMGU,IJNM15597001
EGEC00EXLD9997658580,EGEC,EXLD99976585
MJUI00GGIR3746467872,MJUI,GGIR37464678
VYXZ00YSJT2277509705,VYXZ,YSJT22775097
XOLD00DYRQ5480205777,XOLD,DYRQ54802057
ZTUF00XDWF4552266368,ZTUF,XDWF45522663
PJGS00IAIJ9315768478,PJGS,IAIJ93157684
XRIP00RVPW8247845872,XRIP,RVPW82478458
RBLF00WOII9881749214,RBLF,WOII98817492
HVAI00DMMO2608750950,HVAI,DMMO26087509
CFBR00JYMY3089107026,CFBR,JYMY30891070
SJZY00LAFD7294625969,SJZY,LAFD72946259
SVDB00UMFF1418723451,SVDB,UMFF14187234
SNLD00WOXI0516129474,SNLD,WOXI05161294
DAYB00QCNV8816585536,DAYB,QCNV88165855
FEHE00LZKA2192996037,FEHE,LZKA21929960
DAKD00XOOZ9889741596,DAKD,XOOZ98897415
WXHR00ZWFP1308668259,WXHR,ZWFP13086682
MSAG00FJWO6531449907,MSAG,FJWO65314499
ONBL00UWHE0983053137,ONBL,UWHE09830531
YMSC00PLFN9803333235,YMSC,PLFN98033332
SFYF00MBJB3118111850,SFYF,MBJB31181118
XGXN00VKRD2560892640,XGXN,VKRD25608926
OQZZ00WBRH3368616088,OQZZ,WBRH33686160
NRIG00UMPP5724358814,NRIG,UMPP57243588
ZEXE00MMBD3873176112,ZEXE,MMBD38731761
ZGJD00EURJ2809155882,ZGJD,EURJ28091558
JOVQ00YUOM1174064644,JOVQ,YUOM11740646
JLEW00BTLS1748069026,JLEW,BTLS17480690
BGEG00NYXP8957481156,BGEG,NYXP89574811
RCGH00JQVV9052039243,RCGH,JQVV90520392
QLDS00SMLO6101094765,QLDS,SMLO61010947
HCOM00KRPI0818218575,HCOM,KRPI08182185
WDJV00UUHU8269013904,WDJV,UUHU82690139
FJUE00CWNN1113064003,FJUE,CWNN11130640
MGWB00KKDC7779945684,MGWB,KKDC77799456
OCSP00GSOC7881099851,OCSP,GSOC78810998
FNCM00GQJX8216212232,FNCM,GQJX82162122
SHMG00EJHV8408232808,SHMG,EJHV84082328
YVRR00VKDO4766937380,YVRR,VKDO47669373
DNCW00LQUN8700512115,DNCW,LQUN87005121
VQLZ00GDVA3074790670,VQLZ,GDVA30747906
FRRR00QQLA3815469427,FRRR,QQLA38154694
SZNG00EUDF9785588669,SZNG,EUDF97855886
APCV00QWIC4416698635,APCV,QWIC44166986
LLZQ00ZCOR3566991625,LLZQ,ZCOR35669916
GIEE00KMZL2473382279,GIEE,KMZL24733822
NZIF00CAWU0369617519,NZIF,CAWU03696175
WLWE00EDRQ9402907591,WLWE,EDRQ94029075
IMZR00VIQL3308256028,IMZR,VIQL33082560
UPBN00SDDG6731848516,UPBN,SDDG67318485
EANE00BJYZ0858272463,EANE,BJYZ08582724
WOAT00KZUW1058612244,WOAT,KZUW10586122
BFDL00GZJU3937086677,BFDL,GZJU39370866
DDRT00FGSV7160622605,DDRT,FGSV71606226
ZIRE00YGTO2434252332,ZIRE,YGTO24342523
MZDM00RXAA4809672494,MZDM,RXAA48096724
CMPJ00TURL6049966627,CMPJ,TURL60499666
NDSL00QPTB2563191807,NDSL,QPTB25631918
EJHA00JLJF7091212349,EJHA,JLJF70912123
ANPR00JVNO8712014668,ANPR,JVNO87120146
HXVD00PKPT4375794242,HXVD,PKPT43757942
CDMZ00KUKG0046203481,CDMZ,KUKG00462034
HUVB00NRVT0650823152,HUVB,NRVT06508231
BLJF00CCBW7993258229,BLJF,CCBW79932582
IUBF00DYHD4087594232,IUBF,DYHD40875942
LAVW00IVIN7890502457,LAVW,IVIN78905024
MFQR00CPDH7518461536,MFQR,CPDH75184615
KFXY00LVLG9137799995,KFXY,LVLG91377999
GWDH00RAPZ8228249528,GWDH,RAPZ82282495
EPCA00LQYF8113617754,EPCA,LQYF81136177
HJXB00UXAQ4659197179,HJXB,UXAQ46591971
HCYV00LJAY4635189627,HCYV,LJAY46351896
XJED00WENE1747931013,XJED,WENE17479310
LEMR00DGPI8701078718,LEMR,DGPI87010787
OGDO00PFNS7431314470,OGDO,PFNS74313144
EWDU00HPBS5719845029,EWDU,HPBS57198450
SFGM00BHGX7258650606,SFGM,BHGX72586506
NOFJ00BYSX2030510916,NOFJ,BYSX20305109
XNSA00XVYK3213284204,XNSA,XVYK32132842
CWTV00RRSE7445765019,CWTV,RRSE74457650
TIMU00ENBZ6094747234,TIMU,ENBZ60947472
LXMZ00HVMD6265235729,LXMZ,HVMD62652357
LLOG00FWKX7217048202,LLOG,FWKX72170482
RUUT00NVXU2191829443,RUUT,NVXU21918294
BJEO00LDGB4491004048,BJEO,LDGB44910040
TQBF00JMJT0311422177,TQBF,JMJT03114221
XNIQ00GDJY2380213371,XNIQ,GDJY23802133
FFAV00VFDE6061595371,FFAV,VFDE60615953
XMKZ00NJRB2112456630,XMKZ,NJRB21124566
BEJM00TWOL6301193644,BEJM,TWOL63011936
ANHF00JDDX4321502071,ANHF,JDDX43215020
GHWH00BNHJ2274650364,GHWH,BNHJ22746503
RUJM00WJUI7312119023,RUJM,WJUI73121190
RDUR00OBWF2360718377,RDUR,OBWF23607183
RAQJ00ZALT9365959969,RAQJ,ZALT93659599
UTAS00TFFH7964502607,UTAS,TFFH79645026
OOXT00KADM7997300450,OOXT,KADM79973004
HHYQ00NQMR9475203685,HHYQ,NQMR94752036
AUSD00AONH0584848955,AUSD,AONH05848489
DCGA00RQRV8943097155,DCGA,RQRV89430971
SEYX00HGPU4529083162,SEYX,HGPU45290831
QWTV00KBZM6083235807,QWTV,KBZM60832358
OHWP00HQED8757657443,OHWP,HQED87576574
VUVQ00ZLJE4759828086,VUVQ,ZLJE47598280
FOXL00TYLE9589232920,FOXL,TYLE95892329
OWBY00JESD2098886910,OWBY,JESD20988869
MACJ00TTNS3880911555,MACJ,TTNS38809115
YHEZ00MNKC1148183185,YHEZ,MNKC11481831
FSSJ00RULB9594496303,FSSJ,RULB95944963
LBMJ00QEGK4979549340,LBMJ,QEGK49795493
MQOA00JFNK8468762109,MQOA,JFNK84687621
GVVQ00TZFN4669424447,GVVQ,TZFN46694244
GVQE00RZBM1627578377,GVQE,RZBM16275783
IQNV00YHNS8577699706,IQNV,YHNS85776997
FHER00GKZP9843279992,FHER,GKZP98432799
COTE00DQLA8540066552,COTE,DQLA85400665
VAPC00HJNF3147638575,VAPC,HJNF31476385
SRGF00QURJ2387338610,SRGF,QURJ23873386
JIGJ00GKJZ3188112383,JIGJ,GKJZ31881123
MRMX00DDCB6791631486,MRMX,DDCB67916314
ALEU00RPOT5356111415,ALEU,RPOT53561114
WUNG00NICJ6448689039,WUNG,NICJ64486890
KRGU00TGGG7366750596,KRGU,TGGG73667505
EPBA00HKDB5876810940,EPBA,HKDB58768109
JJGD00TFGU0161670890,JJGD,TFGU01616708
WPKK00CYJW1176600886,WPKK,CYJW11766008
UNEN00VXQP4724581119,UNEN,VXQP47245811
DLUN00IUZJ4540729375,DLUN,IUZJ45407293
FJUI00PMMD0567686131,FJUI,PMMD05676861
XHYP00DPGA0588219395,XHYP,DPGA05882193
BNYS00REVT2969281680,BNYS,REVT29692816
WVNI00WIJQ1041022054,WVNI,WIJQ10410220
GRCZ00OPKA8685453548,GRCZ,OPKA86854535
TFYX00DKRU9945666976,TFYX,DKRU99456669
VOFO00ZZWX6414548886,VOFO,ZZWX64145488
AEMF00MOND5133274574,AEMF,MOND51332745
UWZQ00NSMS7822673117,UWZQ,NSMS78226731
LWSZ00VAZY1267214839,LWSZ,VAZY12672148
PJTB00UEWB5910136542,PJTB,UEWB59101365
JAEP00TXAT9477670996,JAEP,TXAT94776709
AARQ00UFAF0202216817,AARQ,UFAF02022168
AAGA00JUFF3348583617,AAGA,JUFF33485836
DFDB00QSNW8444053767,DFDB,QSNW84440537
WQNK00YUTB2788421177,WQNK,YUTB27884211
HZHY00TZUU6948801054,HZHY,TZUU69488010
GZNT00AGUD6272437189,GZNT,AGUD62724371
IIIC00DBGV2820009263,IIIC,DBGV28200092
ORDC00RJRK1492995426,ORDC,RJRK14929954
SUDI00HXSD5709432714,SUDI,HXSD57094327
BMBZ00NTNI8106446734,BMBZ,NTNI81064467
HSRA00JQKC6081440290,HSRA,JQKC60814402
QCRN00JFTP5577938269,QCRN,JFTP55779382
ZHFM00GWXX4196305347,ZHFM,GWXX41963053
GPAB00NJSW5301561969,GPAB,NJSW53015619
VWLV00GJKU1984064922,VWLV,GJKU19840649
IBBU00RAWZ2234193380,IBBU,RAWZ22341933
NINK00UBBG4065026804,NINK,UBBG40650268
PRMH00IWET8995517016,PRMH,IWET89955170
NRGN00PFNN7902336122,NRGN,PFNN79023361
SHHM00TZPK2005399178,SHHM,TZPK20053991
PQUG00MNKY2586389573,PQUG,MNKY25863895
RRII00IYTO8634465298,RRII,IYTO86344652
HADE00EJMW3416041737,HADE,EJMW34160417
XSJE00BFOJ0689922509,XSJE,BFOJ06899225
GGOQ00QIFS1000769995,GGOQ,QIFS10007699
KDAJ00CVGG4020359752,KDAJ,CVGG40203597
GYZT00RAHI8313509760,GYZT,RAHI83135097
FKAP00ZWVR3333833147,FKAP,ZWVR33338331
LPLM00YOYF8653358462,LPLM,YOYF86533584
WHKN00PHSO7597451023,WHKN,PHSO75974510
PTQK00KCJJ1462312453,PTQK,KCJJ14623124
GQIP00NCXB1772339139,GQIP,NCXB17723391
IHJJ00ZKAM1094875797,IHJJ,ZKAM10948757
SBLP00ZWYH6465733982,SBLP,ZWYH64657339
HIEJ00MUCM3170013059,HIEJ,MUCM31700130
VJZP00TOID4287656961,VJZP,TOID42876569
ALBO00MBFQ9564161369,ALBO,MBFQ95641613
LMZY00ANIC1808848859,LMZY,ANIC18088488
AKPK00ONLO4049294779,AKPK,ONLO40492947
KAEE00AOJR5947124786,KAEE,AOJR59471247
MJJU00DLZL2898124618,MJJU,DLZL28981246
SATX00ELHD8616239881,SATX,ELHD86162398
IYLD00QHZS1042181549,IYLD,QHZS10421815
OBIC00XVGF7592862337,OBIC,XVGF75928623
JCYA00EOXF4314621471,JCYA,EOXF43146214
FNFJ00ZESA1742481690,FNFJ,ZESA17424816
QMBJ00LBVS3904165804,QMBJ,LBVS39041658
SDPL00CSML7133464181,SDPL,CSML71334641
TUZK00HLXM9308779892,TUZK,HLXM93087798
HFXY00QHVY6785255810,HFXY,QHVY67852558
BQAH00DBWG3716320369,BQAH,DBWG37163203
XPXX00YAFO0557782373,XPXX,YAFO05577823
EGMH00PXEX0123145070,EGMH,PXEX01231450
EHGJ00HYOU6964654223,EHGJ,HYOU69646542
IYHI00HRIP3061157769,IYHI,HRIP30611577
OQXG00UDCI6878452470,OQXG,UDCI68784524
HLDQ00UNLN7503169340,HLDQ,UNLN75031693
AXBU00DASO0645012321,AXBU,DASO06450123
TYAO00GWLK3757127304,TYAO,GWLK37571273
LKRR00HEBG7074595215,LKRR,HEBG70745952
TZKG00AMUB4930720204,TZKG,AMUB49307202
BXGQ00PZZW8629551454,BXGQ,PZZW86295514
WDRU00SREQ1243876512,WDRU,SREQ12438765
MHCS00JDIR2215062658,MHCS,JDIR22150626
IPDP00PMHF4409364931,IPDP,PMHF44093649
BBAX00WQLF4972017514,BBAX,WQLF49720175
RUJK00WIXL0476874633,RUJK,WIXL04768746
GJEM00JDLK7581074951,GJEM,JDLK75810749
YZAY00QNNC1874273558,YZAY,QNNC18742735
DXUI00CAXK7569159951,DXUI,CAXK75691599
NWRI00BGHW6890446091,NWRI,BGHW68904460
HVNF00XUGB0325810885,HVNF,XUGB03258108
KBOT00AHNT1569096533,KBOT,AHNT15690965
JQBB00SOVK4525293822,JQBB,SOVK45252938
OGLO00QBAS1346926438,OGLO,QBAS13469264
TXGH00DGCA9493762385,TXGH,DGCA94937623
PDQX00OYQZ3584533580,PDQX,OYQZ35845335
CEEL00TZKG2298581247,CEEL,TZKG22985812
TTLO00DFZN2050611203,TTLO,DFZN20506112
ONCB00TLEA1033696593,ONCB,TLEA10336965
IOWE00EBGL3684116270,IOWE,EBGL36841162
PVKX00DFIK5284857710,PVKX,DFIK52848577
WCBW00IDIC8966219312,WCBW,IDIC89662193
RPSM00IEFT7670828457,RPSM,IEFT76708284
VIAD00MRPR4806672766,VIAD,MRPR48066727
SWVQ00EMIP1327337610,SWVQ,EMIP13273376
RBQC00OYFH8435928680,RBQC,OYFH84359286
SIAO00MCNA8919124002,SIAO,MCNA89191240
EJUT00IGWZ9463420867,EJUT,IGWZ94634208
OODV00ZULM1493910522,OODV,ZULM14939105
UWNH00LIWR4803065926,UWNH,LIWR48030659
VZSK00OIAJ8040841563,VZSK,OIAJ80408415
BVWT00WQEL2027450638,BVWT,WQEL20274506
OUUT00FKCI6634674462,OUUT,FKCI66346744
UUFS00KFOG3816059720,UUFS,KFOG38160597
ZOKC00VARA3511452558,ZOKC,VARA35114525
DVHR00IXBM3729086126,DVHR,IXBM37290861
AVJC00BMMN7520659766,AVJC,BMMN75206597
GATA00UWSK0625557362,GATA,UWSK06255573
KSZC00MMMA3085139654,KSZC,MMMA30851396
GGXK00LIGT0978255943,GGXK,LIGT09782559
ZFWH00RYBX4234130220,ZFWH,RYBX42341302
RSPZ00GWYD4422342922,RSPZ,GWYD44223429
PPAH00TEXL4593043073,PPAH,TEXL45930430
VHLI00ZRWX0228900960,VHLI,ZRWX02289009
QRTZ00ETQA2333281821,QRTZ,ETQA23332818
NKQW00ZGHK9250940385,NKQW,ZGHK92509403
CGAJ00YTBW7411236356,CGAJ,YTBW74112363
TCIB00PGHM3264093451,TCIB,PGHM32640934
LIMS00SURS8197688472,LIMS,SURS81976884
UUBH00FKHJ9981282222,UUBH,FKHJ99812822
CRTG00IHFG2432995242,CRTG,IHFG24329952
FLCK00EJAG3917039670,FLCK,EJAG39170396
ZTGR00MHAT0299021687,ZTGR,MHAT02990216
QXDP00NNKQ3331596853,QXDP,NNKQ33315968
WPHM00BRPZ5457053758,WPHM,BRPZ54570537
LAVK00LZSN3050641166,LAVK,LZSN30506411
UUSV00JLNE4030584365,UUSV,JLNE40305843
SJBK00WXOY2062598053,SJBK,WXOY20625980
KPNN00QAFA4110315266,KPNN,QAFA41103152
VQOZ00GNZU4248767663,VQOZ,GNZU42487676
WGSY00VXAO4276434876,WGSY,VXAO42764348
YNDC00LAVR3041221937,YNDC,LAVR30412219
WRTN00QMWI0800846540,WRTN,QMWI08008465
RTWK00RVAD6000864429,RTWK,RVAD60008644
DORB00YJCV8422947480,DORB,YJCV84229474
VOVX00NXCS0153289940,VOVX,NXCS01532899
SFYE00NUGA8984621389,SFYE,NUGA89846213
ECBV00RYCC3244575117,ECBV,RYCC32445751
PBXU00FLOO7309150681,PBXU,FLOO73091506
EEHV00GMTY8291667634,EEHV,GMTY82916676
KIVQ00AXJL8446014974,KIVQ,AXJL84460149
KCPY00ORJH1208523857,KCPY,ORJH12085238
OXHJ00SXXY3850323823,OXHJ,SXXY38503238
BRBU00OWGC1971461763,BRBU,OWGC19714617
KRBK00RNFS6128345167,KRBK,RNFS61283451
JHYQ00DHBH3455732729,JHYQ,DHBH34557327
WUKJ00SFNN8078631572,WUKJ,SFNN80786315
WDUI00UNUQ1526133409,WDUI,UNUQ15261334
SSKA00FRKM2576800535,SSKA,FRKM25768005
MDUE00WHFG9231690509,MDUE,WHFG92316905
EUUI00EDIS7745150230,EUUI,EDIS77451502
NMXE00WDDN3585623016,NMXE,WDDN35856230
VELP00AMUQ1361637213,VELP,AMUQ13616372
YQQP00ODRU0582336397,YQQP,ODRU05823363
UMRK00FNTS9253559843,UMRK,FNTS92535598
WISV00WZDG9233360156,WISV,WZDG92333601
QGLL00MOBD0267701056,QGLL,MOBD02677010
YREN00JSVW7860064110,YREN,JSVW78600641
FZTC00FIIM2871741923,FZTC,FIIM28717419
NMVK00SRFL1371345708,NMVK,SRFL13713457
GPSO00JCLS5139815205,GPSO,JCLS51398152
YNWA00XMCM7366580239,YNWA,XMCM73665802
IVNB00BQZC3334159635,IVNB,BQZC33341596
KWUR00SUYU8138873062,KWUR,SUYU81388730
UEHC00BONK4064067693,UEHC,BONK40640676
SVHI00BYPW5171425457,SVHI,BYPW51714254
EIDO00JMUV6355320779,EIDO,JMUV63553207
SKRU00CBTE5016551169,SKRU,CBTE50165511
PJUX00TWGJ8576661323,PJUX,TWGJ85766613
KCHF00AOAY0689315837,KCHF,AOAY06893158
YFGI00NZRY5375715261,YFGI,NZRY53757152
GZEC00JWAP0021046069,GZEC,JWAP00210460
JJEK00XIHS3885158242,JJEK,XIHS38851582
NJEX00NECW7930988285,NJEX,NECW79309882
TJUZ00XLHD7996120609,TJUZ,XLHD79961206
BPSR00FTRW6060819292,BPSR,FTRW60608192
YKBX00FHTI6929717645,YKBX,FHTI69297176
PFLR00DHOW4313739919,PFLR,DHOW43137399
VSIK00HRYX3160396862,VSIK,HRYX31603968
OJYW00HHAG5660973584,OJYW,HHAG56609735
RQTX00JZHD7321719989,RQTX,JZHD73217199
YETK00JREG8845086872,YETK,JREG88450868
PLBQ00NRSL0588439528,PLBQ,NRSL05884395
UWYQ00AMWD4772257010,UWYQ,AMWD47722570
HUCQ00FMWY3820940041,HUCQ,FMWY38209400
CQUL00SCXO3788322870,CQUL,SCXO37883228
MXMP00LGOF6270596609,MXMP,LGOF62705966
YIMZ00ENBG7744553618,YIMZ,ENBG77445536
SYMQ00GEGG2740762580,SYMQ,GEGG27407625
XDGV00HXHR3533832090,XDGV,HXHR35338320
GACW00HVVI7851227735,GACW,HVVI78512277
FQNC00AHSS8178232077,FQNC,AHSS81782320
QJXI00BTXJ8706940139,QJXI,BTXJ87069401
SHVD00KBEG6200442929,SHVD,KBEG62004429
WSEV00ORKO4270384325,WSEV,ORKO42703843
GFRB00CACL8758781659,GFRB,CACL87587816
NWMF00PNSX7577446515,NWMF,PNSX75774465
GWML00WDCW7570399898,GWML,WDCW75703998
EYWW00OORL7433611581,EYWW,OORL74336115
YYQD00LFVI1643145922,YYQD,LFVI16431459
DNUV00QJZR1039718879,DNUV,QJZR10397188
RCYG00JGMP0403314985,RCYG,JGMP04033149
IEBJ00XDWH6658119481,IEBJ,XDWH66581194
MHVJ00OPWH8544975552,MHVJ,OPWH85449755
UXBW00XWXX8102487283,UXBW,XWXX81024872
QIHT00BXCM8351422989,QIHT,BXCM83514229
VLHF00DIJD7854637632,VLHF,DIJD78546376
RLKX00JLGX2779214863,RLKX,JLGX27792148
SOFG00BJXM1975769241,SOFG,BJXM19757692
TGLP00IOQR1236369419,TGLP,IOQR12363694
JNYX00NJEL5635457369,JNYX,NJEL56354573
LBFV00MAJC5351068653,LBFV,MAJC53510686
IGGB00BXDO9579623640,IGGB,BXDO95796236
HSQR00YLPS2457316391,HSQR,YLPS24573163
HZYY00WWCF0869174559,HZYY,WWCF08691745
VLVM00SNMO4257669635,VLVM,SNMO42576696
VIMD00MOZG5057466067,VIMD,MOZG50574660
OSHV00TWUC8528149832,OSHV,TWUC85281498
TMVL00NVOB5146510703,TMVL,NVOB51465107
MLUJ00JHFI0553090843,MLUJ,JHFI05530908
PZHT00WTJD9735414127,PZHT,WTJD97354141
BBPG00YRMA2538002830,BBPG,YRMA25380028
ROUH00HKRW4298599079,ROUH,HKRW42985990
RRGR00ONMU8452891046,RRGR,ONMU84528910
GPRG00LAFU3181839182,GPRG,LAFU31818391
IFPF00ANKG4514172476,IFPF,ANKG45141724
XGJD00PGYG7496424818,XGJD,PGYG74964248
TYME00RJCX9517338597,TYME,RJCX95173385
NZOM00QZVW8344825316,NZOM,QZVW83448253
PGFH00ALFY0265632872,PGFH,ALFY02656328
DIQC00GLTV1574921090,DIQC,GLTV15749210
VKRA00OILY2174657742,VKRA,OILY21746577
QWQY00CCCX0007886448,QWQY,CCCX00078864
NQAJ00BHFI6415006297,NQAJ,BHFI64150062
CEBG00HGMQ4633934284,CEBG,HGMQ46339342
IOMV00SSEO0403675216,IOMV,SSEO04036752
MIDF00RNEE3634311931,MIDF,RNEE36343119
KQHU00UUWN8862093036,KQHU,UUWN88620930
HXKR00GOJD1758507363,HXKR,GOJD17585073
JRQA00SHGH6527671339,JRQA,SHGH65276713
BRMV00GKHT3964565187,BRMV,GKHT39645651
UZNE00PUNG7625880388,UZNE,PUNG76258803
HQBZ00AQLF4075867279,HQBZ,AQLF40758672
UVSN00ARQS5330210066,UVSN,ARQS53302100
FYGM00YXOA7414742668,FYGM,YXOA74147426
TUME00SIDW0004791193,TUME,SIDW00047911
QZXX00NOXT6242747129,QZXX,NOXT62427471
OEEB00UBOV6795962727,OEEB,UBOV67959627
VBWY00NVEF0387397953,VBWY,NVEF03873979
EYZY00QVVM4418892811,EYZY,QVVM44188928
ZLYU00SOIM6871873126,ZLYU,SOIM68718731
SOCE00UWGW6554108494,SOCE,UWGW65541084
ZJRQ00MWAT0666061292,ZJRQ,MWAT06660612
RRLB00JIEQ9924522649,RRLB,JIEQ99245226
FFIM00NBAG1261402208,FFIM,NBAG12614022
EJTO00ZGRD3950498020,EJTO,ZGRD39504980
ZDGP00CKCB8446747244,ZDGP,CKCB84467472
UMZM00VSDF1604563664,UMZM,VSDF16045636
RJJO00GHHY3293168748,RJJO,GHHY32931687
LVPL00HJXW6791548766,LVPL,HJXW67915487
QFXE00HWKY3800054756,QFXE,HWKY38000547
WVGB00CDCE9345038819,WVGB,CDCE93450388
ISIE00SCRX7750545739,ISIE,SCRX77505457
KDMU00OJMP5572433557,KDMU,OJMP55724335
GGBO00NAVF0874673144,GGBO,NAVF08746731
CUXO00AYFY5026100254,CUXO,AYFY50261002
XQWA00TBOQ1091674039,XQWA,TBOQ10916740
DDDB00TBDF8495805562,DDDB,TBDF84958055
QIMD00NGQU4093081678,QIMD,NGQU40930816
XLBM00RBON5968835886,XLBM,RBON59688358
KXOO00CCCT0942634243,KXOO,CCCT09426342
QXCD00RRPT6703434170,QXCD,RRPT67034341
BFSR00DMHU9088611048,BFSR,DMHU90886110
AKIY00KCWY2992154840,AKIY,KCWY29921548
IRED00DJOU5303250229,IRED,DJOU53032502
HSVQ00OYUB5934067677,HSVQ,OYUB59340676
TPBP00OEZH5757750943,TPBP,OEZH57577509
AJBQ00EYYS7024563802,AJBQ,EYYS70245638
RKRZ00RPLR9125173755,RKRZ,RPLR91251737
SBZO00YLUV2696829128,SBZO,YLUV26968291
NIPI00OKZX6767030087,NIPI,OKZX67670300
DAAX00DEBP6533565315,DAAX,DEBP65335653
CMKF00AYNQ9510596807,CMKF,AYNQ95105968
WYGQ00ZPLT7663549825,WYGQ,ZPLT76635498
EHJH00DJJU6169491879,EHJH,DJJU61694918
KCIT00EGAC5566775386,KCIT,EGAC55667753
EUHX00LCQB1166409498,EUHX,LCQB11664094
SXGE00FJZJ1027440420,SXGE,FJZJ10274404
MNEF00VKOM7402448113,MNEF,VKOM74024481
KRHQ00ESAM4498628585,KRHQ,ESAM44986285
IJNO00SDRU1831193597,IJNO,SDRU18311935
IIFQ00QUBX2299974717,IIFQ,QUBX22999747
SLSW00AIZM4138528682,SLSW,AIZM41385286
PUEL00NUKS0373902007,PUEL,NUKS03739020
IOEI00UGVN6060358049,IOEI,UGVN60603580
HLKE00GROL8794923525,HLKE,GROL87949235
KVGD00HWKV6434611635,KVGD,HWKV64346116
MHST00EZVK0395637745,MHST,EZVK03956377
JVNS00AYEM6142720908,JVNS,AYEM61427209
YLRI00VYVC9093608280,YLRI,VYVC90936082
CTSN00ZGFT9771098646,CTSN,ZGFT97710986
PKLV00XPQP0958669142,PKLV,XPQP09586691
IQCV00QAIL4821118615,IQCV,QAIL48211186
URWW00VIZJ6275118561,URWW,VIZJ62751185
ASCC00NYNT9214158453,ASCC,NYNT92141584
EDCQ00GKZR1417489420,EDCQ,GKZR14174894
TOJS00WZNH7951513230,TOJS,WZNH79515132
PTRW00CBTB5758569354,PTRW,CBTB57585693
TKBQ00WQGN4856604570,TKBQ,WQGN48566045
KFPL00MMTL8613837663,KFPL,MMTL86138376
PYJJ00PYBE0867831572,PYJJ,PYBE08678315
BNPX00SOOL1154142418,BNPX,SOOL11541424
CERJ00JSOT7235345685,CERJ,JSOT72353456
FVHC00ELGM2323998852,FVHC,ELGM23239988
DNPZ00NTEK0500693380,DNPZ,NTEK05006933
NKGC00CAEK8980353177,NKGC,CAEK89803531
SXEJ00FTLX9482906212,SXEJ,FTLX94829062
JZRO00HCIV7214830560,JZRO,HCIV72148305
BHIZ00ODJZ5945065927,BHIZ,ODJZ59450659
TYPR00QFDS7158057288,TYPR,QFDS71580572
UQHA00RCOE6097632639,UQHA,RCOE60976326
IAXY00WWOH7876377160,IAXY,WWOH78763771
JTQI00AXAC8736127163,JTQI,AXAC87361271
FKFW00WJRJ6141489181,FKFW,WJRJ61414891
UIRQ00QNAU6765980131,UIRQ,QNAU67659801
PBZG00NCJH7536801721,PBZG,NCJH75368017
QMFY00DVZU9783173503,QMFY,DVZU97831735
WVMM00PGFW2505306976,WVMM,PGFW25053069
UKHH00GMLY0471807179,UKHH,GMLY04718071
GDLE00WULN3115634239,GDLE,WULN31156342
SKSO00KUXQ7936991244,SKSO,KUXQ79369912
XUGK00FMRN9574754565,XUGK,FMRN95747545
GKZI00WXWK6853102068,GKZI,WXWK68531020
DFMK00ASAO8082865525,DFMK,ASAO80828655
VKEI00ZJQD8533265741,VKEI,ZJQD85332657
DQGZ00QZCA7449644941,DQGZ,QZCA74496449
SRGF00JZDZ6763439472,SRGF,JZDZ67634394
TTYD00FQHE8576664839,TTYD,FQHE85766648
LHMV00NWAW1634673066,LHMV,NWAW16346730
TYIQ00SFLO8553763048,TYIQ,SFLO85537630
SSJF00KIEL4545268368,SSJF,KIEL45452683
CEBA00OUDT5040092152,CEBA,OUDT50400921
EQTZ00QUCB1527789951,EQTZ,QUCB15277899
RJZY00YKSS7825863761,RJZY,YKSS78258637
RNEE00VIJU7818994319,RNEE,VIJU78189943
VERS00IVPD7249772371,VERS,IVPD72497723
ISDJ00UDFD0852046097,ISDJ,UDFD08520460
DGWO00IOUF3526751076,DGWO,IOUF35267510
OQAJ00SDAL9546328196,OQAJ,SDAL95463281
HZFD00DQSI4241576407,HZFD,DQSI42415764
AHWD00LFMU5967048462,AHWD,LFMU59670484
PVNA00BBQV0253562607,PVNA,BBQV02535626
WCYY00GLGX0147433650,WCYY,GLGX01474336
KLBU00JJOQ7190029934,KLBU,JJOQ71900299
DCCJ00KNAV3994261637,DCCJ,KNAV39942616
SECF00FUPT5484229489,SECF,FUPT54842294
HPWU00PXTU4117674862,HPWU,PXTU41176748
TYKN00AFKB8542525145,TYKN,AFKB85425251
VSXG00HPML8949609109,VSXG,HPML89496091
SPPJ00NXHN9822646691,SPPJ,NXHN98226466
MOWQ00QPWV7555608213,MOWQ,QPWV75556082
ODKX00FTAK0229514863,ODKX,FTAK02295148
XAIN00ZIIQ7886700834,XAIN,ZIIQ78867008
AUFT00JNNC1215094973,AUFT,JNNC12150949
PNMY00UGLO7218899188,PNMY,UGLO72188991
TURS00NOSJ8732209046,TURS,NOSJ87322090
RKFZ00YSLS1786599031,RKFZ,YSLS17865990
PWAL00OXYX8217161323,PWAL,OXYX82171613
RWOE00JZUD6222817974,RWOE,JZUD62228179
EECM00ELVS7733369476,EECM,ELVS77333694
OZJJ00PVPG9623660631,OZJJ,PVPG96236606
ECUF00QWGX4328675267,ECUF,QWGX43286752
FTKU00HOEQ0860235259,FTKU,HOEQ08602352
QOML00HPRA0564406254,QOML,HPRA05644062
BFIL00EMVQ1238140822,BFIL,EMVQ12381408
IVKV00RLSB7369138605,IVKV,RLSB73691386
JHXC00JYII5479974082,JHXC,JYII54799740
YSXU00VUMV6588453905,YSXU,VUMV65884539
EEYC00ONPO9978592633,EEYC,ONPO99785926
IUCY00DVLY5666498580,IUCY,DVLY56664985
YKMC00GKEK2445391680,YKMC,GKEK24453916
LPFC00NSNA0417522257,LPFC,NSNA04175222
ZXAB00ERGQ3470247786,ZXAB,ERGQ34702477
STET00JVMT5270464555,STET,JVMT52704645
MCJZ00VKKM2594694836,MCJZ,VKKM25946948
MOPI00PXPV1385702024,MOPI,PXPV13857020
ZOQA00GECD9770864554,ZOQA,GECD97708645
BREA00CGUI0003360130,BREA,CGUI00033601
GBKW00AGDH4199135503,GBKW,AGDH41991355
JPMO00YQFN2201215722,JPMO,YQFN22012157
XWPH00YJEI6901076452,XWPH,YJEI69010764
PGZN00DYVO1134073010,PGZN,DYVO11340730
HJKO00OHHU6507599159,HJKO,OHHU65075991
RDJD00DIEK9837721394,RDJD,DIEK98377213
OOUT00NYEY5201316303,OOUT,NYEY52013163
AVGC00PKWW7217510828,AVGC,PKWW72175108
TMDN00PMOM5912209615,TMDN,PMOM59122096
HHOI00JXQG8419618822,HHOI,JXQG84196188
XJGJ00GEAI5975266952,XJGJ,GEAI59752669
OPBB00ZCVJ3575500160,OPBB,ZCVJ35755001
OTPA00OQVQ0190913197,OTPA,OQVQ01909131
RHRB00NHEV1683048662,RHRB,NHEV16830486
NJDP00LDOW9258289135,NJDP,LDOW92582891
PEOS00TMZF1993207678,PEOS,TMZF19932076
DQZC00ELRL0707880659,DQZC,ELRL07078806
MPLJ00FWHG5656716119,MPLJ,FWHG56567161
GYSA00SBYN9786203688,GYSA,SBYN97862036
LJSO00CPVH0807661036,LJSO,CPVH08076610
PDGU00FZYV5998931280,PDGU,FZYV59989312
URBF00OACA2088550105,URBF,OACA20885501
KADN00AOWD0813332357,KADN,AOWD08133323
AZDO00ALZB1396656913,AZDO,ALZB13966569
UTFS00XKNX1957849505,UTFS,XKNX19578495
DYQA00JFGW2793360758,DYQA,JFGW27933607
SDIB00PETL7342473870,SDIB,PETL73424738
SBQS00LMZW8729851603,SBQS,LMZW87298516
MRWB00APWM8990903123,MRWB,APWM89909031
ZGAD00OSHD5961237638,ZGAD,OSHD59612376
JXBE00RBVK4596177161,JXBE,RBVK45961771
ANHR00SLSG7845563646,ANHR,SLSG78455636
EZRF00RVGZ4956215980,EZRF,RVGZ49562159
OFSL00EHRJ8046372903,OFSL,EHRJ80463729
MZWU00GBVL1700458429,MZWU,GBVL17004584
FQOG00DTBY1555170240,FQOG,DTBY15551702
DOWU00DDPG2929792277,DOWU,DDPG29297922
RAPB00WYHY1352565474,RAPB,WYHY13525654
FEJQ00UPJQ5694119818,FEJQ,UPJQ56941198
VLWU00GHZC0118820094,VLWU,GHZC01188200
MUQT00WBMG3028663628,MUQT,WBMG30286636
UQYY00LWXC3041186970,UQYY,LWXC30411869
UTXF00NACR0152566374,UTXF,NACR01525663
PFBV00SVZT9738746236,PFBV,SVZT97387462
DVEM00IWKF8359421573,DVEM,IWKF83594215
HODF00XHGM2797621973,HODF,XHGM27976219
RVZL00GTQJ9279421436,RVZL,GTQJ92794214
TJJW00KCDV8440784642,TJJW,KCDV84407846
JGJT00LHFK4490715133,JGJT,LHFK44907151
YCYB00HLPI2879075867,YCYB,HLPI28790758
JMJS00DJAL6219502503,JMJS,DJAL62195025
JQLC00OCID4205029409,JQLC,OCID42050294
YNWM00BWNT4786373096,YNWM,BWNT47863730
NHRT00RBZZ4614404726,NHRT,RBZZ46144047
YVTT00WGDZ2038495963,YVTT,WGDZ20384959
TQMM00SMSL1269337970,TQMM,SMSL12693379
OUCC00WMNJ6002218777,OUCC,WMNJ60022187
EAAH00QDWB7693577665,EAAH,QDWB76935776
MZNK00KPHQ5816324340,MZNK,KPHQ58163243
PHYW00NQFJ8744548525,PHYW,NQFJ87445485
FOZL00EVHX4597757370,FOZL,EVHX45977573
RZTK00LSRR4154372116,RZTK,LSRR41543721
PNZN00GKFK6891451128,PNZN,GKFK68914511
WGSW00LTMU4785605711,WGSW,LTMU47856057
WSLV00TBFF3835467255,WSLV,TBFF38354672
KAKF00CRMJ6845794214,KAKF,CRMJ68457942
XUEK00UZUB9379140809,XUEK,UZUB93791408
MAJP00CRER1644671594,MAJP,CRER16446715
FGNL00VZAN6634622529,FGNL,VZAN66346225
JNUP00SNVE8236502809,JNUP,SNVE82365028
BLCZ00TJHM2263188289,BLCZ,TJHM22631882
CWBQ00PNZU3362410162,CWBQ,PNZU33624101
AOZX00ULMC9118790972,AOZX,ULMC91187909
URUK00IWWI3940064552,URUK,IWWI39400645
CXSS00TTSK6224114557,CXSS,TTSK62241145
ADUP00BCOE6996074384,ADUP,BCOE69960743
NRSJ00RCAK7417222583,NRSJ,RCAK74172225
IOSF00ALGJ0492279024,IOSF,ALGJ04922790
LQUU00TRFM5688749470,LQUU,TRFM56887494
YBTY00ZPQX1550735069,YBTY,ZPQX15507350
ALEM00EGBV0161284460,ALEM,EGBV01612844
LVAH00JHTC5008405706,LVAH,JHTC50084057
YBPC00OTCI3134082872,YBPC,OTCI31340828
XNPW00SQCG3256035063,XNPW,SQCG32560350
SEYU00MDHU4161496407,SEYU,MDHU41614964
QODM00UKVM1058109663,QODM,UKVM10581096
UMPU00YSFI4557238435,UMPU,YSFI45572384
QPGY00LNTD6217107927,QPGY,LNTD62171079
OTCP00VXTU1685527587,OTCP,VXTU16855275
ZXCL00KWSS6916159419,ZXCL,KWSS69161594
XOIX00DMBF6959935935,XOIX,DMBF69599359
JORP00IPXV3947376760,JORP,IPXV39473767
KVRA00SPUZ9546364752,KVRA,SPUZ95463647
FCRK00VCWJ8010070410,FCRK,VCWJ80100704
EQCF00LXFK3680455360,EQCF,LXFK36804553
MACG00QJGL1772093607,MACG,QJGL17720936
YSMP00WLEY8260283775,YSMP,WLEY82602837
OMKV00PTWW5712305397,OMKV,PTWW57123053
NGVR00TXZC1944814528,NGVR,TXZC19448145
DBEY00KVPU4394464467,DBEY,KVPU43944644
QFSL00YCFS3675886578,QFSL,YCFS36758865
VAJD00PFRM2226874928,VAJD,PFRM22268749
UTKO00QXQG4955228476,UTKO,QXQG49552284
EVAQ00FZFC4833812147,EVAQ,FZFC48338121
FYJM00OZNM0436029263,FYJM,OZNM04360292
XJYU00EFBS6805595318,XJYU,EFBS68055953
TDFV00XWJX0215878588,TDFV,XWJX02158785
WTFM00MTWP7927195981,WTFM,MTWP79271959
BLBD00NCYW6261984641,BLBD,NCYW62619846
CXNR00TGDU5036094915,CXNR,TGDU50360949
ZLRR00BAOJ0813152634,ZLRR,BAOJ08131526
PCWM00MMHS6465596978,PCWM,MMHS64655969
KGYJ00LHHF5615965557,KGYJ,LHHF56159655
KPCV00JKIZ3564778502,KPCV,JKIZ35647785
VEKV00JKTT0799548702,VEKV,JKTT07995487
IAKV00DSBU4083724503,IAKV,DSBU40837245
NGMR00HSJV8849359148,NGMR,HSJV88493591
IZVK00FVGP7598082920,IZVK,FVGP75980829
SLMS00RKSL9426625759,SLMS,RKSL94266257
OMWI00KFOI6672827210,OMWI,KFOI66728272
ISYZ00ABAC9010668616,ISYZ,ABAC90106686
XFAM00MZSL0343275289,XFAM,MZSL03432752
RITF00KTUS0107510189,RITF,KTUS01075101
RRFT00FPRW9807144598,RRFT,FPRW98071445
TYJT00FFMP6721274431,TYJT,FFMP67212744
QWBQ00RBAE4277986350,QWBQ,RBAE42779863
KSNO00MHBN0097674571,KSNO,MHBN00976745
NENE00MFUB3641231211,NENE,MFUB36412312
NVFJ00FOHX4194844675,NVFJ,FOHX41948446
XFOK00FDHO3450361882,XFOK,FDHO34503618
ZDXU00ZHHV6493803284,ZDXU,ZHHV64938032
RPUJ00ETTG5072481256,RPUJ,ETTG50724812
EZHE00MKBF0884756625,EZHE,MKBF08847566
TMNU00GPQI0223427457,TMNU,GPQI02234274
WNBY00PTOO0488829973,WNBY,PTOO04888299
QJFR00BYBV8809319023,QJFR,BYBV88093190
DTRB00YWBR2748872492,DTRB,YWBR27488724
NIYN00NJHK3063802009,NIYN,NJHK30638020
MVNN00YGKZ7813349157,MVNN,YGKZ78133491
XKDB00SPVY2430011957,XKDB,SPVY24300119
DNDC00KDWD5413952640,DNDC,KDWD54139526
AEOD00HASW5823888157,AEOD,HASW58238881
UODO00NPXM0459533908,UODO,NPXM04595339
RGIM00GFIY9855272162,RGIM,GFIY98552721
IIUA00BUOI9276319151,IIUA,BUOI92763191
VESO00IJMF9236705709,VESO,IJMF92367057
UUHD00ROBK0896690690,UUHD,ROBK08966906
PTAB00RYUB7113458323,PTAB,RYUB71134583
GWRI00NZDI1335734429,GWRI,NZDI13357344
OVPK00OYLM2830292580,OVPK,OYLM28302925
RLIR00POAT9027792065,RLIR,POAT90277920
UICG00BQJJ5414402526,UICG,BQJJ54144025
MBED00NPZB9189166681,MBED,NPZB91891666
SBIN00LFOI7478173147,SBIN,LFOI74781731
UFSU00VLSS8003446833,UFSU,VLSS80034468
RVZF00UHLY3180062321,RVZF,UHLY31800623
HCDC00ANMJ0174399697,HCDC,ANMJ01743996
QZJE00LXCJ3132109530,QZJE,LXCJ31321095
TMRP00ZRYI8431792727,TMRP,ZRYI84317927
IMKS00DFTJ9838847834,IMKS,DFTJ98388478
NMVQ00SOCA8519197063,NMVQ,SOCA85191970
TTSN00YQDD1475107866,TTSN,YQDD14751078
MAND00KNNW8382204382,MAND,KNNW83822043
LDLJ00JQMC8045886042,LDLJ,JQMC80458860
GOCX00RCVI5006494710,GOCX,RCVI50064947
GHLY00CTRN6955147321,GHLY,CTRN69551473
XURZ00ICGN1827280960,XURZ,ICGN18272809
ZKFZ00TBOI2649913720,ZKFZ,TBOI26499137
AKPW00AEEZ3305595477,AKPW,AEEZ33055954
JFJR00XFZO2355075869,JFJR,XFZO23550758
EMNN00BVFZ2815877787,EMNN,BVFZ28158777
PERO00WJEH3931492696,PERO,WJEH39314926
TYYT00YUFR7597139752,TYYT,YUFR75971397
SMYQ00XEKW2282465339,SMYQ,XEKW22824653
CBQX00AQYR5261891815,CBQX,AQYR52618918
XOFM00AMIK3299909706,XOFM,AMIK32999097
QDTH00XWNP4744997531,QDTH,XWNP47449975
EMUV00LGXW5729336731,EMUV,LGXW57293367
UMYD00VNBX2383870268,UMYD,VNBX23838702
QRQQ00RAQP9922948273,QRQQ,RAQP99229482
CNFS00FFMH6453951914,CNFS,FFMH64539519
ZXSR00GCID3692647327,ZXSR,GCID36926473
IXLW00NHLG7583373704,IXLW,NHLG75833737
TBNK00DHOC8461151524,TBNK,DHOC84611515
PAWT00USMH1686282708,PAWT,USMH16862827
YHYP00HAKB1297365710,YHYP,HAKB12973657
OYWY00XYHV0500327079,OYWY,XYHV05003270
WHMV00TKMA1243347337,WHMV,TKMA12433473
DFZZ00LFLS4018205145,DFZZ,LFLS40182051
EAIU00IFKW5996014009,EAIU,IFKW59960140
MOKC00QYZB4215056085,MOKC,QYZB42150560
XABD00FKQJ9661835214,XABD,FKQJ96618352
TZVJ00LAYX8834386677,TZVJ,LAYX88343866
ABBL00UTRK8730260991,ABBL,UTRK87302609
JQWZ00VHQN7950803765,JQWZ,VHQN79508037
MPZL00CYGM9348141542,MPZL,CYGM93481415
NWMV00KBFK4454012272,NWMV,KBFK44540122
GTPE00MJXL3014156993,GTPE,MJXL30141569
XIQV00VIXB2889322830,XIQV,VIXB28893228
JWCH00EUCD6483223359,JWCH,EUCD64832233
ZSDM00VVKC8961065654,ZSDM,VVKC89610656
ZIQJ00RTRT9150843059,ZIQJ,RTRT91508430
HNYM00MSTQ2648683943,HNYM,MSTQ26486839
ZUXW00HUBQ4934417740,ZUXW,HUBQ49344177
OUCQ00JMPS8545995393,OUCQ,JMPS85459953
XIRJ00VFVD3753913942,XIRJ,VFVD37539139
TQEQ00HFAA9468071952,TQEQ,HFAA94680719
ZHFO00MBDB9486913933,ZHFO,MBDB94869139
RZJR00BQMM8545117070,RZJR,BQMM85451170
DJYO00DFPJ5051325377,DJYO,DFPJ50513253
SKMD00JDWT6126344115,SKMD,JDWT61263441
ZQXN00OIOW7940093323,ZQXN,OIOW79400933
YLHG00SXNP5647332732,YLHG,SXNP56473327
YDNS00EETQ3511341161,YDNS,EETQ35113411
WABY00TBTK7773706782,WABY,TBTK77737067
RCJE00TMDI2342156890,RCJE,TMDI23421568
OKAG00HFLY3777647753,OKAG,HFLY37776477
YHTS00EPZY9260628764,YHTS,EPZY92606287
LJCV00YJWW9393251896,LJCV,YJWW93932518
AOXS00UCVP6553549050,AOXS,UCVP65535490
PHYF00GOKE3372395615,PHYF,GOKE33723956
ZLVS00OUZB8347365768,ZLVS,OUZB83473657
UVDA00SQQU8643625081,UVDA,SQQU86436250
CLFY00NPCS3222134437,CLFY,NPCS32221344
YDWC00BYOL6041390785,YDWC,BYOL60413907
ZEVO00NKOK1317871473,ZEVO,NKOK13178714
OVDE00YSRM2099785231,OVDE,YSRM20997852
CLGB00ORDF6002969952,CLGB,ORDF60029699
JFYN00ZCIX6005262569,JFYN,ZCIX60052625
XJID00DTJN4852414115,XJID,DTJN48524141
YKMS00IYYL6057221136,YKMS,IYYL60572211
OPGD00LLWO0885594343,OPGD,LLWO08855943
GISD00EVNF7736952961,GISD,EVNF77369529
HKWU00HORL8342737761,HKWU,HORL83427377
FZZR00ZWEY7545928330,FZZR,ZWEY75459283
PGGW00UFKN5997895589,PGGW,UFKN59978955
WKFZ00DBWE7218467549,WKFZ,DBWE72184675
YQRF00FBIW1309706877,YQRF,FBIW13097068
RMUK00JPMI8643386794,RMUK,JPMI86433867
RXIB00LMXO1964110162,RXIB,LMXO19641101
VCBV00MSVK9643493641,VCBV,MSVK96434936
SUFY00XSIN1989272132,SUFY,XSIN19892721
CKEJ00DYWZ3004658395,CKEJ,DYWZ30046583
PPGK00QTLG9613370769,PPGK,QTLG96133707
MBIL00NBRT1752729836,MBIL,NBRT17527298
WLAW00QXZO4629338684,WLAW,QXZO46293386
RUPL00AODT3990132062,RUPL,AODT39901320
AHRG00SQAU3462376031,AHRG,SQAU34623760
OHXU00TFIR7182177253,OHXU,TFIR71821772
EXFG00KLSX8403263333,EXFG,KLSX84032633
TAVJ00LYVX9587812329,TAVJ,LYVX95878123
CFUD00JKWQ6371668135,CFUD,JKWQ63716681
OKHS00GQIE8768601309,OKHS,GQIE87686013
FBSN00DMON9448629240,FBSN,DMON94486292
GYNX00EDKY0031238395,GYNX,EDKY00312383
RKXG00OSIA4874515043,RKXG,OSIA48745150
XBED00RBHJ8926499781,XBED,RBHJ89264997
EMFS00YIZQ0272588512,EMFS,YIZQ02725885
OWPI00QBWP1018446442,OWPI,QBWP10184464
BQHO00XJFO7404320654,BQHO,XJFO74043206
REPZ00NSFY2899323488,REPZ,NSFY28993234
YZER00BYLY7941725382,YZER,BYLY79417253
YVLN00QWAZ4539899780,YVLN,QWAZ45398997
CYCM00EYAU3463565168,CYCM,EYAU34635651
ADEZ00GHSZ6163628047,ADEZ,GHSZ61636280
QTTA00DBZQ9153706455,QTTA,DBZQ91537064
YAJC00ZJWR0627097492,YAJC,ZJWR06270974
WCCF00ZLPT0174815315,WCCF,ZLPT01748153
IOSQ00UWDS3147200833,IOSQ,UWDS31472008
ECSH00FNNI5662913364,ECSH,FNNI56629133
WYER00VSQM5827803062,WYER,VSQM58278030
OJDH00JTGR1112205747,OJDH,JTGR11122057
GLWO00RIPB3202132845,GLWO,RIPB32021328
BEMQ00ZROJ1153082004,BEMQ,ZROJ11530820
RJCQ00KQVX1108413994,RJCQ,KQVX11084139
KELL00ZUAL2475895711,KELL,ZUAL24758957
IYSK00KLAF6540282493,IYSK,KLAF65402824
JGBI00KHPL1939480140,JGBI,KHPL19394801
HJUN00YNQS1545345509,HJUN,YNQS15453455
PLHW00YALM1957223920,PLHW,YALM19572239
OQNS00DGYE2224784297,OQNS,DGYE22247842
GTHT00HVDI2468436762,GTHT,HVDI24684367
YHAO00HVDC8382296981,YHAO,HVDC83822969
QYQB00MAVJ7041311221,QYQB,MAVJ70413112
DOYC00AWVS2794811385,DOYC,AWVS27948113
WXUB00NICG9906006025,WXUB,NICG99060060
MBNH00CEAF0768835939,MBNH,CEAF07688359
QWUK00PJLW9538337261,QWUK,PJLW95383372
LRLQ00PFUQ0373531642,LRLQ,PFUQ03735316
LWIZ00ROZO5326339650,LWIZ,ROZO53263396
TGLE00OIQJ0661232922,TGLE,OIQJ06612329
MDHJ00BRAS8204615715,MDHJ,BRAS82046157
RCHD00YWZY8903626266,RCHD,YWZY89036262
EXVT00PXGO7296381596,EXVT,PXGO72963815
OLWN00ICLD4516383641,OLWN,ICLD45163836
OZOV00JKIU9902426415,OZOV,JKIU99024264
JIAI00NNTV2179341003,JIAI,NNTV21793410
LEAQ00SPFS7317583669,LEAQ,SPFS73175836
CMXT00XAMZ2767444363,CMXT,XAMZ27674443
GSDU00ORGE5734800914,GSDU,ORGE57348009
JSQE00KOUY2328443340,JSQE,KOUY23284433
IWGF00NUJL6435767602,IWGF,NUJL64357676
QWTV00JWFS8986863726,QWTV,JWFS89868637
MOIH00JMBV6577103672,MOIH,JMBV65771036
ILLN00EAWG3279094536,ILLN,EAWG32790945
CORM00VYCM5304405755,CORM,VYCM53044057
IHAS00GLEJ1202113623,IHAS,GLEJ12021136
ZRSV00NQAD9875511487,ZRSV,NQAD98755114
SEMX00XWNC8322296898,SEMX,XWNC83222968
HEFZ00HCVJ3590883987,HEFZ,HCVJ35908839
FCAU00YLUH5523472506,FCAU,YLUH55234725
XQMV00ABOM8407894571,XQMV,ABOM84078945
ELVG00VLUK5793396432,ELVG,VLUK57933964
QVAE00SVSZ1174885308,QVAE,SVSZ11748853
AEOR00XKBF5413047773,AEOR,XKBF54130477
YISJ00SOUV4271831168,YISJ,SOUV42718311
RBBD00IGWR3309634071,RBBD,IGWR33096340
PAQT00HDNF2416563460,PAQT,HDNF24165634
IWRH00AFXO0679718483,IWRH,AFXO06797184
DCMP00MUUX7802003571,DCMP,MUUX78020035
WXSZ00JRDY4727623048,WXSZ,JRDY47276230
ZWGI00TAIU7305418907,ZWGI,TAIU73054189
GAMC00HUQR1125722555,GAMC,HUQR11257225
EWXY00HWBY3057943673,EWXY,HWBY30579436
PBZT00AJYA7266866969,PBZT,AJYA72668669
KMML00CUYQ9712200506,KMML,CUYQ97122005
XUXI00CLRA2147173483,XUXI,CLRA21471734
PAPT00JGWH9915082082,PAPT,JGWH99150820
QXCZ00MNVU2093836470,QXCZ,MNVU20938364
XADA00AQDW6481319072,XADA,AQDW64813190
AXMF00TMMW5919573437,AXMF,TMMW59195734
DEPD00IYKT1660357707,DEPD,IYKT16603577
ULDO00AITL3025602950,ULDO,AITL30256029
IRHB00FKCC4249262409,IRHB,FKCC42492624
CHOS00UGDC7191132354,CHOS,UGDC71911323
VAAH00ADFV5783541494,VAAH,ADFV57835414
JAAL00BJLY0461125333,JAAL,BJLY04611253
EENU00HKXI3927133009,EENU,HKXI39271330
ASSB00EIUE2477677242,ASSB,EIUE24776772
LGYQ00VUBP9828822023,LGYQ,VUBP98288220
IHSJ00LODB8799458383,IHSJ,LODB87994583
CDFE00GJFA3240944729,CDFE,GJFA32409447
DQZD00NLVJ2714407182,DQZD,NLVJ27144071
NSRM00FSXE9057947836,NSRM,FSXE90579478
RKNV00FGUK3939880211,RKNV,FGUK39398802
GCNQ00YVSM9651731821,GCNQ,YVSM96517318
ODZF00GUGI2789621935,ODZF,GUGI27896219
KDDX00PCFV5507343630,KDDX,PCFV55073436
QPDT00BCRA0781980791,QPDT,BCRA07819807
SKZR00NWYL6453337341,SKZR,NWYL64533373
HLTB00NIEK7336691198,HLTB,NIEK73366911
MVZY00PHKY3968581627,MVZY,PHKY39685816
FRCO00IOFH5894454217,FRCO,IOFH58944542
QBHW00TKFH9855395935,QBHW,TKFH98553959
PVSK00JLJT9683754607,PVSK,JLJT96837546
QHDG00JFBP2240506730,QHDG,JFBP22405067
VTIM00CADO9181036956,VTIM,CADO91810369
MVIY00BCPK6401226833,MVIY,BCPK64012268
ASJO00ACQJ2644040187,ASJO,ACQJ26440401
VBIV00OGLE4300874042,VBIV,OGLE43008740
EKKN00HPWN7316362155,EKKN,HPWN73163621
DRYT00WKUD7150841550,DRYT,WKUD71508415
NGJH00KNIU2628623158,NGJH,KNIU26286231
PJMD00APPM7079326830,PJMD,APPM70793268
PDHI00RIAW3053788787,PDHI,RIAW30537887
ZKZT00WWEY6268289107,ZKZT,WWEY62682891
ZXDK00DNFC0642707667,ZXDK,DNFC06427076
QPJW00CMSL6735670170,QPJW,CMSL67356701
ZMTD00SJAG8732484077,ZMTD,SJAG87324840
XANX00NIDE5697704404,XANX,NIDE56977044
LSWP00LBBX1443661846,LSWP,LBBX14436618
AOQJ00EOAE0603366478,AOQJ,EOAE06033664
GJZK00INVH7265507337,GJZK,INVH72655073
INHQ00ZGIK7585593615,INHQ,ZGIK75855936
WBBU00SOLK4768836795,WBBU,SOLK47688367
WXEO00WQWO6907980452,WXEO,WQWO69079804
ISYE00MRCD9154956005,ISYE,MRCD91549560
QQIT00SGID1065161040,QQIT,SGID10651610
IEGP00RYGC3789191835,IEGP,RYGC37891918
HXOV00TQLT6829411423,HXOV,TQLT68294114
FCHH00CONH5044293380,FCHH,CONH50442933
COHU00BFJY4933588631,COHU,BFJY49335886
LFRY00YHCA1606051203,LFRY,YHCA16060512
TEQB00INLE3089312742,TEQB,INLE30893127
JHBO00EXPN7047986187,JHBO,EXPN70479861
FEGK00FVUR9830711728,FEGK,FVUR98307117
URDI00EBKH3629325305,URDI,EBKH36293253
NYFF00XBHC3553166385,NYFF,XBHC35531663
AHPY00XBIJ1360289846,AHPY,XBIJ13602898
DOVO00UBOE4368155858,DOVO,UBOE43681558
LLLN00AWKE9420054128,LLLN,AWKE94200541
FIEH00LLZF9053678173,FIEH,LLZF90536781
SPQZ00ZBJF2277447668,SPQZ,ZBJF22774476
XNNA00OJPO8004105107,XNNA,OJPO80041051
TXDU00JHOP3571840590,TXDU,JHOP35718405
RPCV00OVYU2225170947,RPCV,OVYU22251709
VGIC00YNSE1695145156,VGIC,YNSE16951451
VMPS00DQPK4156377354,VMPS,DQPK41563773
JPYB00FIOL5511969532,JPYB,FIOL55119695
FWTZ00WCST4286421519,FWTZ,WCST42864215
LPCQ00DZDW2707196475,LPCQ,DZDW27071964
TYWQ00ACLN3946361798,TYWQ,ACLN39463617
PGKY00XKNZ8186608750,PGKY,XKNZ81866087
MUDO00QMEU8039888588,MUDO,QMEU80398885
JLEI00DYGL3918406064,JLEI,DYGL39184060
SLDU00UGLX2081528188,SLDU,UGLX20815281
BEED00PPBG0771923467,BEED,PPBG07719234
PDXU00AFCN5224032921,PDXU,AFCN52240329
SVHH00PIGZ6012806044,SVHH,PIGZ60128060
WCEQ00FIDV2946482238,WCEQ,FIDV29464822
VHEE00EEMJ9212455135,VHEE,EEMJ92124551
ZKDJ00GSLP8350815431,ZKDJ,GSLP83508154
CRUX00VYOC8257999931,CRUX,VYOC82579999
ULQF00KFBH3263334233,ULQF,KFBH32633342
KBQL00GUJZ7567231562,KBQL,GUJZ75672315
QGQI00YRYM5931784348,QGQI,YRYM59317843
TXGI00UHXF8207655437,TXGI,UHXF82076554
CTEF00NYDE6424770537,CTEF,NYDE64247705
NGQD00MLZQ2841764389,NGQD,MLZQ28417643
CDVJ00AXRD7367322653,CDVJ,AXRD73673226
PVCV00DJXE6748070863,PVCV,DJXE67480708
SXGS00POFS4297902324,SXGS,POFS42979023
HGGT00XBHX9395849974,HGGT,XBHX93958499
OPOA00FOLP7361413822,OPOA,FOLP73614138
JMAQ00CDIH9305035317,JMAQ,CDIH93050353
MHWT00ROAS3816582282,MHWT,ROAS38165822
MWSF00DSFA4692295784,MWSF,DSFA46922957
NSNI00HHYG6100128897,NSNI,HHYG61001288
NXNB00HDUU4699045433,NXNB,HDUU46990454
BRTN00TVEW7291352549,BRTN,TVEW72913525
GIJT00PKHZ5317682096,GIJT,PKHZ53176820
IYHA00VMFM3926451203,IYHA,VMFM39264512
HEPN00YCIY7025421644,HEPN,YCIY70254216
GPXV00WREH6068882185,GPXV,WREH60688821
SJXG00ADHH1288015662,SJXG,ADHH12880156
AACP00BTTR1133282982,AACP,BTTR11332829
BQDC00IEHX9782531327,BQDC,IEHX97825313
ADTC00TGGN4774923854,ADTC,TGGN47749238
KXQE00CXQK8658916912,KXQE,CXQK86589169
RWMC00SEKS1748438962,RWMC,SEKS17484389
BFRZ00BNXJ6603159123,BFRZ,BNXJ66031591
CFBW00VLPV5271242077,CFBW,VLPV52712420
LSHN00CJIU5606111942,LSHN,CJIU56061119
ETFF00GYZR5985231689,ETFF,GYZR59852316
IJPK00LPUP2606041469,IJPK,LPUP26060414
UCDG00FMER0819215759,UCDG,FMER08192157
AZNG00SYIW4672530533,AZNG,SYIW46725305
AWCT00ZSSY3466760588,AWCT,ZSSY34667605
COHU00KDKN1542331704,COHU,KDKN15423317
CXYA00UGQZ5804952814,CXYA,UGQZ58049528
IFOW00WHAK7878617943,IFOW,WHAK78786179
FTPW00MSLW5314493416,FTPW,MSLW53144934
ZVGZ00UIJQ5656954490,ZVGZ,UIJQ56569544
TPHR00JHJQ5322093408,TPHR,JHJQ53220934
ANFU00XIQA4440226527,ANFU,XIQA44402265
FBDR00PPOD7048035371,FBDR,PPOD70480353
NDXA00THRJ4145135361,NDXA,THRJ41451353
GTTQ00KCHB7731380322,GTTQ,KCHB77313803
FVIS00MVMA2139426970,FVIS,MVMA21394269
BPOY00MCDF3767949237,BPOY,MCDF37679492
QMBY00CDJK2581016798,QMBY,CDJK25810167
ZXSV00VWWS1391970159,ZXSV,VWWS13919701
ZMAQ00PJBO7598191440,ZMAQ,PJBO75981914
ISZU00HODN9969091746,ISZU,HODN99690917
VVPP00PXYG4897562908,VVPP,PXYG48975629
ODEM00HQYZ6538515845,ODEM,HQYZ65385158
TNBD00DQVY4091744275,TNBD,DQVY40917442
VAPW00LSUC8935880521,VAPW,LSUC89358805
ZFGA00YTGI4212309357,ZFGA,YTGI42123093
LSRW00QTUU4168555069,LSRW,QTUU41685550
YKGO00BKVV2480834548,YKGO,BKVV24808345
HLOX00KNPJ7436805359,HLOX,KNPJ74368053
PAJN00KKUP4760442255,PAJN,KKUP47604422
EZGC00AUIW7863176193,EZGC,AUIW78631761
LUHM00YPNY4724881227,LUHM,YPNY47248812
SZMQ00XOSJ2480366584,SZMQ,XOSJ24803665
KAXG00WKBN2661159078,KAXG,WKBN26611590
XJQX00CCTI6332188127,XJQX,CCTI63321881
UUTP00JCOJ7209678577,UUTP,JCOJ72096785
ZTKK00WVGS9114716008,ZTKK,WVGS91147160
LARD00CNXJ9047813223,LARD,CNXJ90478132
KDEA00FPVR0536870417,KDEA,FPVR05368704
HNSQ00RCZQ3145091045,HNSQ,RCZQ31450910
OCNC00XQRA3387521866,OCNC,XQRA33875218
JDJI00XRIE3053492124,JDJI,XRIE30534921
NPRY00HSVF9929960040,NPRY,HSVF99299600
XGNC00HPAQ4795822136,XGNC,HPAQ47958221
HFUX00FTCW7471649034,HFUX,FTCW74716490
IBET00OAET5957838712,IBET,OAET59578387
GQSV00VCSW1454171065,GQSV,VCSW14541710
SJPE00NTFF0745752154,SJPE,NTFF07457521
GCOA00TVXA5672519878,GCOA,TVXA56725198
IHVY00TGRR6504364944,IHVY,TGRR65043649
WAAU00BBFV8342321988,WAAU,BBFV83423219
GIZJ00WJTS8297064530,GIZJ,WJTS82970645
DPHB00DKDG6552329421,DPHB,DKDG65523294
IMUY00BLCD1311693914,IMUY,BLCD13116939
IKIX00GPLK5849997493,IKIX,GPLK58499974
IJFX00TEAH1164538053,IJFX,TEAH11645380
OMVZ00VGKX9588509603,OMVZ,VGKX95885096
ZMTP00NAET2593390690,ZMTP,NAET25933906
IZMK00YWLO8974455065,IZMK,YWLO89744550
ZJAS00APTB0951587259,ZJAS,APTB09515872
YIXU00KDRV9952063587,YIXU,KDRV99520635
UFLI00GUOM8787826236,UFLI,GUOM87878262
QWDB00FPAN5979636228,QWDB,FPAN59796362
RYNN00GOGR1021169113,RYNN,GOGR10211691
ZWBY00ITHE9454197487,ZWBY,ITHE94541974
NWOK00KPHB0824976650,NWOK,KPHB08249766
HTXV00PGTT6354535281,HTXV,PGTT63545352
FRTI00QKUW5907853787,FRTI,QKUW59078537
MJYP00PTDL5471750850,MJYP,PTDL54717508
HPTA00TPTT6598765611,HPTA,TPTT65987656
ZPNI00CUIK0614535311,ZPNI,CUIK06145353
GQHD00CLGI8808943755,GQHD,CLGI88089437
ENTI00TOVJ5790613317,ENTI,TOVJ57906133
EOQW00WRDH6921014476,EOQW,WRDH69210144
IHOK00AGZX9174217032,IHOK,AGZX91742170
JJYY00EBGP2554267638,JJYY,EBGP25542676
INRI00BBYK7858256761,INRI,BBYK78582567
DQYV00UISN2428407183,DQYV,UISN24284071
VFAU00CSCD9191328181,VFAU,CSCD91913281
UAXL00JEVP7989958674,UAXL,JEVP79899586
SGAH00WHSH7745408538,SGAH,WHSH77454085
VAEN00FRXF5483426250,VAEN,FRXF54834262
OTVI00KPWM7712540745,OTVI,KPWM77125407
TRCA00WHDS8431752321,TRCA,WHDS84317523
JMTU00EQJO4261951255,JMTU,EQJO42619512
JBUL00SJIA5898531907,JBUL,SJIA58985319
STHN00KGDR8727976879,STHN,KGDR87279768
DBMA00KVFW8532521826,DBMA,KVFW85325218
LCPY00IBTI4439019966,LCPY,IBTI44390199
SQPI00MATN4320615407,SQPI,MATN43206154
OGXR00YBYT6182453714,OGXR,YBYT61824537
XCEI00ZXWD8253675056,XCEI,ZXWD82536750
REGF00GJYW4706653094,REGF,GJYW47066530
GWNZ00USJV8386427063,GWNZ,USJV83864270
GAIO00EDVO2551762637,GAIO,EDVO25517626
QIFJ00VJQO4874044641,QIFJ,VJQO48740446
KCAS00KUMA4935511526,KCAS,KUMA49355115
LLXQ00BJEB5292532896,LLXQ,BJEB52925328
IKHK00FJKN4469301720,IKHK,FJKN44693017
HTQR00WMCR3227685072,HTQR,WMCR32276850
ZREF00NBTO2163012144,ZREF,NBTO21630121
QYTN00AGHA1898571075,QYTN,AGHA18985710
LWQA00RZVH8138647006,LWQA,RZVH81386470
FIFG00NIYV4484144971,FIFG,NIYV44841449
KMLC00CKKL4882433177,KMLC,CKKL48824331
PEIS00TEXA7636550257,PEIS,TEXA76365502
PEBK00NTVO3908015022,PEBK,NTVO39080150
HAIM00IXBD3425356138,HAIM,IXBD34253561
OFEK00ALSK8709023913,OFEK,ALSK87090239
MRPU00SGGT5212881127,MRPU,SGGT52128811
WWDY00RYKM5389821475,WWDY,RYKM53898214
MYKO00QIMB2684733517,MYKO,QIMB26847335
ZOLF00ADSF8488773519,ZOLF,ADSF84887735
RXQZ00UGWW0182250026,RXQZ,UGWW01822500
VNOW00BYKL9378219720,VNOW,BYKL93782197
QRUG00SFPD4296985395,QRUG,SFPD42969853
CQPW00CRPO3675134847,CQPW,CRPO36751348
GEUX00PTZL0135217130,GEUX,PTZL01352171
ZAEK00XKIT4534158056,ZAEK,XKIT45341580
YLOV00GOAM9428032252,YLOV,GOAM94280322
APXF00DCNZ8370613573,APXF,DCNZ83706135
ZGKW00KQBF6478015503,ZGKW,KQBF64780155
LQDG00VBMO8762030032,LQDG,VBMO87620300
WFSA00TZCV7855943276,WFSA,TZCV78559432
AVWK00ORFN2586607830,AVWK,ORFN25866078
JDDN00QLKO0830253623,JDDN,QLKO08302536
VSWG00IJGV5289308768,VSWG,IJGV52893087
FIFK00IIEC9481186310,FIFK,IIEC94811863
JXDX00KDKL4811478529,JXDX,KDKL48114785
HAGC00OBLE7527768075,HAGC,OBLE75277680
KUVK00YNWJ9629171666,KUVK,YNWJ96291716
ORTM00MKOP1994209172,ORTM,MKOP19942091
GLNM00ZKVV4312116593,GLNM,ZKVV43121165
HENH00PQRT0628899042,HENH,PQRT06288990
FDNH00IURS2505013116,FDNH,IURS25050131
PDTN00YOAJ5323079242,PDTN,YOAJ53230792
ZTND00DQMU2014441552,ZTND,DQMU20144415
PGBS00YNGL6231800947,PGBS,YNGL62318009
JESR00WSRD2803157637,JESR,WSRD28031576
DTCM00MZTA4422798672,DTCM,MZTA44227986
SNCU00VODP2790419113,SNCU,VODP27904191
WTHG00ATPZ8909478822,WTHG,ATPZ89094788
JCSG00CGRG1520422231,JCSG,CGRG15204222
QPOE00WWWV9403095082,QPOE,WWWV94030950
LEUU00JTAO8726082645,LEUU,JTAO87260826
UVNU00IFME4244814365,UVNU,IFME42448143
ZAQD00IDHU4694147877,ZAQD,IDHU46941478
TOTZ00YQLJ5287825215,TOTZ,YQLJ52878252
YIRG00SQXW0301396455,YIRG,SQXW03013964
STMG00IXWB4104983191,STMG,IXWB41049831
LSOU00JBJT5224930345,LSOU,JBJT52249303
PMFT00MLEX8644538722,PMFT,MLEX86445387
KOSW00TAPH4735115168,KOSW,TAPH47351151
QYDE00UVQG0023538110,QYDE,UVQG00235381
VKPG00RXEH9610622654,VKPG,RXEH96106226
VTVQ00SEQQ9163097729,VTVQ,SEQQ91630977
UNFZ00AZXL3548142950,UNFZ,AZXL35481429
OEOR00FABV8055580304,OEOR,FABV80555803
DLFB00OWIO4976113895,DLFB,OWIO49761138
UXMZ00YYBJ3809640208,UXMZ,YYBJ38096402
LXNG00GTKG6397955328,LXNG,GTKG63979553
YOTI00PQWA8414483816,YOTI,PQWA84144838
PBYP00TIZC7722178484,PBYP,TIZC77221784
NKYP00LHRO6993804165,NKYP,LHRO69938041
FNLT00CSSL4590147397,FNLT,CSSL45901473
KFDB00OJDV2293201183,KFDB,OJDV22932011
QSZY00TLMO0740124935,QSZY,TLMO07401249
AXGD00XWWY3301801638,AXGD,XWWY33018016
GJON00LRVO7343793897,GJON,LRVO73437938
TCIB00NYJX6012896218,TCIB,NYJX60128962
LBOJ00GRMZ1481869127,LBOJ,GRMZ14818691
ZRBW00BAHI3971196071,ZRBW,BAHI39711960
ELTW00EPGL1147946333,ELTW,EPGL11479463
GYEG00KHMK9066763576,GYEG,KHMK90667635
ZRYY00PHZF7645672668,ZRYY,PHZF76456726
NRDX00SYDV4714072228,NRDX,SYDV47140722
GGFO00MCNV7989507089,GGFO,MCNV79895070
GHOV00FLTN7968989857,GHOV,FLTN79689898
CUPJ00UOLX0257797429,CUPJ,UOLX02577974
CCUS00KOAQ3030562455,CCUS,KOAQ30305624
MSUX00OSYR1308754551,MSUX,OSYR13087545
ISUO00JISD8632056853,ISUO,JISD86320568
IZIF00PONE0842143742,IZIF,PONE08421437
CKIL00MUCX6915283935,CKIL,MUCX69152839
HONQ00VCJO4454606295,HONQ,VCJO44546062
DJBD00CYRR7114999639,DJBD,CYRR71149996
XBCR00BKQD6074323390,XBCR,BKQD60743233
VODZ00ZPIO5341229381,VODZ,ZPIO53412293
VLCO00CSCC6743897791,VLCO,CSCC67438977
KRUO00FVJY6689099674,KRUO,FVJY66890996
AIBM00NDNE2103841320,AIBM,NDNE21038413
GPPV00ODLC4658051692,GPPV,ODLC46580516
JDLV00HPRP4455275191,JDLV,HPRP44552751
CSRZ00MFAN3794928691,CSRZ,MFAN37949286
QQYO00QBIB1814677097,QQYO,QBIB18146770
UCOD00QJTR4271803718,UCOD,QJTR42718037
VOPG00KASL2153133519,VOPG,KASL21531335
BVGC00OPFY1563493866,BVGC,OPFY15634938
XXEK00CVZZ6535333965,XXEK,CVZZ65353339
GLZL00UEHV6667082433,GLZL,UEHV66670824
UJNO00TDOD3546721111,UJNO,TDOD35467211
RZGQ00CSSJ5047990156,RZGQ,CSSJ50479901
AJJO00PRXI2000340143,AJJO,PRXI20003401
COUR00VEYL5417425747,COUR,VEYL54174257
DURR00IRBO4700981745,DURR,IRBO47009817
DKTA00FXLW7963533236,DKTA,FXLW79635332
NHQA00UYYB6894665178,NHQA,UYYB68946651
YZQD00UEMR6677282003,YZQD,UEMR66772820
AJSY00XIJA8070224871,AJSY,XIJA80702248
WXCP00EPYZ9898578162,WXCP,EPYZ98985781
BYWU00IZML6409285554,BYWU,IZML64092855
KDXM00RDSJ2642506894,KDXM,RDSJ26425068
ASLL00UQZJ0396619413,ASLL,UQZJ03966194
WKWK00DEQO4760980339,WKWK,DEQO47609803
YOJQ00BCFW9339829265,YOJQ,BCFW93398292
PEHW00BPMU9804457898,PEHW,BPMU98044578
ILCU00MWHZ1724576906,ILCU,MWHZ17245769
VMIC00ZNPV2479450168,VMIC,ZNPV24794501
CBWL00VLRB2572121826,CBWL,VLRB25721218
UJDC00RZKW8202471756,UJDC,RZKW82024717
LBGR00GAZL2905499492,LBGR,GAZL29054994
NXEI00YWMR6907993593,NXEI,YWMR69079935
GPUV00AIFR9821161818,GPUV,AIFR98211618
BQGB00ROUF0456620863,BQGB,ROUF04566208
JIPA00QHEV1416449995,JIPA,QHEV14164499
SGLJ00IOLP6899877129,SGLJ,IOLP68998771
QAYJ00UUAA6124689623,QAYJ,UUAA61246896
SYCE00BFOR6092188490,SYCE,BFOR60921884
PXOX00IQDR6940929229,PXOX,IQDR69409292
BCZH00CMIG6020096484,BCZH,CMIG60200964
VCPU00MCTM7979091875,VCPU,MCTM79790918
OIOJ00ECKR0817894444,OIOJ,ECKR08178944
PHGL00MLGF0795389387,PHGL,MLGF07953893
FZFQ00EIHY9772953506,FZFQ,EIHY97729535
ZSFH00MQNR3052370368,ZSFH,MQNR30523703
OBQO00MGNN7729170179,OBQO,MGNN77291701
IWIH00ZMCC2066749458,IWIH,ZMCC20667494
CXNQ00DOYE9229107694,CXNQ,DOYE92291076
DXWT00UDLU0635961198,DXWT,UDLU06359611
ODDV00SEIE2709648509,ODDV,SEIE27096485
DPOO00ZCPN2388626731,DPOO,ZCPN23886267
QRUH00MONX8678860882,QRUH,MONX86788608
XYDZ00WPUU1902682233,XYDZ,WPUU19026822
IQWH00IBRR6274908761,IQWH,IBRR62749087
CTVP00FZOH8276464111,CTVP,FZOH82764641
OAZO00QDTE0719113747,OAZO,QDTE07191137
GZUE00SNQO8815967470,GZUE,SNQO88159674
LNJP00FZWO7306758816,LNJP,FZWO73067588
VDWE00UPQB3223110323,VDWE,UPQB32231103
CCGN00JKJQ0391473033,CCGN,JKJQ03914730
LRRZ00HVPJ8010198389,LRRZ,HVPJ80101983
PHAD00QWUB3273556038,PHAD,QWUB32735560
SPUT00MYPS2050182640,SPUT,MYPS20501826
RSLN00NGEE9642265918,RSLN,NGEE96422659
YSZD00EDVW0611595524,YSZD,EDVW06115955
BGQW00ARKH2426272960,BGQW,ARKH24262729
NBAS00QKWT0512317122,NBAS,QKWT05123171
FSXU00CFWK2799117168,FSXU,CFWK27991171
XIDQ00ZUTU5036778715,XIDQ,ZUTU50367787
UIZP00OZMG5376572821,UIZP,OZMG53765728
MHPO00ICUF7007648816,MHPO,ICUF70076488
GKPW00KEKF6901942907,GKPW,KEKF69019429
PDQJ00WRXF0704770007,PDQJ,WRXF07047700
UBST00JDLV7299077936,UBST,JDLV72990779
MSAW00RSWT0822280831,MSAW,RSWT08222808
ZNJC00JAFN2918870083,ZNJC,JAFN29188700
RPPO00PYVB6670038204,RPPO,PYVB66700382
AKVP00WUQQ0691801785,AKVP,WUQQ06918017
GQCO00GWUP4101596872,GQCO,GWUP41015968
XREF00RRGK4415207620,XREF,RRGK44152076
UMKV00JUZL9640787295,UMKV,JUZL96407872
USGZ00EDPX5985400879,USGZ,EDPX59854008
DHBW00JMAK9336404363,DHBW,JMAK93364043
MTAD00NVAU4683927003,MTAD,NVAU46839270
KCQO00TNDH7222845155,KCQO,TNDH72228451
XUDY00CJHE4165817430,XUDY,CJHE41658174
RGJI00JBTB4768213956,RGJI,JBTB47682139
ULVR00YJBI4231920462,ULVR,YJBI42319204
RWZH00WYYX8386928130,RWZH,WYYX83869281
GGJS00HJME0280479079,GGJS,HJME02804790
ZCBY00PLTM3327709122,ZCBY,PLTM33277091
BPYP00SCWN8627301252,BPYP,SCWN86273012
TVDT00USWH5376268945,TVDT,USWH53762689
KLTH00BIXS0796293961,KLTH,BIXS07962939
NHIF00EYVD4951953743,NHIF,EYVD49519537
KIOV00XVNR7599113051,KIOV,XVNR75991130
NJRY00POUW8506802971,NJRY,POUW85068029
FOYX00NOZM5679294719,FOYX,NOZM56792947
TAAE00ZHJC3994292906,TAAE,ZHJC39942929
SNQE00HERI9528784574,SNQE,HERI95287845
OEMI00WUUR1538108858,OEMI,WUUR15381088
WOMQ00VEPN9905638353,WOMQ,VEPN99056383
RXVU00QMQO9058302915,RXVU,QMQO90583029
LENQ00WAXM8581403948,LENQ,WAXM85814039
ZKMF00NSBR2378457566,ZKMF,NSBR23784575
HFVP00YJFG3674927377,HFVP,YJFG36749273
XKYD00XWKH2981687751,XKYD,XWKH29816877
BDNT00PIFG4110368507,BDNT,PIFG41103685
EPJZ00PPUB1689226415,EPJZ,PPUB16892264
DOJN00JOOD5867444436,DOJN,JOOD58674444
PDGG00HKTS0598954525,PDGG,HKTS05989545
TUVN00RDCM6587867674,TUVN,RDCM65878676
RGYS00LNXV0030856623,RGYS,LNXV00308566
PYJM00OQVE8971691959,PYJM,OQVE89716919
TYAW00KEGI6434700739,TYAW,KEGI64347007
ITLR00XYLE2180556463,ITLR,XYLE21805564
UOZN00RQTM6902829431,UOZN,RQTM69028294
VOLC00KOSQ7853546183,VOLC,KOSQ78535461
HKTJ00XJON7285976605,HKTJ,XJON72859766
KVIL00CLEN5790172813,KVIL,CLEN57901728
OGWQ00WVWG6787433592,OGWQ,WVWG67874335
RIYD00GWNJ5163345187,RIYD,GWNJ51633451
KQOA00LGZO3982258513,KQOA,LGZO39822585
GWAN00EBJO9739055730,GWAN,EBJO97390557
IKMJ00VBTD5589249075,IKMJ,VBTD55892490
KWOQ00BMZG3341534759,KWOQ,BMZG33415347
GKWL00UORU9080333738,GKWL,UORU90803337
JWKF00ZPRI3186038983,JWKF,ZPRI31860389
OPZT00BJKN2070919331,OPZT,BJKN20709193
WCFI00ECQW8978476657,WCFI,ECQW89784766
CCWR00RUQV0131157058,CCWR,RUQV01311570
BWAN00KDNP2603948558,BWAN,KDNP26039485
HHTT00KPXC8516572997,HHTT,KPXC85165729
VBHS00YSOO3889992709,VBHS,YSOO38899927
QYXX00WHLX7020830302,QYXX,WHLX70208303
JVUG00LQHB1369666602,JVUG,LQHB13696666
CJDP00GLOR4124796340,CJDP,GLOR41247963
UDUX00NKFD7925817220,UDUX,NKFD79258172
QCJH00UTQU6564217092,QCJH,UTQU65642170
SAJY00CDFH7574489028,SAJY,CDFH75744890
NYTM00GWJQ3140606316,NYTM,GWJQ31406063
GIUX00VFFL5559921375,GIUX,VFFL55599213
KDCH00EFMA1265938672,KDCH,EFMA12659386
ERPX00YZHP0201149883,ERPX,YZHP02011498
PCVR00EWSX7184497826,PCVR,EWSX71844978
UARF00GTQW9536578067,UARF,GTQW95365780
ZFTI00YEEI1888621575,ZFTI,YEEI18886215
LYMV00IPIW0812289970,LYMV,IPIW08122899
PPZB00WXDN8618853965,PPZB,WXDN86188539
KHKS00RSIZ4945600458,KHKS,RSIZ49456004
DGSX00TWKA6014902493,DGSX,TWKA60149024
MBGY00ZOUK5942100177,MBGY,ZOUK59421001
YIHB00BMTE9428961290,YIHB,BMTE94289612
HVTY00SKNJ4937425641,HVTY,SKNJ49374256
LZUB00HDLW7544366310,LZUB,HDLW75443663
PPTV00SKXJ3388110619,PPTV,SKXJ33881106
BPTQ00JDOZ3592973006,BPTQ,JDOZ35929730
JGMV00BODD9200652939,JGMV,BODD92006529
ITKW00IVCF5246483852,ITKW,IVCF52464838
ABOL00XFCK9871338835,ABOL,XFCK98713388
VFPE00UHYS5917048441,VFPE,UHYS59170484
DSZL00IBSQ0855249223,DSZL,IBSQ08552492
MTVC00GGFF6187116507,MTVC,GGFF61871165
SPPP00MGKI9701715180,SPPP,MGKI97017151
MXQM00PAAM4645681673,MXQM,PAAM46456816
BNZD00FTMN3704137207,BNZD,FTMN37041372
CNDL00RLPL3456187892,CNDL,RLPL34561878
XIWW00CFTZ1694557187,XIWW,CFTZ16945571
LABU00QKVA1001895208,LABU,QKVA10018952
XDYZ00GQYE2625011602,XDYZ,GQYE26250116
MNRX00XHVV2288430730,MNRX,XHVV22884307
OOMF00SYOX5199519839,OOMF,SYOX51995198
LJLQ00BKDE9239199065,LJLQ,BKDE92391990
UUAN00YKHX1604562966,UUAN,YKHX16045629
CEIY00JKSQ7037927682,CEIY,JKSQ70379276
YAWK00MBBX9914130575,YAWK,MBBX99141305
TKTF00UEJZ2921692886,TKTF,UEJZ29216928
ZZBK00PBKG0578651802,ZZBK,PBKG05786518
YHYO00XKLH2266042874,YHYO,XKLH22660428
FWNR00XCNV3839285323,FWNR,XCNV38392853
FGHS00RHYI9189347208,FGHS,RHYI91893472
ZPOP00VRCS7685314423,ZPOP,VRCS76853144
IHPV00ZXSR1515419250,IHPV,ZXSR15154192
QTRK00WJWF9661201005,QTRK,WJWF96612010
NSEV00JPZM1605573014,NSEV,JPZM16055730
AVQF00YPUZ9220756690,AVQF,YPUZ92207566
RSBA00BPWJ4336540645,RSBA,BPWJ43365406
CYIL00EFSW8650144139,CYIL,EFSW86501441
PYRH00VKLX2210240908,PYRH,VKLX22102409
LWLN00BOLD2314979040,LWLN,BOLD23149790
JJPO00EJOK3724469806,JJPO,EJOK37244698
YJXK00DGAP7237968510,YJXK,DGAP72379685
XVNL00WDJS2824797748,XVNL,WDJS28247977
XTIP00FGSN1415120119,XTIP,FGSN14151201
WJHN00PHGX9089971192,WJHN,PHGX90899711
CPLG00QYWH8041600808,CPLG,QYWH80416008
KJFU00GXJA8139103003,KJFU,GXJA81391030
TYSX00MRCC5157386049,TYSX,MRCC51573860
NMPA00DZJF7072401229,NMPA,DZJF70724012
ZRDA00TELZ4637574014,ZRDA,TELZ46375740
JDTF00UYZX9762160089,JDTF,UYZX97621600
DFGF00YONA0419263012,DFGF,YONA04192630
CBKF00GGND5088560717,CBKF,GGND50885607
HQUN00VBQN8009082186,HQUN,VBQN80090821
ILUR00YAHH5665779450,ILUR,YAHH56657794
AKQM00EGJR1187442472,AKQM,EGJR11874424
MNDQ00ADJI6658743664,MNDQ,ADJI66587436
HGKL00EFXA5799818087,HGKL,EFXA57998180
ROWF00VJBX9418594731,ROWF,VJBX94185947
EZVE00USKG3560824224,EZVE,USKG35608242
JETX00PKCC3209894672,JETX,PKCC32098946
IAXM00FSAP7162390061,IAXM,FSAP71623900
MBHF00UIIX4347488187,MBHF,UIIX43474881
UQTK00XIRC9551304809,UQTK,XIRC95513048
DUJE00HLGY1560093725,DUJE,HLGY15600937
FLSJ00MTFG2907989941,FLSJ,MTFG29079899
BDWS00WTOZ2476122858,BDWS,WTOZ24761228
WZNS00DAPE6482233452,WZNS,DAPE64822334
LIMJ00FECJ9936436374,LIMJ,FECJ99364363
IBGM00QLVL6049082998,IBGM,QLVL60490829
YOGN00XXFX4542994576,YOGN,XXFX45429945
AEVJ00OZRJ1861788388,AEVJ,OZRJ18617883
NWIL00CFOG3460959918,NWIL,CFOG34609599
ABPO00DFSP5780848689,ABPO,DFSP57808486
WJQM00XCOQ1619299151,WJQM,XCOQ16192991
TMMD00VNCS2389877325,TMMD,VNCS23898773
ITJC00IOID5540773224,ITJC,IOID55407732
XTOR00WQNU0155112493,XTOR,WQNU01551124
WXWN00CGEV6400842249,WXWN,CGEV64008422
YCTN00SKQA4520996254,YCTN,SKQA45209962
WZXM00CLTA9368374122,WZXM,CLTA93683741
CNLM00LTNK7809263312,CNLM,LTNK78092633
CNWX00RMWW1893243514,CNWX,RMWW18932435
NDBY00CXZN9914115164,NDBY,CXZN99141151
BCRE00DWZI7954523489,BCRE,DWZI79545234
DBTZ00EHSD3941771569,DBTZ,EHSD39417715
BNPN00LEPI0800319152,BNPN,LEPI08003191
IKIX00GWCD8723666468,IKIX,GWCD87236664
GXZV00VKXF1895496759,GXZV,VKXF18954967
TPHI00WPXD8904889234,TPHI,WPXD89048892
JKYB00QGXF5411113328,JKYB,QGXF54111133
XZSI00SMUW8812471058,XZSI,SMUW88124710
XSMQ00NENR8999928761,XSMQ,NENR89999287
XPKL00XTVL9422421080,XPKL,XTVL94224210
JZWX00AALU9969639917,JZWX,AALU99696399
JOIX00NZOV6560724694,JOIX,NZOV65607246
RNPN00GNGT8019873588,RNPN,GNGT80198735
SKZT00XTJO9689630496,SKZT,XTJO96896304
JSUL00KHUU1160604618,JSUL,KHUU11606046
WIRK00POCS3047058714,WIRK,POCS30470587
BIHA00PHFH3412792233,BIHA,PHFH34127922
KDTE00XNSY1467206411,KDTE,XNSY14672064
UFYD00EHRZ7193339138,UFYD,EHRZ71933391
UYLN00NRWJ7564762461,UYLN,NRWJ75647624
EMED00EDZO5703781673,EMED,EDZO57037816
DAPP00RVSK2014288724,DAPP,RVSK20142887
YGXY00CBEM0603179821,YGXY,CBEM06031798
DVLR00CORI8973474594,DVLR,CORI89734745
QOIO00MELX4160223226,QOIO,MELX41602232
RJEI00YNNP3590829590,RJEI,YNNP35908295
CGHW00UCCP6024512161,CGHW,UCCP60245121
ZZOD00SBNR8319046734,ZZOD,SBNR83190467
TRPR00GXEP8174735431,TRPR,GXEP81747354
DVZW00ZBTN5449582689,DVZW,ZBTN54495826
BZLQ00KOHE5464427073,BZLQ,KOHE54644270
DLUU00ESYA2027259598,DLUU,ESYA20272595
NSNE00TQCE0927231977,NSNE,TQCE09272319
YMLE00QSFX0800674071,YMLE,QSFX08006740
BBFS00BKXL1307236939,BBFS,BKXL13072369
RNZC00PBIF1972053815,RNZC,PBIF19720538
GAUT00LPDI1462763466,GAUT,LPDI14627634
NYOG00PIKS6295590115,NYOG,PIKS62955901
EBDG00JMUE3683402431,EBDG,JMUE36834024
QYSY00RADL8611267788,QYSY,RADL86112677
EMIA00TQFU0798080181,EMIA,TQFU07980801
QFPF00YSDQ1384603463,QFPF,YSDQ13846034
GKIE00ERMQ2546337405,GKIE,ERMQ25463374
UBFH00PHQW6240819506,UBFH,PHQW62408195
AWSZ00GSUY9370484535,AWSZ,GSUY93704845
OTUY00ABSU1554248616,OTUY,ABSU15542486
CNPI00JVTJ7048037341,CNPI,JVTJ70480373
HHCS00USVW5945288173,HHCS,USVW59452881
ORVU00AUAF6283297548,ORVU,AUAF62832975
FQRS00OJQW1931753622,FQRS,OJQW19317536
NEMQ00QQJK8694641451,NEMQ,QQJK86946414
FCAX00NGDV8130063606,FCAX,NGDV81300636
QGXP00XRWB3543793064,QGXP,XRWB35437930
ORHC00BARN4165211042,ORHC,BARN41652110
ADQB00XFVK6923733261,ADQB,XFVK69237332
JDAF00JSNW2254135330,JDAF,JSNW22541353
JKAQ00RLRU4080637082,JKAQ,RLRU40806370
URET00UCHL2426191840,URET,UCHL24261918
AUMP00NRVQ4251547594,AUMP,NRVQ42515475
PIMM00UXYB8704549876,PIMM,UXYB87045498
OJPT00WACU2174122025,OJPT,WACU21741220
UZWP00MJYT5217550429,UZWP,MJYT52175504
QNGY00SWFK1474753855,QNGY,SWFK14747538
YXJX00LLLL4704239222,YXJX,LLLL47042392
MNXO00HARR2421004642,MNXO,HARR24210046
MGXR00BMBL4841882017,MGXR,BMBL48418820
VOKT00ECFH7841629355,VOKT,ECFH78416293
LQKI00FRPA7411731803,LQKI,FRPA74117318
JTXB00FAJC5335968722,JTXB,FAJC53359687
VSYC00JYGG4653744324,VSYC,JYGG46537443
QZRN00QNIZ1260683123,QZRN,QNIZ12606831
LCGD00NAHY2526112704,LCGD,NAHY25261127
NMLC00VXEF6541920227,NMLC,VXEF65419202
SIBK00QDBJ3860946510,SIBK,QDBJ38609465
CUNU00BZZG5981515980,CUNU,BZZG59815159
OPBG00KCUG8797394945,OPBG,KCUG87973949
CUKA00HYLH6800936017,CUKA,HYLH68009360
TCKJ00BPUH8690372325,TCKJ,BPUH86903723
YZLJ00CIOD6627313824,YZLJ,CIOD66273138
RXVJ00TOQL1837293094,RXVJ,TOQL18372930
HPUF00EJDO6564775125,HPUF,EJDO65647751
LUYH00FKGD6695343929,LUYH,FKGD66953439
XQJJ00JTRE7917655185,XQJJ,JTRE79176551
SAQH00USHF1911922867,SAQH,USHF19119228
BDIW00OHBI6464061990,BDIW,OHBI64640619
DYYA00OYKH9094891347,DYYA,OYKH90948913
NFTK00DSDA1768878631,NFTK,DSDA17688786
SUPQ00PBWE1488305658,SUPQ,PBWE14883056
HJFR00ECSF4937981928,HJFR,ECSF49379819
JQKT00WSEU3738764482,JQKT,WSEU37387644
COLM00VSZP9974015481,COLM,VSZP99740154
KBAV00GPDF6026059044,KBAV,GPDF60260590
IOOY00TYAM4743614333,IOOY,TYAM47436143
UVFV00CHKR1238961731,UVFV,CHKR12389617
RAMM00GRQB9917875627,RAMM,GRQB99178756
SLRG00TGPU1339463834,SLRG,TGPU13394638
MMOM00XLHU7055835556,MMOM,XLHU70558355
HBUP00DTEX1308813675,HBUP,DTEX13088136
YNWA00FDRU8260252651,YNWA,FDRU82602526
DZSR00GONM3401902903,DZSR,GONM34019029
ZPGK00RXKM3116494629,ZPGK,RXKM31164946
CLIJ00NUCS2626699625,CLIJ,NUCS26266996
ZDHN00XVJY8234151140,ZDHN,XVJY82341511
ZSWD00XXNT4566203464,ZSWD,XXNT45662034
JZZY00IUCQ7539486995,JZZY,IUCQ75394869
KXWV00BWXP7668683848,KXWV,BWXP76686838
NAQU00WVBV1940855339,NAQU,WVBV19408553
DMKP00JFVG3044885239,DMKP,JFVG30448852
LPQT00KMES8497376955,LPQT,KMES84973769
DZIP00DPHR6096201677,DZIP,DPHR60962016
PAVD00AZGB8009137826,PAVD,AZGB80091378
LTNS00XVQH5592290643,LTNS,XVQH55922906
DUEP00EMSS9937901297,DUEP,EMSS99379012
IWJU00WESM9665021547,IWJU,WESM96650215
ACKP00WEPY0198244662,ACKP,WEPY01982446
JVQZ00BDLC9756577763,JVQZ,BDLC97565777
DAFP00PJZI5897886533,DAFP,PJZI58978865
HRVX00OEHO9092060842,HRVX,OEHO90920608
XAAP00AKDU2699038111,XAAP,AKDU26990381
ABCV00YNHE3781260184,ABCV,YNHE37812601
IWPM00SWUO0390721097,IWPM,SWUO03907210
IFXS00UNDM1772231761,IFXS,UNDM17722317
IZNR00MSHU0501358824,IZNR,MSHU05013588
FCCT00LZEN8697210473,FCCT,LZEN86972104
ACFR00VZUG3908462212,ACFR,VZUG39084622
YKNL00WJAR7005322377,YKNL,WJAR70053223
WAGQ00XINH8540651149,WAGQ,XINH85406511
ZOEI00QKWH1854471946,ZOEI,QKWH18544719
ITVJ00OJMA5196444175,ITVJ,OJMA51964441
EAVC00EJRY8089435994,EAVC,EJRY80894359
IRQB00NMGV6997259296,IRQB,NMGV69972592
KTLS00PMQZ6615474654,KTLS,PMQZ66154746
UYRX00UUII4557314858,UYRX,UUII45573148
CQEW00SGSW9994430419,CQEW,SGSW99944304
AWXP00QEGS7797926718,AWXP,QEGS77979267
TESW00PMXM5081526826,TESW,PMXM50815268
TWVX00DBVQ3403022651,TWVX,DBVQ34030226
UGQN00SDRK6395778228,UGQN,SDRK63957782
ZLEL00PQIQ9555297493,ZLEL,PQIQ95552974
YQWQ00ZPIA3182277241,YQWQ,ZPIA31822772
TYCS00KQMH5629616002,TYCS,KQMH56296160
EHFI00JYHH9517135203,EHFI,JYHH95171352
QNDX00ZAYS3378634473,QNDX,ZAYS33786344
QXXA00IKYK3360637759,QXXA,IKYK33606377
IMFB00QGDG4138936161,IMFB,QGDG41389361
IKEL00PBPN2931172373,IKEL,PBPN29311723
PXHC00UGYX5604337861,PXHC,UGYX56043378
OFGE00BDCG4503733152,OFGE,BDCG45037331
OPPC00AMAN6626066930,OPPC,AMAN66260669
MREI00ZLWO6280561382,MREI,ZLWO62805613
ASEV00QFFR3390533930,ASEV,QFFR33905339
FNTE00RDJC9771866835,FNTE,RDJC97718668
VRZC00IEUJ1959803128,VRZC,IEUJ19598031
CDJQ00DZZH7728653926,CDJQ,DZZH77286539
MUTK00QFHW9750289021,MUTK,QFHW97502890
GLGM00IHTR2847491318,GLGM,IHTR28474913
IFIW00XURB7290592942,IFIW,XURB72905929
ANRB00BMXI6787548775,ANRB,BMXI67875487
UMNT00KTSL0726391774,UMNT,KTSL07263917
NDXQ00UIYA9374376718,NDXQ,UIYA93743767
YNLR00JOCZ4491445563,YNLR,JOCZ44914455
COOD00YJWW6574256468,COOD,YJWW65742564
WOQM00RVUP5702635013,WOQM,RVUP57026350
OMJF00DHIS1133417561,OMJF,DHIS11334175
AQAS00HQNJ9347909743,AQAS,HQNJ93479097
OXAL00SEQJ4478465158,OXAL,SEQJ44784651
NAJA00DDXV8443630821,NAJA,DDXV84436308
ABZL00EMJJ7985377475,ABZL,EMJJ79853774
YBKP00QZXN1523416457,YBKP,QZXN15234164
CSAK00QWGF4760185757,CSAK,QWGF47601857
ZQPG00FMUL5259112783,ZQPG,FMUL52591127
DLKY00XHTT2378998807,DLKY,XHTT23789988
VVUI00DIGO4463603831,VVUI,DIGO44636038
YPRI00WYSS5620682625,YPRI,WYSS56206826
KOOG00TIUJ6799831571,KOOG,TIUJ67998315
UVNR00MEPY5536043309,UVNR,MEPY55360433
CSEF00ISPT3227230477,CSEF,ISPT32272304
IBLS00HSDB1911402154,IBLS,HSDB19114021
SEHY00CNSK0788951876,SEHY,CNSK07889518
KIJQ00IYXK9447865770,KIJQ,IYXK94478657
IARA00KINY7525912848,IARA,KINY75259128
BJEV00TZLX3418652161,BJEV,TZLX34186521
KZJZ00YCNW7825339783,KZJZ,YCNW78253397
VPDH00VAUF0219809111,VPDH,VAUF02198091
PVAK00IONI9094020616,PVAK,IONI90940206
JEQY00RREI0822159633,JEQY,RREI08221596
UYNF00BXUD7177410126,UYNF,BXUD71774101
FZSM00DVTO8784903267,FZSM,DVTO87849032
DXZI00UQBA1939249867,DXZI,UQBA19392498
GNVF00JGFO5744315274,GNVF,JGFO57443152
AAVH00FCXA7948883356,AAVH,FCXA79488833
AEZX00RNPP6398962716,AEZX,RNPP63989627
QZMW00TBLQ8221850405,QZMW,TBLQ82218504
OEIA00SCYJ8943345367,OEIA,SCYJ89433453
VCUJ00QMPG5206619354,VCUJ,QMPG52066193
IONS00YHXU8913607179,IONS,YHXU89136071
THNZ00SGCS4842181059,THNZ,SGCS48421810
CVEW00LITU6140031533,CVEW,LITU61400315
ICXK00UGPM1164259524,ICXK,UGPM11642595
XWBK00VTTR4340081436,XWBK,VTTR43400814
IFGV00IOUA1890092246,IFGV,IOUA18900922
NVED00GDBA2806721893,NVED,GDBA28067218
LRYB00UHNY6831397164,LRYB,UHNY68313971
AAGX00YBNA5766438877,AAGX,YBNA57664388
YEEU00OLVL4136846662,YEEU,OLVL41368466
VCGH00NNLB2953548175,VCGH,NNLB29535481
NRBE00IMLW0960641624,NRBE,IMLW09606416
OXDK00VVRR5986558711,OXDK,VVRR59865587
BZWS00YOXJ0087928818,BZWS,YOXJ00879288
QXCY00ULGI9349441953,QXCY,ULGI93494419
DRPQ00YLQO3216302355,DRPQ,YLQO32163023
SZLJ00XRNJ3346499223,SZLJ,XRNJ33464992
LUNF00XNUA4217363741,LUNF,XNUA42173637
RQWE00IQZT1799233512,RQWE,IQZT17992335
MXHW00NEKW1213187747,MXHW,NEKW12131877
RZUP00GOPQ3646215878,RZUP,GOPQ36462158
LRVQ00JGOU2146486369,LRVQ,JGOU21464863
KUCT00NSZN3472813191,KUCT,NSZN34728131
USVU00CGSQ5294435883,USVU,CGSQ52944358
ZILC00PPMR1076764490,ZILC,PPMR10767644
AJJX00GMFF7821194471,AJJX,GMFF78211944
JIUM00CXUZ7769771672,JIUM,CXUZ77697716
EMSR00GWMR3930787580,EMSR,GWMR39307875
EYWO00ZROM3833010613,EYWO,ZROM38330106
SJAR00WINM7106844798,SJAR,WINM71068447
TLXV00ZAOA3482051041,TLXV,ZAOA34820510
QFTU00TCZV8855655668,QFTU,TCZV88556556
XIXV00LHKJ3438869132,XIXV,LHKJ34388691
UAFR00XUTB2739853320,UAFR,XUTB27398533
JWQL00CPYC2842187181,JWQL,CPYC28421871
HELK00FGWW3519742514,HELK,FGWW35197425
LPOT00XKED0117575752,LPOT,XKED01175757
OMJE00LHKR5398882089,OMJE,LHKR53988820
EXGT00KLNH1710066483,EXGT,KLNH17100664
GTJD00AEZR4400005464,GTJD,AEZR44000054
SPXR00TNGQ7565359162,SPXR,TNGQ75653591
KUGM00XESW2672503978,KUGM,XESW26725039
JPLP00RUXV7568229939,JPLP,RUXV75682299
DEVW00YZRB2884847282,DEVW,YZRB28848472
MSWM00GKPO7778093251,MSWM,GKPO77780932
SFHA00EBIS9300453234,SFHA,EBIS93004532
DPKE00JTHI1317873330,DPKE,JTHI13178733
CUNA00XHIJ3482220777,CUNA,XHIJ34822207
NCDR00RRWA8128064381,NCDR,RRWA81280643
NEYJ00DLKQ3337611070,NEYJ,DLKQ33376110
QPFA00UZBA5311321617,QPFA,UZBA53113216
MBYZ00TPFC1044339188,MBYZ,TPFC10443391
CHSP00CDMV1637486510,CHSP,CDMV16374865
JIME00GQCG2084226110,JIME,GQCG20842261
ZGYC00STLG5872801951,ZGYC,STLG58728019
BFML00NAQB6500372579,BFML,NAQB65003725
NIWV00ABEY0920560203,NIWV,ABEY09205602
RHPB00PPZI0090412317,RHPB,PPZI00904123
OYPS00YCGZ0984018374,OYPS,YCGZ09840183
UQJB00WVDA8716228522,UQJB,WVDA87162285
REFT00HPMR0126754979,REFT,HPMR01267549
SJBW00XIEH3690294648,SJBW,XIEH36902946
OYUY00GAPF4911756852,OYUY,GAPF49117568
JDMQ00PQHR0282881106,JDMQ,PQHR02828811
IFFT00IDTL1609411856,IFFT,IDTL16094118
DFNE00PMAV1082264209,DFNE,PMAV10822642
NSCD00AQXK8441412916,NSCD,AQXK84414129
JGWN00MGXC0290445852,JGWN,MGXC02904458
FAYX00NJEF7431626580,FAYX,NJEF74316265
TTAL00RCQL4984340452,TTAL,RCQL49843404
NCWY00NRLL9310289663,NCWY,NRLL93102896
XBYM00OXIZ1200797077,XBYM,OXIZ12007970
ZZHG00LISE8647837079,ZZHG,LISE86478370
ADDZ00YOTP0465596668,ADDZ,YOTP04655966
JTTN00ZWMZ8871034494,JTTN,ZWMZ88710344
FVAB00OKWC3446362525,FVAB,OKWC34463625
PJLC00QFAH7586656958,PJLC,QFAH75866569
PBGR00VKEW4540158133,PBGR,VKEW45401581
RNKO00WBUV5696746251,RNKO,WBUV56967462
UGDL00DGZK2635488807,UGDL,DGZK26354888
HYQL00TSKM7666421144,HYQL,TSKM76664211
ULLY00CDLX0737397290,ULLY,CDLX07373972
IDIQ00IKCA1899540556,IDIQ,IKCA18995405
REVU00FIUN7342697414,REVU,FIUN73426974
YFBO00UUVR6632284641,YFBO,UUVR66322846
MLYQ00UVMY2558954360,MLYQ,UVMY25589543
GHVN00KPJN2445392562,GHVN,KPJN24453925
LNSA00DNGO5533249524,LNSA,DNGO55332495
QGEJ00QKCE2384891239,QGEJ,QKCE23848912
PRSX00AOYE5071692529,PRSX,AOYE50716925
ISKZ00INDF3476412465,ISKZ,INDF34764124
EBES00ZXCG0337928666,EBES,ZXCG03379286
PFID00WTMI2895166107,PFID,WTMI28951661
IZXX00OBCP9276485845,IZXX,OBCP92764858
ZUNN00NULO6826777002,ZUNN,NULO68267770
YYMZ00UZWI8425770263,YYMZ,UZWI84257702
LFVB00BKKI7710284694,LFVB,BKKI77102846
GQYK00HQFT8515365435,GQYK,HQFT85153654
OVLM00UYUT1258253012,OVLM,UYUT12582530
HVOQ00HLHS8618795961,HVOQ,HLHS86187959
GAWE00CANR7280499197,GAWE,CANR72804991
OESG00EQBT7972497103,OESG,EQBT79724971
MMYZ00APYO7414132645,MMYZ,APYO74141326
BWQX00FDWH2548434968,BWQX,FDWH25484349
KWES00UVMD8053372928,KWES,UVMD80533729
BUNI00CSII4242708946,BUNI,CSII42427089
XOTC00XRRU3353780091,XOTC,XRRU33537800
RMSF00QJFH6425988444,RMSF,QJFH64259884
OMBO00VTFQ0472341006,OMBO,VTFQ04723410
PLMP00AANV9379049982,PLMP,AANV93790499
LJNS00DONR5526260690,LJNS,DONR55262606
PHCX00EZLB8683692830,PHCX,EZLB86836928
XZZB00ADCI7198076995,XZZB,ADCI71980769
DARK00NAXB6956935776,DARK,NAXB69569357
RMTF00QXIG6805727444,RMTF,QXIG68057274
WKAJ00JPKU7138995056,WKAJ,JPKU71389950
FEHI00XTAI1329206547,FEHI,XTAI13292065
UQFS00BAMN0894640790,UQFS,BAMN08946407
MWFI00VOHH7424454355,MWFI,VOHH74244543
RYIV00MRFK9879313664,RYIV,MRFK98793136
LUXG00NVXW0783351508,LUXG,NVXW07833515
WHHG00PLXD0058911028,WHHG,PLXD00589110
LSLU00OGVI1326695433,LSLU,OGVI13266954
POYO00NENT8658232492,POYO,NENT86582324
ETXO00NQYU1470908966,ETXO,NQYU14709089
QQVI00ZZKS7508405194,QQVI,ZZKS75084051
RXFI00YKFB6127879310,RXFI,YKFB61278793
BIKO00ABIH6301322254,BIKO,ABIH63013222
ACME00EVVW4668132013,ACME,EVVW46681320
HNAX00ODRO0028116507,HNAX,ODRO00281165
SLNQ00IOZF9665134620,SLNQ,IOZF96651346
PAFJ00DLPC8965634960,PAFJ,DLPC89656349
JPLP00CUCR9500173549,JPLP,CUCR95001735
NYEN00VTEA8459137445,NYEN,VTEA84591374
FWFT00SCLB4270566227,FWFT,SCLB42705662
ATTL00OXBM1700292432,ATTL,OXBM17002924
ZKDY00YCYR2703818155,ZKDY,YCYR27038181
INOA00REFP1249691497,INOA,REFP12496914
DJYF00TOHN5450879215,DJYF,TOHN54508792
IXPH00LMRE5532900183,IXPH,LMRE55329001
XMLK00ZDSI1912810802,XMLK,ZDSI19128108
YBLC00WYZN2043492453,YBLC,WYZN20434924
VQWI00OWFC1885916349,VQWI,OWFC18859163
ODAU00HFBC3688835731,ODAU,HFBC36888357
GBEH00FZAC5957123668,GBEH,FZAC59571236
CMCH00ZTXG8535048621,CMCH,ZTXG85350486
OBOX00BKMD3688039808,OBOX,BKMD36880398
HBIN00UNBB8767933805,HBIN,UNBB87679338
NESD00VKEN1254039984,NESD,VKEN12540399
GQLM00NJWB9127431668,GQLM,NJWB91274316
RMYG00JSCD3996714510,RMYG,JSCD39967145
YEAY00JIMA7418275672,YEAY,JIMA74182756
YUXV00MOUE0327009737,YUXV,MOUE03270097
KPMO00LNZR6741352355,KPMO,LNZR67413523
EMUI00HPVT0171243712,EMUI,HPVT01712437
UTXA00LFQD5256787385,UTXA,LFQD52567873
NRUK00BSRY7103313548,NRUK,BSRY71033135
FHVS00MCMO2813075459,FHVS,MCMO28130754
SSDD00WCPU4147811493,SSDD,WCPU41478114
LNMT00IAIF7004564698,LNMT,IAIF70045646
YPRA00TGGV5064217142,YPRA,TGGV50642171
LCJK00ZDAE2699898521,LCJK,ZDAE26998985
AOBL00DUZO9894476343,AOBL,DUZO98944763
NLYK00XDHZ9832628582,NLYK,XDHZ98326285
VBAO00DKWG8572580751,VBAO,DKWG85725807
JUEW00ISPC6634080677,JUEW,ISPC66340806
QLXC00ASKY2642961595,QLXC,ASKY26429615
ZGZL00PCIA9110955255,ZGZL,PCIA91109552
POBA00WMAJ6096100982,POBA,WMAJ60961009
EZVC00PPTP0243870439,EZVC,PPTP02438704
BNLS00XPGU6042166382,BNLS,XPGU60421663
BFFJ00KMBH0935429071,BFFJ,KMBH09354290
RYSI00QOBH7660817824,RYSI,QOBH76608178
GKXU00NTAR6545887958,GKXU,NTAR65458879
SYDX00PQHK2310795647,SYDX,PQHK23107956
VBWV00BCZU4105494856,VBWV,BCZU41054948
RLNT00FYOS1616933906,RLNT,FYOS16169339
NABB00RHWI0380943413,NABB,RHWI03809434
EAFP00QDAG0253483035,EAFP,QDAG02534830
ZQAI00LGKK2712836347,ZQAI,LGKK27128363
AQZA00NETD5417477286,AQZA,NETD54174772
EXMF00ERGR1885126855,EXMF,ERGR18851268
TJOX00YTBN3614615194,TJOX,YTBN36146151
MOCD00KZCU9002679154,MOCD,KZCU90026791
UNZK00HRZO0436968489,UNZK,HRZO04369684
LIAY00SLEI3637924621,LIAY,SLEI36379246
IBKH00ATWB2675628165,IBKH,ATWB26756281
RQDM00TFUJ5092480268,RQDM,TFUJ50924802
EDCY00UECR4821839072,EDCY,UECR48218390
RCFJ00RGTC4676465732,RCFJ,RGTC46764657
CFFE00UTDH5059109968,CFFE,UTDH50591099
ZDBD00OOHO7640399952,ZDBD,OOHO76403999
FFNB00NDOD9878386751,FFNB,NDOD98783867
RTAP00HAOY7779382704,RTAP,HAOY77793827
GTDI00OOWF0327902879,GTDI,OOWF03279028
KEHJ00RSLY1731225402,KEHJ,RSLY17312254
QYMG00URGR3835834822,QYMG,URGR38358348
GAOT00WMNW5983659531,GAOT,WMNW59836595
VGEI00GPUG6057297807,VGEI,GPUG60572978
HKNN00BNOK3298218522,HKNN,BNOK32982185
DTIJ00JOXF5102164949,DTIJ,JOXF51021649
LTZD00SHVQ8832968194,LTZD,SHVQ88329681
WDLH00GXRY4022948335,WDLH,GXRY40229483
MNVI00DZAQ2872403570,MNVI,DZAQ28724035
XHPQ00UGVE1662598657,XHPQ,UGVE16625986
ONZH00JYHV7176283643,ONZH,JYHV71762836
BCBA00CYGT4406497154,BCBA,CYGT44064971
CXNX00AWQS9682683412,CXNX,AWQS96826834
JIKF00GYPO9969049750,JIKF,GYPO99690497
POYK00TQGP4291892849,POYK,TQGP42918928
NZAC00NJNQ2398724244,NZAC,NJNQ23987242
UKTK00BEGY3161035450,UKTK,BEGY31610354
TGPH00VPNA7256530206,TGPH,VPNA72565302
KGHF00FIRF0704980932,KGHF,FIRF07049809
GMZS00XMLG1274063647,GMZS,XMLG12740636
JTNK00CWZR3629068634,JTNK,CWZR36290686
RYYZ00OLXD4494819135,RYYZ,OLXD44948191
JBNN00YBEE7605323428,JBNN,YBEE76053234
GZHA00GCCD0609367424,GZHA,GCCD06093674
TFCD00GRTS5907616142,TFCD,GRTS59076161
FDCX00UNTM1716743290,FDCX,UNTM17167432
PVEA00KZLC9752626974,PVEA,KZLC97526269
ENKM00BODJ6540916668,ENKM,BODJ65409166
PPNC00HASK2603951698,PPNC,HASK26039516
BVXU00RFLZ2848938741,BVXU,RFLZ28489387
XVSD00ZHMV9640145455,XVSD,ZHMV96401454
ZNAP00CGXZ5882896017,ZNAP,CGXZ58828960
TLBP00CIWF0253601677,TLBP,CIWF02536016
NZHC00APCF7961595524,NZHC,APCF79615955
QVGO00FWRY4570806974,QVGO,FWRY45708069
MXRL00ZYXU7189702525,MXRL,ZYXU71897025
ZZGV00LFHQ7423180963,ZZGV,LFHQ74231809
TEPE00TBBV7030239712,TEPE,TBBV70302397
GFBE00EMBR0935382994,GFBE,EMBR09353829
XPJN00INBD7138478962,XPJN,INBD71384789
GNIM00VVMW2512246617,GNIM,VVMW25122466
WLSA00IIXS2755227703,WLSA,IIXS27552277
GVGY00HTJK1089635106,GVGY,HTJK10896351
TSHH00IAJV3107510769,TSHH,IAJV31075107
AXJJ00GHZV8827636115,AXJJ,GHZV88276361
XIWW00SEBY4338175797,XIWW,SEBY43381757
FWQH00UVVO4337327914,FWQH,UVVO43373279
TMNS00URGG9481022546,TMNS,URGG94810225
ZHEV00CRBI2710069280,ZHEV,CRBI27100692
WKUO00VWKQ2061933538,WKUO,VWKQ20619335
WVAY00IFNG1308335419,WVAY,IFNG13083354
ZSVN00HGEH6792750674,ZSVN,HGEH67927506
APUJ00FUHC9164970082,APUJ,FUHC91649700
CSQD00LOKR8242590186,CSQD,LOKR82425901
TYHR00KOAU0181200515,TYHR,KOAU01812005
HWCN00FQOZ6651912118,HWCN,FQOZ66519121
ZBRH00SZMJ0888761783,ZBRH,SZMJ08887617
HQUN00XLOE6928499260,HQUN,XLOE69284992
QPDO00ZNRW8144588213,QPDO,ZNRW81445882
HMGM00MZNI4972542792,HMGM,MZNI49725427
HXTE00PVAI9125591112,HXTE,PVAI91255911
FGAD00JBNR1287803897,FGAD,JBNR12878038
EALK00UCOW8606733765,EALK,UCOW86067337
HVYF00JBMI8206927788,HVYF,JBMI82069277
RWAO00KRDC5156533163,RWAO,KRDC51565331
SSHP00YFOK1555693063,SSHP,YFOK15556930
DSNX00FXEM9676030863,DSNX,FXEM96760308
OFZL00VYZA3121928164,OFZL,VYZA31219281
INUR00VDHV0489242206,INUR,VDHV04892422
NMRH00TUQF6949531728,NMRH,TUQF69495317
XWJZ00EVBA6185693189,XWJZ,EVBA61856931
YOKL00CCBG3919670347,YOKL,CCBG39196703
LKQP00TBRD7879785716,LKQP,TBRD78797857
UTIG00LVVS8165936933,UTIG,LVVS81659369
INSW00EBXQ2303385384,INSW,EBXQ23033853
BMAX00TXHH6167189884,BMAX,TXHH61671898
HIJI00ELZS4136380856,HIJI,ELZS41363808
QNGM00FFQY3669875096,QNGM,FFQY36698750
DHHL00CGKG1721629014,DHHL,CGKG17216290
PRMK00JNAV5970878252,PRMK,JNAV59708782
MVCI00GRBV0435257048,MVCI,GRBV04352570
SOGQ00USFT1901468977,SOGQ,USFT19014689
QYUJ00YVGZ2618353862,QYUJ,YVGZ26183538
UUTP00XHAH0922101576,UUTP,XHAH09221015
RPJK00NYDZ6993144330,RPJK,NYDZ69931443
TBVQ00JBSU1096842723,TBVQ,JBSU10968427
OMNJ00MONL8115997708,OMNJ,MONL81159977
ABSI00SCOS0128968249,ABSI,SCOS01289682
FUAP00AVUW5590430553,FUAP,AVUW55904305
TWOS00YRLU1502210218,TWOS,YRLU15022102
OQSS00IRSI7668444044,OQSS,IRSI76684440
BRFW00GFUN9412895730,BRFW,GFUN94128957
ILOU00ZZAE9098571728,ILOU,ZZAE90985717
KGNC00TUPD6255669962,KGNC,TUPD62556699
WHBY00IICE7415173790,WHBY,IICE74151737
WSPH00QMNH8071867980,WSPH,QMNH80718679
EHEE00FPEU7153063398,EHEE,FPEU71530633
UNEF00VXUJ1356404043,UNEF,VXUJ13564040
RYSS00CCGA4067836938,RYSS,CCGA40678369
LNVF00ZUAP6785146090,LNVF,ZUAP67851460
WNTO00CQTK9295607828,WNTO,CQTK92956078
YXVI00ZCFP3446863844,YXVI,ZCFP34468638
IWTS00UMWU4644446342,IWTS,UMWU46444463
MYTI00RUAB4199721730,MYTI,RUAB41997217
JGQI00WXPO1165439754,JGQI,WXPO11654397
DNOJ00IWBF9314417274,DNOJ,IWBF93144172
TGNM00TXCI9458051255,TGNM,TXCI94580512
RBZY00IKCB5494948159,RBZY,IKCB54949481
QGVG00WCDA9561016997,QGVG,WCDA95610169
UHAR00INSY5172396058,UHAR,INSY51723960
EADZ00OYZX1536763093,EADZ,OYZX15367630
DRVY00CBHO5791128710,DRVY,CBHO57911287
FNOZ00ERGK8621322835,FNOZ,ERGK86213228
TPLO00HJQO9600181002,TPLO,HJQO96001810
EJOF00XIER4950404369,EJOF,XIER49504043
QFPF00ESCW8948641179,QFPF,ESCW89486411
NXIP00YLWC6654442396,NXIP,YLWC66544423
WYJO00ZAIS9952319337,WYJO,ZAIS99523193
HXGO00ILPR5068230442,HXGO,ILPR50682304
MTCB00UHVR7442989072,MTCB,UHVR74429890
SYDI00STQE3986157155,SYDI,STQE39861571
SVBZ00AELM8546443208,SVBZ,AELM85464432
ALZH00UESC4183765340,ALZH,UESC41837653
LMJN00NLRE5131732515,LMJN,NLRE51317325
DSUO00MUAQ3592576455,DSUO,MUAQ35925764
NXZV00JYSI8072395440,NXZV,JYSI80723954
SUTA00KXWB6988124731,SUTA,KXWB69881247
EXRX00EHGT4826154887,EXRX,EHGT48261548
CWTM00UDGO9992270191,CWTM,UDGO99922701
CQWL00RUOD5917487370,CQWL,RUOD59174873
NDGG00UHWZ3057774534,NDGG,UHWZ30577745
GWYA00LVTZ6519158043,GWYA,LVTZ65191580
RXLG00XUMT1329411669,RXLG,XUMT13294116
IUMM00HCBV3481032412,IUMM,HCBV34810324
KIAS00XGUT2246467727,KIAS,XGUT22464677
SQKA00XVLN5315443811,SQKA,XVLN53154438
KQFC00NQHV4291334542,KQFC,NQHV42913345
NIKO00GXXV5540505810,NIKO,GXXV55405058
OSPO00YDGA1062276105,OSPO,YDGA10622761
FGAO00EUBV4436941266,FGAO,EUBV44369412
XDGN00SRWN6945766307,XDGN,SRWN69457663
UGFF00FNSQ8138064889,UGFF,FNSQ81380648
FEBK00JPUT1370452723,FEBK,JPUT13704527
BKUQ00LHGN6188718840,BKUQ,LHGN61887188
JJWB00XTYZ7159798491,JJWB,XTYZ71597984
UBTZ00MUHV1334250736,UBTZ,MUHV13342507
LEBG00DSJK1943220215,LEBG,DSJK19432202
BHQY00EACH5561081477,BHQY,EACH55610814
YUSS00LOVB4441516761,YUSS,LOVB44415167
CUTI00ZQIA9967346361,CUTI,ZQIA99673463
YIMI00VPYD6779779250,YIMI,VPYD67797792
WASD00EZSK9566420955,WASD,EZSK95664209
DRGB00RNVV5843504178,DRGB,RNVV58435041
NOFD00IHDN6282688287,NOFD,IHDN62826882
BDFJ00HDPM3006541996,BDFJ,HDPM30065419
TWLO00YPQO6364517222,TWLO,YPQO63645172
XAEF00DLGQ6354452993,XAEF,DLGQ63544529
NFJV00POHP3702817118,NFJV,POHP37028171
DLLU00TTJQ2420689933,DLLU,TTJQ24206899
FCHQ00TTVL4931204231,FCHQ,TTVL49312042
FWXP00XFBG6776716249,FWXP,XFBG67767162
ZHCS00NYPR6896265218,ZHCS,NYPR68962652
RYFR00YCBP6535925797,RYFR,YCBP65359257
VTRX00FOJB4538258571,VTRX,FOJB45382585
TJZK00CSOY5052339426,TJZK,CSOY50523394
XDGM00RYWO4341263933,XDGM,RYWO43412639
MXBK00MRHX8328617524,MXBK,MRHX83286175
RRNA00PAQQ6039599665,RRNA,PAQQ60395996
PKQO00DAFV1607752945,PKQO,DAFV16077529
USWK00AIFE9451752308,USWK,AIFE94517523
XCXN00PPGY1401031849,XCXN,PPGY14010318
MGHA00HMLB2272151710,MGHA,HMLB22721517
VPLL00MMAN2385093686,VPLL,MMAN23850936
IGEL00AWCL7934005856,IGEL,AWCL79340058
FVPC00UZVD1948846878,FVPC,UZVD19488468
XVBT00UYJL6669881959,XVBT,UYJL66698819
ONBV00IHAL5192384182,ONBV,IHAL51923841
SSTO00FIYX8742245111,SSTO,FIYX87422451
OIOD00LLPQ4691806729,OIOD,LLPQ46918067
STUS00RWGQ1472308555,STUS,RWGQ14723085
KQUQ00CDOB6108112845,KQUQ,CDOB61081128
AIII00BTDT0555469577,AIII,BTDT05554695
FVJO00KTLS7358685653,FVJO,KTLS73586856
MOLF00TNAZ2187852245,MOLF,TNAZ21878522
HRPQ00GDBQ2645901258,HRPQ,GDBQ26459012
QHTX00SZDD4496614931,QHTX,SZDD44966149
WRZD00TEUG9605047415,WRZD,TEUG96050474
INYQ00MOVP8336414290,INYQ,MOVP83364142
FJZQ00UXLO0294692478,FJZQ,UXLO02946924
YMMN00BANJ1275827440,YMMN,BANJ12758274
SAJE00RLQK2842894397,SAJE,RLQK28428943
RVWE00NWCR6228871453,RVWE,NWCR62288714
NWEG00QDEI7662895651,NWEG,QDEI76628956
JSTX00RHPJ5774114145,JSTX,RHPJ57741141
YQBU00NWRT3190115327,YQBU,NWRT31901153
CRIA00UILO0698632623,CRIA,UILO06986326
DYPH00GDPC0940120707,DYPH,GDPC09401207
HRBR00DPGY2040558266,HRBR,DPGY20405582
KMGV00TPZP2236517873,KMGV,TPZP22365178
SLWX00AUBM2741252997,SLWX,AUBM27412529
BKLD00DRYT5463144430,BKLD,DRYT54631444
BAKW00IRSO8081715604,BAKW,IRSO80817156
OZRW00QSIG8284951580,OZRW,QSIG82849515
KADU00XHRU5599920435,KADU,XHRU55999204
XCLY00OXRO2363699082,XCLY,OXRO23636990
MAVT00LHOL6061486422,MAVT,LHOL60614864
WXVR00VNUS2506113531,WXVR,VNUS25061135
EAOM00EOJQ1064126285,EAOM,EOJQ10641262
SQJV00GEHK9988681796,SQJV,GEHK99886817
UGBZ00ZRES0330727552,UGBZ,ZRES03307275
YTXW00KNTN3975671897,YTXW,KNTN39756718
WHEM00PFMR5770962457,WHEM,PFMR57709624
ZDSD00IRCM0898490263,ZDSD,IRCM08984902
MDEQ00BZOU6857340317,MDEQ,BZOU68573403
OMYZ00JSAM0085835253,OMYZ,JSAM00858352
UAGV00BDDS6169985531,UAGV,BDDS61699855
GWVZ00LHWZ9486974220,GWVZ,LHWZ94869742
YWKQ00KEEU1673468141,YWKQ,KEEU16734681
ZFZU00WHDT1086907168,ZFZU,WHDT10869071
PVGU00KDYE3982036033,PVGU,KDYE39820360
BPRA00IKFW1851171217,BPRA,IKFW18511712
UXZD00YRYT2309824862,UXZD,YRYT23098248
QLPI00WTJN6033869360,QLPI,WTJN60338693
JBLA00NFHF7054693334,JBLA,NFHF70546933
SKYL00FLVP4230902094,SKYL,FLVP42309020
RCDI00HLJD9324960219,RCDI,HLJD93249602
UQQQ00BXQJ2041866877,UQQQ,BXQJ20418668
QXYM00GQWJ3092054192,QXYM,GQWJ30920541
QYGW00ZZGL4332960304,QYGW,ZZGL43329603
IEWS00EWWO1345003267,IEWS,EWWO13450032
XYWK00IFCO9361186068,XYWK,IFCO93611860
QDOQ00DGOZ5762471414,QDOQ,DGOZ57624714
ZCFU00GKUE3821179337,ZCFU,GKUE38211793
NEOO00FYSO1044595994,NEOO,FYSO10445959
IVSQ00AVTJ0279356472,IVSQ,AVTJ02793564
NKIG00HXAX9772605450,NKIG,HXAX97726054
QENT00MDIC3815396508,QENT,MDIC38153965
NFMB00QDNG3374089948,NFMB,QDNG33740899
TALZ00GGMP5181950812,TALZ,GGMP51819508
CZUH00QMPC6945678016,CZUH,QMPC69456780
WOVU00YTUX3023988575,WOVU,YTUX30239885
UIJG00CQAY3470945312,UIJG,CQAY34709453
FDFX00AHFN7267342571,FDFX,AHFN72673425
BRDF00VQYE0639809707,BRDF,VQYE06398097
CMNF00GDMT1918778789,CMNF,GDMT19187787
PYJR00GRQF3133370878,PYJR,GRQF31333708
UYSZ00QCSM8558921474,UYSZ,QCSM85589214
PEPH00FHDA9536150930,PEPH,FHDA95361509
FWGJ00PLZH4241421124,FWGJ,PLZH42414211
UFJN00YPCQ0232796014,UFJN,YPCQ02327960
SIDH00SIRT7023606914,SIDH,SIRT70236069
XLXH00LFXM0925638135,XLXH,LFXM09256381
DYVE00LNNS4318934220,DYVE,LNNS43189342
YAYQ00ZKJP5544745172,YAYQ,ZKJP55447451
PHBR00NQEA0432931617,PHBR,NQEA04329316
QRTR00FLJU0598862191,QRTR,FLJU05988621
VNYL00GVDV8237979938,VNYL,GVDV82379799
HHJS00QQJL6037337156,HHJS,QQJL60373371
FICS00JCDS0619991659,FICS,JCDS06199916
VZTX00SKAX1957636451,VZTX,SKAX19576364
CFVH00XAMJ2446035643,CFVH,XAMJ24460356
HRQI00JJAK6611278244,HRQI,JJAK66112782
BNFN00ODMQ0431054965,BNFN,ODMQ04310549
TMOL00IYRU4715727904,TMOL,IYRU47157279
YTQE00ECFL6954020563,YTQE,ECFL69540205
NNEJ00UKRP7945411845,NNEJ,UKRP79454118
LZWB00YQGR6371848703,LZWB,YQGR63718487
WFEG00SLPK1374233646,WFEG,SLPK13742336
TNZQ00BQCL0885316608,TNZQ,BQCL08853166
IMNO00SWJJ5169115012,IMNO,SWJJ51691150
UOAJ00VYPD8866652838,UOAJ,VYPD88666528
MQHB00WKJD2012681370,MQHB,WKJD20126813
NXQL00ZPRQ8292801654,NXQL,ZPRQ82928016
MOTD00YMNE1126747876,MOTD,YMNE11267478
HDCR00HNFB4794068965,HDCR,HNFB47940689
YFUU00PIFD3613488244,YFUU,PIFD36134882
BOOU00UZJB5103600731,BOOU,UZJB51036007
SERE00BEBO9432968920,SERE,BEBO94329689
LTAI00DYRK6314101398,LTAI,DYRK63141013
AXQM00QAPC5550909488,AXQM,QAPC55509094
ZVFG00SLVD0682537787,ZVFG,SLVD06825377
FLXN00TKHW0947275012,FLXN,TKHW09472750
ARIF00SATD9059519683,ARIF,SATD90595196
XZHT00QLJT6272064005,XZHT,QLJT62720640
JHAO00EZXR5015893225,JHAO,EZXR50158932
CIAW00IAXX4947275184,CIAW,IAXX49472751
WZHR00LCPE4391144806,WZHR,LCPE43911448
MYRU00ACHC6941189669,MYRU,ACHC69411896
ZZWL00KLTN8086870395,ZZWL,KLTN80868703
IDCD00FDLA0816306484,IDCD,FDLA08163064
SNOH00FZWN0464174631,SNOH,FZWN04641746
HUHS00YBRV6443940628,HUHS,YBRV64439406
EMPK00DVZR5380174559,EMPK,DVZR53801745
PNVX00KDBH2076496195,PNVX,KDBH20764961
SMXP00HTSO9688824578,SMXP,HTSO96888245
EBDX00BYSL2077142208,EBDX,BYSL20771422
KXXL00KMOJ4754231417,KXXL,KMOJ47542314
JYPO00TSFN4718718935,JYPO,TSFN47187189
KGCY00GNTR2768860071,KGCY,GNTR27688600
LHXT00PHYV5901174680,LHXT,PHYV59011746
TWCE00ZJFY5880021438,TWCE,ZJFY58800214
RJVV00SEZO7280393167,RJVV,SEZO72803931
GLWL00MOSK8984536720,GLWL,MOSK89845367
JHWS00SEAI3498859906,JHWS,SEAI34988599
QIRC00KXRM8702756575,QIRC,KXRM87027565
XVBY00YTZM4351270459,XVBY,YTZM43512704
MAFT00DREM2819172029,MAFT,DREM28191720
AEAC00GKRY7528641336,AEAC,GKRY75286413
BIYK00UMUB4442178976,BIYK,UMUB44421789
SDNN00GZZS4092987482,SDNN,GZZS40929874
SGKQ00CNTD3443941468,SGKQ,CNTD34439414
JFYO00SWLG3307010643,JFYO,SWLG33070106
ULZX00UPPV9345729417,ULZX,UPPV93457294
KFVH00VFNX3587417513,KFVH,VFNX35874175
BGMQ00PXBL1960967772,BGMQ,PXBL19609677
ANJN00VSXQ9603811654,ANJN,VSXQ96038116
WMLO00DHAZ6316236661,WMLO,DHAZ63162366
YOQH00CZKL5728409630,YOQH,CZKL57284096
RSGA00NOVM3681324035,RSGA,NOVM36813240
JAIW00GPKN7325173606,JAIW,GPKN73251736
VGXP00NACA5622016793,VGXP,NACA56220167
RMEQ00PYEH9237558789,RMEQ,PYEH92375587
RDFF00FWSJ0743854013,RDFF,FWSJ07438540
USMJ00AKMQ6576024015,USMJ,AKMQ65760240
JJBW00RPSC4018580594,JJBW,RPSC40185805
LILE00NUHP8352406737,LILE,NUHP83524067
ZEJY00ZZUD8901636067,ZEJY,ZZUD89016360
KZAG00BOHA1272422912,KZAG,BOHA12724229
GMSQ00NIIS8699021415,GMSQ,NIIS86990214
PDGM00LYKS6288385339,PDGM,LYKS62883853
EMRH00XBGF3218100891,EMRH,XBGF32181008
VLMO00WTFW6185707260,VLMO,WTFW61857072
AOVC00JZKK1904483019,AOVC,JZKK19044830
EWYN00CLLS2123536475,EWYN,CLLS21235364
UMHQ00TZMA6784947213,UMHQ,TZMA67849472
SRUR00MFEF4521774318,SRUR,MFEF45217743
YGRM00FEWA6863533127,YGRM,FEWA68635331
SEKG00IICX4793769085,SEKG,IICX47937690
UGCD00LBYB8615923505,UGCD,LBYB86159235
YBFV00WWTF7108879253,YBFV,WWTF71088792
RRFS00VMBL0768063407,RRFS,VMBL07680634
TLVO00CVOA4809373919,TLVO,CVOA48093739
VHXC00NNGN1490284748,VHXC,NNGN14902847
XBFZ00MHDX0513387538,XBFZ,MHDX05133875
STWT00YFFL7708300969,STWT,YFFL77083009
QYVA00OPXY4181253357,QYVA,OPXY41812533
VYYA00PLSC3018375925,VYYA,PLSC30183759
QGEO00GMEQ1192017389,QGEO,GMEQ11920173
RORC00MFWX3201543919,RORC,MFWX32015439
YYXT00KBDK9697288746,YYXT,KBDK96972887
UGTP00MYGP4081680484,UGTP,MYGP40816804
LGEK00ODAI9891389107,LGEK,ODAI98913891
OKUO00QLBC3384670980,OKUO,QLBC33846709
EKXV00ZSTJ5430120142,EKXV,ZSTJ54301201
MTTO00MAHD7838728417,MTTO,MAHD78387284
APFI00CPZA2895385655,APFI,CPZA28953856
LZKQ00SYBJ3931122761,LZKQ,SYBJ39311227
UJTO00TOOL3531699342,UJTO,TOOL35316993
AAUR00NPBS9657403503,AAUR,NPBS96574035
EAZB00WKMM0030990207,EAZB,WKMM00309902
AJIF00LPKJ4274772075,AJIF,LPKJ42747720
PDHZ00HYIF3049761766,PDHZ,HYIF30497617
MPJZ00QODA5616616407,MPJZ,QODA56166164
EEGF00OVHU7739989880,EEGF,OVHU77399898
XPRJ00PKWN7769020792,XPRJ,PKWN77690207
MXGD00BCRG6338049449,MXGD,BCRG63380494
FIYX00PYIS3647834935,FIYX,PYIS36478349
PILG00WOGO3899333527,PILG,WOGO38993335
NTCZ00FRUX7776429698,NTCZ,FRUX77764296
JAEH00ISOW4559556825,JAEH,ISOW45595568
TXLB00LDRZ2496267298,TXLB,LDRZ24962672
BBUK00UAYH3463430149,BBUK,UAYH34634301
BMUX00XRBR2187731090,BMUX,XRBR21877310
SHXI00SQOJ9579033608,SHXI,SQOJ95790336
NSVC00ZNCJ4473149594,NSVC,ZNCJ44731495
INND00NRLS6072287139,INND,NRLS60722871
AQTK00ULYL6405743851,AQTK,ULYL64057438
SCQF00SGNI5543820553,SCQF,SGNI55438205
IJZI00WLRQ4442449070,IJZI,WLRQ44424490
DBLU00RBDO4337380537,DBLU,RBDO43373805
HTYJ00ETBR0483316952,HTYJ,ETBR04833169
XNXN00WGKX0153797835,XNXN,WGKX01537978
ZRYK00MHFJ7505783414,ZRYK,MHFJ75057834
YFKP00YWPQ3158864591,YFKP,YWPQ31588645
DVNE00PCXT7437766798,DVNE,PCXT74377667
LFHN00NUXF0643863334,LFHN,NUXF06438633
DXLI00ZIXQ9113647128,DXLI,ZIXQ91136471
JHDH00HUOZ1201687637,JHDH,HUOZ12016876
AJTG00ANTN7250373842,AJTG,ANTN72503738
ETYC00IYCP9915096959,ETYC,IYCP99150969
OFJQ00KSLT6493280271,OFJQ,KSLT64932802
EWOV00DVFV3346432453,EWOV,DVFV33464324
PUIE00SIBJ1272340430,PUIE,SIBJ12723404
SRMM00ZACI9382056586,SRMM,ZACI93820565
EIPI00RDXO7613937316,EIPI,RDXO76139373
KWXU00TZOH4488100292,KWXU,TZOH44881002
NFYU00SWGK0409490349,NFYU,SWGK04094903
UAZK00YGML7298560737,UAZK,YGML72985607
WQBF00BUVO4747904011,WQBF,BUVO47479040
HPGW00HRKS8543090309,HPGW,HRKS85430903
BBNV00VDHF5208977937,BBNV,VDHF52089779
HQGN00LQDX7795046395,HQGN,LQDX77950463
VWYI00SVHU5514747722,VWYI,SVHU55147477
NIMJ00YUTR0725064239,NIMJ,YUTR07250642
ACIA00IARP7295216047,ACIA,IARP72952160
UTQK00NLWP6223384195,UTQK,NLWP62233841
OIAI00GBYR2743579321,OIAI,GBYR27435793
RNRV00XGHE2341003591,RNRV,XGHE23410035
PNSU00GNAM1356099322,PNSU,GNAM13560993
PAGU00REMG4493052053,PAGU,REMG44930520
LIJP00JTCI8667083802,LIJP,JTCI86670838
SZVH00VRUZ4139378825,SZVH,VRUZ41393788
XVMK00AMFW4662182825,XVMK,AMFW46621828
HGJL00GTKM5292537863,HGJL,GTKM52925378
EVEE00UOGR1065861147,EVEE,UOGR10658611
MSMN00NDTW7631768758,MSMN,NDTW76317687
AYUX00QWZZ4592684815,AYUX,QWZZ45926848
RHMB00LSZS9926488344,RHMB,LSZS99264883
VKJD00XLVU5062079273,VKJD,XLVU50620792
XDSX00SBLY8951802960,XDSX,SBLY89518029
NRBE00UGUG4446678651,NRBE,UGUG44466786
XSIB00UUYY6342339532,XSIB,UUYY63423395
XZWD00OFYV2537416855,XZWD,OFYV25374168
ACLU00HEUZ2201902317,ACLU,HEUZ22019023
OVJL00ZBDK7676052270,OVJL,ZBDK76760522
KNLX00CBHJ5369890565,KNLX,CBHJ53698905
LKGX00ULGN3719213029,LKGX,ULGN37192130
GQUO00ZAGP6049145553,GQUO,ZAGP60491455
PELO00RESE1714892227,PELO,RESE17148922
XGGK00XIRJ9594577439,XGGK,XIRJ95945774
YNYL00TQXZ5816291531,YNYL,TQXZ58162915
EGQB00FMTO5884474591,EGQB,FMTO58844745
POMB00HRQB2414297014,POMB,HRQB24142970
AJBR00SXKS8785216434,AJBR,SXKS87852164
LTHH00SWYS2850370671,LTHH,SWYS28503706
LSBT00XQGI8917191119,LSBT,XQGI89171911
IOIM00PZBA5619229078,IOIM,PZBA56192290
QUOY00KORP2927491262,QUOY,KORP29274912
NLDS00KXUZ6175551758,NLDS,KXUZ61755517
OZSQ00DUOB5340515504,OZSQ,DUOB53405155
EFMV00VNYO9155641035,EFMV,VNYO91556410
OYOG00PLRE9300582361,OYOG,PLRE93005823
FCHX00LDTH0424005494,FCHX,LDTH04240054
SQWO00QGZX3307331650,SQWO,QGZX33073316
ALJM00CQXY5096808455,ALJM,CQXY50968084
JDXH00LMKW1602828453,JDXH,LMKW16028284
POEJ00CEMJ1345618949,POEJ,CEMJ13456189
KLRJ00PCWX3354381873,KLRJ,PCWX33543818
DISJ00PYVL8888367174,DISJ,PYVL88883671
OVZL00PTWA1859538323,OVZL,PTWA18595383
XISZ00XYKI4960930065,XISZ,XYKI49609300
AQIW00YGRJ7265558214,AQIW,YGRJ72655582
YBDM00ZGKY4102155621,YBDM,ZGKY41021556
KTXY00GSRZ5400594890,KTXY,GSRZ54005948
IZDQ00XYRY3290747263,IZDQ,XYRY32907472
NLHL00KPLJ4131560321,NLHL,KPLJ41315603
VGKW00MCQP9784396484,VGKW,MCQP97843964
GPYN00ZTZY5054112353,GPYN,ZTZY50541123
NBJZ00BQRC9028727961,NBJZ,BQRC90287279
CZAJ00AETG6358390368,CZAJ,AETG63583903
IVIN00VWAU3415374727,IVIN,VWAU34153747
EFGR00YOBE9193253561,EFGR,YOBE91932535
HRWB00QXKA4339636456,HRWB,QXKA43396364
OQPZ00PXIW1021673549,OQPZ,PXIW10216735
SEKJ00EXMO2683437133,SEKJ,EXMO26834371
UIBQ00PMGU1366741029,UIBQ,PMGU13667410
IZYR00AUNB0482929236,IZYR,AUNB04829292
BWPE00JRDU8422769380,BWPE,JRDU84227693
RXHI00ZHUE3811082639,RXHI,ZHUE38110826
BWFV00DOBO2241327526,BWFV,DOBO22413275
XBTC00EJBC2845787493,XBTC,EJBC28457874
LZRF00KRBQ6952834448,LZRF,KRBQ69528344
FHJO00CRAF3588714137,FHJO,CRAF35887141
QXFW00ECJM9066697459,QXFW,ECJM90666974
QUHW00NTIA8985819086,QUHW,NTIA89858190
MBUA00WPGI9683561290,MBUA,WPGI96835612
SHSJ00EAJO5278827986,SHSJ,EAJO52788279
KURB00CCDJ5273360444,KURB,CCDJ52733604
MCOV00ZSIY9212994240,MCOV,ZSIY92129942
ZJID00WLHK1412752612,ZJID,WLHK14127526
UZQW00OXWE0964617532,UZQW,OXWE09646175
DQUE00NPQE2198649787,DQUE,NPQE21986497
KVZE00DBXY2095986727,KVZE,DBXY20959867
WZFR00QCKE0499582784,WZFR,QCKE04995827
TCVW00WHOC6697924323,TCVW,WHOC66979243
SHTD00MDZO7553712557,SHTD,MDZO75537125
JIFW00AIMX3699431962,JIFW,AIMX36994319
ZQLV00CLCO5763986528,ZQLV,CLCO57639865
DWDG00ASFA6136150669,DWDG,ASFA61361506
RHNH00SGGX7673090324,RHNH,SGGX76730903
IHIF00BLOK9311653245,IHIF,BLOK93116532
PWYP00SWMP7239107706,PWYP,SWMP72391077
OONB00UEOE6724206385,OONB,UEOE67242063
DIEA00LRRG7737167813,DIEA,LRRG77371678
BQKY00UGWS6137084570,BQKY,UGWS61370845
KILO00JFLU0562423063,KILO,JFLU05624230
VKTF00EKDH1559177875,VKTF,EKDH15591778
DLPK00HAXT6827512435,DLPK,HAXT68275124
DFNI00FHND2699850808,DFNI,FHND26998508
KFQD00HENB2350026140,KFQD,HENB23500261
NCMI00QKDP4082276262,NCMI,QKDP40822762
TTDY00JBST3947116836,TTDY,JBST39471168
NQXC00XCRX7739019558,NQXC,XCRX77390195
QZAJ00HPIS9188763519,QZAJ,HPIS91887635
DGUA00VCVA7360417795,DGUA,VCVA73604177
ENDQ00WPWH1085041868,ENDQ,WPWH10850418
IYHQ00OGHG6925952105,IYHQ,OGHG69259521
NWDO00GXFN9099646426,NWDO,GXFN90996464
BTME00AMWJ4277084958,BTME,AMWJ42770849
LGIU00PKMO4387904934,LGIU,PKMO43879049
CTTF00KESV5868485495,CTTF,KESV58684854
YSBO00WITN4867111551,YSBO,WITN48671115
NTND00TKGY4542786124,NTND,TKGY45427861
ZBGM00DTFC3568102581,ZBGM,DTFC35681025
WNJH00MMMT4065658120,WNJH,MMMT40656581
ZBPW00AHSX8399776014,ZBPW,AHSX83997760
BREY00IRLK9898741480,BREY,IRLK98987414
XYMI00HIIA4233771118,XYMI,HIIA42337711
TYKK00QKTY7377385884,TYKK,QKTY73773858
CABG00FPTJ9716762839,CABG,FPTJ97167628
EZAH00JWHM0603456361,EZAH,JWHM06034563
GVPF00HDNW0585654689,GVPF,HDNW05856546
VZXI00GLHI7486238494,VZXI,GLHI74862384
XZCL00VTIJ9559997084,XZCL,VTIJ95599970
DWEY00XCPT7908281352,DWEY,XCPT79082813
WWTY00MPLE2320670036,WWTY,MPLE23206700
QJPN00UANH3928480326,QJPN,UANH39284803
DQDX00FGJO3016112502,DQDX,FGJO30161125
MHKB00CNLK7915505185,MHKB,CNLK79155051
ISHR00RLHT1848341961,ISHR,RLHT18483419
BXMN00UJKM7697124214,BXMN,UJKM76971242
IPGE00GTGG8021186649,IPGE,GTGG80211866
UBTA00AOGC4279838472,UBTA,AOGC42798384
MBKB00NWDK3790490733,MBKB,NWDK37904907
MSQI00LXDJ0467185206,MSQI,LXDJ04671852
EHIB00PUIT6936513764,EHIB,PUIT69365137
FLWH00MMXH2249761571,FLWH,MMXH22497615
LGIQ00GUHO6271400676,LGIQ,GUHO62714006
QEJJ00EDJV5986338527,QEJJ,EDJV59863385
RQLY00TJVV6599397107,RQLY,TJVV65993971
QACB00RHMI2894994354,QACB,RHMI28949943
OPGT00WQIA5194511124,OPGT,WQIA51945111
DSGP00CFYC9321313728,DSGP,CFYC93213137
YWTJ00XERF4019116953,YWTJ,XERF40191169
PCYS00FWGE2838038175,PCYS,FWGE28380381
XPMG00RPFK2800086649,XPMG,RPFK28000866
TZGY00YUEN3961677105,TZGY,YUEN39616771
DRVS00ZJVT2413451717,DRVS,ZJVT24134517
LMRN00GYQD0425718959,LMRN,GYQD04257189
WRSX00ASOZ4362557842,WRSX,ASOZ43625578
PDXC00IIHE2521461287,PDXC,IIHE25214612
ZIBW00JRGG1531874514,ZIBW,JRGG15318745
RAVF00LVAA7591603713,RAVF,LVAA75916037
ABDC00MJNF4294453457,ABDC,MJNF42944534
UDTQ00NXUQ7448789177,UDTQ,NXUQ74487891
TDSP00EXPK2358721713,TDSP,EXPK23587217
CCNZ00DEPH5535701749,CCNZ,DEPH55357017
XDHB00MEOK2947538473,XDHB,MEOK29475384
CTGZ00CVTE7104643620,CTGZ,CVTE71046436
XUTB00KGOZ5690913752,XUTB,KGOZ56909137
LTIK00XUQT3786657157,LTIK,XUQT37866571
VZVO00OHCX6920318967,VZVO,OHCX69203189
EQST00VKZS8003844174,EQST,VKZS80038441
YEDL00LIDU8787037072,YEDL,LIDU87870370
STWB00WJSW8895747361,STWB,WJSW88957473
XORJ00FMUJ7548035986,XORJ,FMUJ75480359
UPCM00TNYX1569202673,UPCM,TNYX15692026
PDYT00OLDI2508765880,PDYT,OLDI25087658
UIAA00YASU5905967377,UIAA,YASU59059673
ZCUV00QGFO4657112713,ZCUV,QGFO46571127
UCDD00KMFG6479716535,UCDD,KMFG64797165
JVFY00RRLD6865398402,JVFY,RRLD68653984
PQYZ00RCPC9755637362,PQYZ,RCPC97556373
IXIF00EOEK2426984468,IXIF,EOEK24269844
NTTX00WJPY8325903435,NTTX,WJPY83259034
XVTZ00BXIH9941848233,XVTZ,BXIH99418482
FCDS00GIWW8839874208,FCDS,GIWW88398742
IFXA00QLBF3910301761,IFXA,QLBF39103017
AKQK00SFMG6941719357,AKQK,SFMG69417193
NGBF00EHXN4482761230,NGBF,EHXN44827612
WGPX00UXDA3997192216,WGPX,UXDA39971922
WSJJ00JDDA3177490104,WSJJ,JDDA31774901
APKH00OPBN6219612185,APKH,OPBN62196121
LOKN00VQWK2463160058,LOKN,VQWK24631600
PGJI00JODZ0399503770,PGJI,JODZ03995037
AGYX00SHLD3140801923,AGYX,SHLD31408019
XXDW00EQMY3372745760,XXDW,EQMY33727457
OMXS00FODK9502796987,OMXS,FODK95027969
CFQQ00ZQVF0891808705,CFQQ,ZQVF08918087
UUSU00OEBS0412720511,UUSU,OEBS04127205
FAVY00TLWZ7461152382,FAVY,TLWZ74611523
PGCO00FOTK7878169934,PGCO,FOTK78781699
MRJE00VLHG5317659362,MRJE,VLHG53176593
UPAN00RLRJ7408562788,UPAN,RLRJ74085627
WRVC00NIOE9394089151,WRVC,NIOE93940891
WWAO00VDGI8072562920,WWAO,VDGI80725629
UMAD00CQON2275843215,UMAD,CQON22758432
NJGT00DIHL4555726105,NJGT,DIHL45557261
VOGY00AMPK9290032064,VOGY,AMPK92900320
WOJT00LEGG6161103808,WOJT,LEGG61611038
YIWC00NZKM7098125612,YIWC,NZKM70981256
RUQY00QBIK9007963674,RUQY,QBIK90079636
VLPS00EZDW5391335991,VLPS,EZDW53913359
YIJQ00DMWQ5542957505,YIJQ,DMWQ55429575
YFXA00PRMH6894849032,YFXA,PRMH68948490
YMKU00LJJF3633366949,YMKU,LJJF36333669
SUWH00ZGAG3849282571,SUWH,ZGAG38492825
ARWR00EBLN6524883477,ARWR,EBLN65248834
WVCM00VBMT9472879966,WVCM,VBMT94728799
MUES00ZIXP1922863132,MUES,ZIXP19228631
BYWX00MDZN0721557809,BYWX,MDZN07215578
IXVD00MZZJ1071249002,IXVD,MZZJ10712490
QKLZ00FUGY4754990739,QKLZ,FUGY47549907
ZNLX00FHQI8527322712,ZNLX,FHQI85273227
OJHG00ICSP7645707044,OJHG,ICSP76457070
PIOR00WGGV1502496777,PIOR,WGGV15024967
CNHV00NIGO6274758288,CNHV,NIGO62747582
ONNO00DGAU9557732739,ONNO,DGAU95577327
YAPS00XFOT8499564529,YAPS,XFOT84995645
OYAQ00XSTD2714234988,OYAQ,XSTD27142349
WMHO00RMXT1472358964,WMHO,RMXT14723589
AZQY00GBTM2710526888,AZQY,GBTM27105268
OSBQ00OLLT7996576792,OSBQ,OLLT79965767
HIER00QYTB6207510347,HIER,QYTB62075103
OCJU00UPSF6994492659,OCJU,UPSF69944926
KVQN00VIBV4203983944,KVQN,VIBV42039839
KZOU00QAGU4574463673,KZOU,QAGU45744636
LEFB00MAOX3489421426,LEFB,MAOX34894214
WMBP00YEER7293618072,WMBP,YEER72936180
AESK00VFII6809553196,AESK,VFII68095531
WNJY00MDBQ2421483221,WNJY,MDBQ24214832
VBPV00ZHSO9839728462,VBPV,ZHSO98397284
UGZQ00OUCS6853734665,UGZQ,OUCS68537346
KTNQ00LSAF5254661520,KTNQ,LSAF52546615
WUGZ00PBHH0396202105,WUGZ,PBHH03962021
VTCC00NSKL0371605607,VTCC,NSKL03716056
QQFE00CVUE7195177153,QQFE,CVUE71951771
ERNK00IHOC5076665085,ERNK,IHOC50766650
RTRJ00YGDR4358395938,RTRJ,YGDR43583959
OGWX00MFUY3307749081,OGWX,MFUY33077490
XOAK00VMJZ4058791270,XOAK,VMJZ40587912
QHBZ00YVWQ8138402052,QHBZ,YVWQ81384020
OBDG00YWXE8114097738,OBDG,YWXE81140977
UIGG00DIPL5187958447,UIGG,DIPL51879584
VMFF00JKWN4239880258,VMFF,JKWN42398802
XKJF00XONZ1446395331,XKJF,XONZ14463953
LXFJ00CIGG9675833302,LXFJ,CIGG96758333
KXRB00OMNA4004760003,KXRB,OMNA40047600
CQBN00DVPL6796045543,CQBN,DVPL67960455
OYFS00VMDV0346875290,OYFS,VMDV03468752
FOVO00WVUZ2928668433,FOVO,WVUZ29286684
LFQD00COAM7051168054,LFQD,COAM70511680
MSRT00JPBW1272674232,MSRT,JPBW12726742
TKCD00DZCA2765594716,TKCD,DZCA27655947
NDFW00YSYD0893170426,NDFW,YSYD08931704
LLET00WEKK0934815298,LLET,WEKK09348152
OWMG00OGPH0360874467,OWMG,OGPH03608744
DDRG00AOZY1820029923,DDRG,AOZY18200299
UAEO00YKLF2820296239,UAEO,YKLF28202962
ZJER00PIOZ7203214989,ZJER,PIOZ72032149
QKRI00KEDS6469137139,QKRI,KEDS64691371
BFHL00PGWN1314340482,BFHL,PGWN13143404
BZTM00JDTB4158025440,BZTM,JDTB41580254
ETUG00GWCD4601660491,ETUG,GWCD46016604
WTAC00IIUN7136289159,WTAC,IIUN71362891
ETOM00LRFE6088371684,ETOM,LRFE60883716
PAXC00XTSA3415689065,PAXC,XTSA34156890
TADG00NCWW2733343086,TADG,NCWW27333430
GBCO00CBLH4805112294,GBCO,CBLH48051122
BOGC00XNYV7352319276,BOGC,XNYV73523192
HEQQ00WWYF0925936144,HEQQ,WWYF09259361
FMJY00DPUP7509503578,FMJY,DPUP75095035
SFLB00VJAG9587386719,SFLB,VJAG95873867
MJQI00YWTR3650000898,MJQI,YWTR36500008
ABNY00VGXT7210501361,ABNY,VGXT72105013
JBGS00RTNW7480489855,JBGS,RTNW74804898
NYDP00EGNF2174886478,NYDP,EGNF21748864
UDTV00HYJI3050911729,UDTV,HYJI30509117
COTT00OTOE0857251438,COTT,OTOE08572514
ZQWO00FOBB2584253095,ZQWO,FOBB25842530
BUJX00WZZI2940643353,BUJX,WZZI29406433
FWOI00RGED8093214978,FWOI,RGED80932149
ILCO00ADUD1701860668,ILCO,ADUD17018606
IMSJ00XSCC2584090291,IMSJ,XSCC25840902
QDPP00MZMQ6590726569,QDPP,MZMQ65907265
RPNL00OFLA4338033409,RPNL,OFLA43380334
ZUJP00EHQI1179000874,ZUJP,EHQI11790008
QVHY00MPGY7803248771,QVHY,MPGY78032487
IYWO00WSSV8216311941,IYWO,WSSV82163119
KIXL00SARL7701077302,KIXL,SARL77010773
CZGO00FEGJ0821598715,CZGO,FEGJ08215987
NNWB00LLRG1208970602,NNWB,LLRG12089706
UGVH00YLGN6806136163,UGVH,YLGN68061361
ZYHD00MOMP3832085514,ZYHD,MOMP38320855
BRBL00PHEK0563616113,BRBL,PHEK05636161
QRVB00AOVU1224704629,QRVB,AOVU12247046
WPIG00INPV3965686226,WPIG,INPV39656862
YCFR00PKRH5626484832,YCFR,PKRH56264848
XXHY00LVTY3770099145,XXHY,LVTY37700991
TIQX00PGPB5664816017,TIQX,PGPB56648160
IGIG00MZUT1179430654,IGIG,MZUT11794306
WJQK00CNZC5361752503,WJQK,CNZC53617525
KJZB00OHVC7213499571,KJZB,OHVC72134995
UHQD00KPGO8812594431,UHQD,KPGO88125944
DFVC00VAYQ6410750884,DFVC,VAYQ64107508
VZRR00IFHG1200242907,VZRR,IFHG12002429
SPOV00TGHD0399583508,SPOV,TGHD03995835
FOCP00UUNS7106430314,FOCP,UUNS71064303
LSNH00LEPP4171123417,LSNH,LEPP41711234
BHPY00ZARB2254339850,BHPY,ZARB22543398
OHAA00NXAF1289199028,OHAA,NXAF12891990
ZPDA00SYRL8325106928,ZPDA,SYRL83251069
COEO00ZFND6689052290,COEO,ZFND66890522
ZOEY00NGRM3074944581,ZOEY,NGRM30749445
XBZK00KYMY9573339147,XBZK,KYMY95733391
MOBP00OQMM4889551728,MOBP,OQMM48895517
XIBB00BVOP6183401233,XIBB,BVOP61834012
FNEJ00NTGS4446042781,FNEJ,NTGS44460427
QZGG00AQGZ6706244084,QZGG,AQGZ67062440
DPXB00EUON1060837339,DPXB,EUON10608373
XKCA00NNTB0601946072,XKCA,NNTB06019460
GVJJ00KDYR5660184903,GVJJ,KDYR56601849
VPWB00LNHY0335602183,VPWB,LNHY03356021
AWMR00QXLN0701284585,AWMR,QXLN07012845
ISWP00CGBK9781361113,ISWP,CGBK97813611
AGEG00GCHW9692141747,AGEG,GCHW96921417
JIOR00ISOF0472867217,JIOR,ISOF04728672
UQHO00JJOL1509140877,UQHO,JJOL15091408
GTWD00GZLG8292917145,GTWD,GZLG82929171
JDNI00EUCP0708700358,JDNI,EUCP07087003
VBZN00YQAC3131658882,VBZN,YQAC31316588
QQZP00BAIL1502685722,QQZP,BAIL15026857
FLPR00NZWR5517898763,FLPR,NZWR55178987
TQIK00UAKM9566963616,TQIK,UAKM95669636
ATRZ00BWFV3307673537,ATRZ,BWFV33076735
QBAL00SBFZ8787544813,QBAL,SBFZ87875448
EGEV00WLKT1543840684,EGEV,WLKT15438406
NSLC00EVSV8287436005,NSLC,EVSV82874360
MIYY00XXTV6797018821,MIYY,XXTV67970188
PPOJ00DDPD9193917180,PPOJ,DDPD91939171
JOWU00KCQA4159994260,JOWU,KCQA41599942
YIZY00BJBR4874367942,YIZY,BJBR48743679
FOCH00HBBH6429846434,FOCH,HBBH64298464
FPSS00BHWZ0746286194,FPSS,BHWZ07462861
QUEK00CZJU0069913439,QUEK,CZJU00699134
UNOA00BXBG0924017743,UNOA,BXBG09240177
NCHJ00SUEM8081598367,NCHJ,SUEM80815983
EOPX00HEJY1208810917,EOPX,HEJY12088109
EEEB00NFEH0348643620,EEEB,NFEH03486436
RCBP00EANX3858607670,RCBP,EANX38586076
LCNN00ARSL9969351889,LCNN,ARSL99693518
GHEL00VHSM8820132661,GHEL,VHSM88201326
LQHY00SXWO1941512393,LQHY,SXWO19415123
JEKA00EMHF1080001116,JEKA,EMHF10800011
ULKV00CXEN2624652012,ULKV,CXEN26246520
TLJF00XSDD2652363408,TLJF,XSDD26523634
DIPU00QEFX2022485623,DIPU,QEFX20224856
DYGE00GWWI2119320564,DYGE,GWWI21193205
HWYV00OPJT9768045044,HWYV,OPJT97680450
IRKX00QNQT8370890883,IRKX,QNQT83708908
QPLE00MASN1975865250,QPLE,MASN19758652
LUEN00WRXC6440624712,LUEN,WRXC64406247
HJFA00MVQN7128480673,HJFA,MVQN71284806
NNAS00KEEP8597504979,NNAS,KEEP85975049
JLRQ00WTSX4553452839,JLRQ,WTSX45534528
UVPU00CEGF7553830990,UVPU,CEGF75538309
JZRP00SRUB1121522481,JZRP,SRUB11215224
UYEE00JSVV3104958448,UYEE,JSVV31049584
AHXZ00MLOM4235810725,AHXZ,MLOM42358107
FOLQ00RZDD9853894674,FOLQ,RZDD98538946
DJFM00YTBB5581228480,DJFM,YTBB55812284
LNDR00BERW5408191940,LNDR,BERW54081919
XZMH00RZMN6762062215,XZMH,RZMN67620622
OYPR00JMHG2193892580,OYPR,JMHG21938925
OUYY00GKLT7820426166,OUYY,GKLT78204261
LLBR00JBQH2489781815,LLBR,JBQH24897818
DDXW00KEDT5482184641,DDXW,KEDT54821846
CVGL00UEHM8510998694,CVGL,UEHM85109986
ONRI00PICN4351163089,ONRI,PICN43511630
VZWX00YIJM0071565289,VZWX,YIJM00715652
PKXH00IHFH8356702304,PKXH,IHFH83567023
NNQS00COFR9338202702,NNQS,COFR93382027
JQCS00KUNB1195248073,JQCS,KUNB11952480
ITSD00UKSS9599725780,ITSD,UKSS95997257
ZJZT00RROM5652565758,ZJZT,RROM56525657
OTAB00QTBV1971703312,OTAB,QTBV19717033
GVWS00XDOP6622273848,GVWS,XDOP66222738
PCSF00NGBD8152973923,PCSF,NGBD81529739
POLW00GLZD2967950095,POLW,GLZD29679500
AVVE00AQET3325557589,AVVE,AQET33255575
OFLL00PMDH4624640408,OFLL,PMDH46246404
QJOA00JDEM2952436891,QJOA,JDEM29524368
ZIXK00ZRHV0575591482,ZIXK,ZRHV05755914
EAWC00AMQJ8102082442,EAWC,AMQJ81020824
GKGO00YORS8078146259,GKGO,YORS80781462
NIBG00FNVK0220287934,NIBG,FNVK02202879
ZNDS00GUTC6634656245,ZNDS,GUTC66346562
BSZG00BONL4636307077,BSZG,BONL46363070
NXCY00SNAZ3066772483,NXCY,SNAZ30667724
UAWQ00YZDR5262785215,UAWQ,YZDR52627852
EFPM00OJNV8531401880,EFPM,OJNV85314018
HBLG00ZUPA5000893774,HBLG,ZUPA50008937
ASHX00BFTF3987233034,ASHX,BFTF39872330
FKZW00HNFT3533124686,FKZW,HNFT35331246
AWPS00FGFN8561444640,AWPS,FGFN85614446
UQLG00JHZY5397344055,UQLG,JHZY53973440
LLYU00KCEA8508564337,LLYU,KCEA85085643
SLVX00QTZZ6552950121,SLVX,QTZZ65529501
IGMU00HGTV9462267785,IGMU,HGTV94622677
MPVR00KNJY0718177526,MPVR,KNJY07181775
JRZJ00GQVO9754147942,JRZJ,GQVO97541479
BYKU00DDKE8164278994,BYKU,DDKE81642789
ORUX00QCCK3162823849,ORUX,QCCK31628238
FBAS00YFOC8791825637,FBAS,YFOC87918256
XMHB00ESKG7223454021,XMHB,ESKG72234540
TNYF00VWFE7781889583,TNYF,VWFE77818895
SLFJ00IFHR8422629946,SLFJ,IFHR84226299
YEIV00LFUB7791532150,YEIV,LFUB77915321
KGCW00MDRR1353807209,KGCW,MDRR13538072
ZGJN00ADYD6374308116,ZGJN,ADYD63743081
OENG00LNEL9877369712,OENG,LNEL98773697
OLGT00SGUZ5312952130,OLGT,SGUZ53129521
PFBN00IMDW0367542495,PFBN,IMDW03675424
NFDH00NZDF8145443256,NFDH,NZDF81454432
YDMM00ZVHF9237053456,YDMM,ZVHF92370534
RZOT00KUVC2759772229,RZOT,KUVC27597722
FUAM00FTNV4722651216,FUAM,FTNV47226512
TWNP00NFIB1442025719,TWNP,NFIB14420257
IARD00EEKM0633106852,IARD,EEKM06331068
BEBY00NEPR5563924013,BEBY,NEPR55639240
VACO00NUPE3990471958,VACO,NUPE39904719
XHMF00FYTG7752915718,XHMF,FYTG77529157
OEME00RPPS9081372156,OEME,RPPS90813721
JSSA00SHQL4985294955,JSSA,SHQL49852949
KUDU00CCID5509749615,KUDU,CCID55097496
EQCI00LWAC6350251244,EQCI,LWAC63502512
WMTM00YZFZ3629616371,WMTM,YZFZ36296163
IVZB00XIKM8795428502,IVZB,XIKM87954285
NILI00YBLP3235324574,NILI,YBLP32353245
SCOK00YVCE5807263766,SCOK,YVCE58072637
DDHC00AUGZ0166839872,DDHC,AUGZ01668398
MUAD00IURJ4713315167,MUAD,IURJ47133151
LMPO00WESV1525128341,LMPO,WESV15251283
ZZFJ00HQNY5922809669,ZZFJ,HQNY59228096
QDCD00ILQW2658499780,QDCD,ILQW26584997
FDMZ00UIQT6349991713,FDMZ,UIQT63499917
ESRS00LMMR6371857195,ESRS,LMMR63718571
TKKZ00YNLB2947935061,TKKZ,YNLB29479350
JQQO00RXZS3293181874,JQQO,RXZS32931818
MLPX00BKHT0151968357,MLPX,BKHT01519683
KXND00OHQU0660270387,KXND,OHQU06602703
UCXR00XIMM1074100782,UCXR,XIMM10741007
OCRA00ABQQ3158780133,OCRA,ABQQ31587801
MKKH00ESOM9677096344,MKKH,ESOM96770963
WYBP00MPSV8550020868,WYBP,MPSV85500208
BZML00TZAV2925809495,BZML,TZAV29258094
BXCQ00JKNC6617129639,BXCQ,JKNC66171296
VQRW00XDJK6381691485,VQRW,XDJK63816914
PBAD00PFDC2723705895,PBAD,PFDC27237058
TPRN00EARL8982414778,TPRN,EARL89824147
OFXB00IBRT0911835975,OFXB,IBRT09118359
AHYM00QJOT1934548632,AHYM,QJOT19345486
LTOI00TYBQ5507368828,LTOI,TYBQ55073688
OIXB00RGTM9154699909,OIXB,RGTM91546999
WKVK00BXNS0483674128,WKVK,BXNS04836741
LBYN00CFWJ7638653268,LBYN,CFWJ76386532
GNWD00OWIB7989017235,GNWD,OWIB79890172
BTOK00MLCG4772450734,BTOK,MLCG47724507
IJOO00VIVB3841304870,IJOO,VIVB38413048
OJUB00PACS5295553579,OJUB,PACS52955535
WAYJ00YWVT1935422390,WAYJ,YWVT19354223
LYDF00AHXA0651265918,LYDF,AHXA06512659
ADKM00TTAY8249973223,ADKM,TTAY82499732
QJXD00NVGI1559348986,QJXD,NVGI15593489
XPDT00GWEA2275263523,XPDT,GWEA22752635
FLAI00JUER2698455558,FLAI,JUER26984555
PSYP00VSRP8515033560,PSYP,VSRP85150335
GYBU00TNUQ0051733058,GYBU,TNUQ00517330
ACET00EEUY3557242769,ACET,EEUY35572427
NDII00QMUB9769186779,NDII,QMUB97691867
VKGU00FGGQ6045125091,VKGU,FGGQ60451250
BCGH00TPUL7112176579,BCGH,TPUL71121765
TUNU00CCFU9597875871,TUNU,CCFU95978758
ATOE00WUZE2360448218,ATOE,WUZE23604482
RCQU00ZPAJ2504255018,RCQU,ZPAJ25042550
JNCY00OYAI5475447882,JNCY,OYAI54754478
JYMM00TBNA4842601419,JYMM,TBNA48426014
XCBH00KBYW7398518449,XCBH,KBYW73985184
PDBQ00OJJQ2302784842,PDBQ,OJJQ23027848
GDWF00ITHN6036627537,GDWF,ITHN60366275
KGET00NHZD3566140419,KGET,NHZD35661404
YWJG00JZPO7635767656,YWJG,JZPO76357676
UYPX00DCZB6229527151,UYPX,DCZB62295271
PFYT00HVDR7786744422,PFYT,HVDR77867444
GPZI00WIGM1208402366,GPZI,WIGM12084023
EZGL00GGMS5419289614,EZGL,GGMS54192896
SCUV00YIDB3368514916,SCUV,YIDB33685149
PPUY00LMCT8287383965,PPUY,LMCT82873839
FFPL00YSZI8974801248,FFPL,YSZI89748012
SJTY00BJCE8470423891,SJTY,BJCE84704238
PPVM00HJUX2876231658,PPVM,HJUX28762316
EFFU00QCKI2147095962,EFFU,QCKI21470959
NTQH00YXJS3688350120,NTQH,YXJS36883501
GTGJ00GBAB4611386121,GTGJ,GBAB46113861
FCTK00AELR1898582155,FCTK,AELR18985821
BYFW00ZIYS6132989937,BYFW,ZIYS61329899
UGSL00MLAQ8693185125,UGSL,MLAQ86931851
KLWS00FKTX1555288972,KLWS,FKTX15552889
JVXQ00YQGB7999813406,JVXQ,YQGB79998134
SIXJ00CSXI7787245774,SIXJ,CSXI77872457
FIZV00ORCO2717582511,FIZV,ORCO27175825
DZED00WYQO4563691293,DZED,WYQO45636912
PDPO00RFRG7455386924,PDPO,RFRG74553869
HEZS00DYYI9692418107,HEZS,DYYI96924181
EPWD00KPYY6392698479,EPWD,KPYY63926984
MXFG00BIYX4059399317,MXFG,BIYX40593993
CIXC00SXIJ5672811416,CIXC,SXIJ56728114
ZESI00AJMS3286898057,ZESI,AJMS32868980
MYRF00AIZU5377839276,MYRF,AIZU53778392
HYUO00HNAF7288375847,HYUO,HNAF72883758
IKLV00THAP6236961236,IKLV,THAP62369612
ABNV00NWYD7346257536,ABNV,NWYD73462575
KEYM00XECV5257260406,KEYM,XECV52572604
VHVF00TLUG5350559685,VHVF,TLUG53505596
NUHM00QAJK1382761631,NUHM,QAJK13827616
PVNC00ZKGI7511413488,PVNC,ZKGI75114134
NUQL00WGZK3835315555,NUQL,WGZK38353155
KFXZ00DTQG2428993833,KFXZ,DTQG24289938
DQOR00RKNG1607105809,DQOR,RKNG16071058
VQNT00HJVU5653676512,VQNT,HJVU56536765
ZYFM00BSQF7085175055,ZYFM,BSQF70851750
AOEW00SRSF5559522593,AOEW,SRSF55595225
HZFF00OIPI7035691223,HZFF,OIPI70356912
DJOF00GFUE3010896949,DJOF,GFUE30108969
JGRC00KVCZ6788431994,JGRC,KVCZ67884319
EYNC00ZLKV3146448313,EYNC,ZLKV31464483
XLNZ00ZOFA0711902079,XLNZ,ZOFA07119020
BSVQ00ZEOC2047085559,BSVQ,ZEOC20470855
PDIH00VOSO4682716618,PDIH,VOSO46827166
DIBO00PCST9461829248,DIBO,PCST94618292
SUCE00KZWB7663809783,SUCE,KZWB76638097
VUXJ00HBSF4875108665,VUXJ,HBSF48751086
GEKH00PCKN4889796545,GEKH,PCKN48897965
FADL00NYKW1174545314,FADL,NYKW11745453
HCJW00JVMR9209024922,HCJW,JVMR92090249
SYZQ00NCNT0483486356,SYZQ,NCNT04834863
CNHC00FZCE4982321969,CNHC,FZCE49823219
CSRS00GDOS6566563764,CSRS,GDOS65665637
VEUY00ETFF8695067376,VEUY,ETFF86950673
QQPI00TTDU2265591594,QQPI,TTDU22655915
PPUH00ULEX6801117037,PPUH,ULEX68011170
IIOF00HZHC3180867558,IIOF,HZHC31808675
FRPU00DUDX7992382342,FRPU,DUDX79923823
JMBN00JOIK3166310874,JMBN,JOIK31663108
KXYG00OEYX0528516248,KXYG,OEYX05285162
CTWK00LYNB9574530989,CTWK,LYNB95745309
SCUJ00WZUT0820324641,SCUJ,WZUT08203246
JKVV00IHSN7680239743,JKVV,IHSN76802397
FATY00VDPR4930311827,FATY,VDPR49303118
RIRF00AEHM6195747377,RIRF,AEHM61957473
NHUI00LMOG7325034282,NHUI,LMOG73250342
BBCK00YCLV8876950933,BBCK,YCLV88769509
BWTW00IJKE8369939873,BWTW,IJKE83699398
TYPS00OTPK9374995172,TYPS,OTPK93749951
BMOS00QIEX4643205592,BMOS,QIEX46432055
XYKQ00DBWF7254369658,XYKQ,DBWF72543696
WSYA00NQHH2308729261,WSYA,NQHH23087292
YAPP00AJUK0306784598,YAPP,AJUK03067845
VTKS00MPTL3377750216,VTKS,MPTL33777502
YXOF00EPPK3040542169,YXOF,EPPK30405421
XCUK00QGGX0719689184,XCUK,QGGX07196891
JEWX00QZXM9918548776,JEWX,QZXM99185487
EMMY00MZPP1391612107,EMMY,MZPP13916121
EPVS00JIDH6652059877,EPVS,JIDH66520598
PPVN00LBEN0095653749,PPVN,LBEN00956537
KONZ00EUIP1539535165,KONZ,EUIP15395351
LTRO00OHLI5082990926,LTRO,OHLI50829909
TKPW00HBKR4162036514,TKPW,HBKR41620365
QMCD00NWSF6833498158,QMCD,NWSF68334981
JTSY00BKJW4943578305,JTSY,BKJW49435783
DPAF00GSCF4998631002,DPAF,GSCF49986310
PXCP00QIJR0686904017,PXCP,QIJR06869040
NSPB00ASKS0396921492,NSPB,ASKS03969214
CFCI00JPOM4073477524,CFCI,JPOM40734775
BRYL00MBIK8695532466,BRYL,MBIK86955324
LIPV00VMQW0443482759,LIPV,VMQW04434827
XQHP00NVJL6391166276,XQHP,NVJL63911662
ZYHG00UEYV8044211950,ZYHG,UEYV80442119
NIMO00WBEI7724509275,NIMO,WBEI77245092
UBSD00PIOK0998573060,UBSD,PIOK09985730
DKWY00MOQF9474700758,DKWY,MOQF94747007
HIEB00IJEW4855841874,HIEB,IJEW48558418
TQGV00EUON6140573831,TQGV,EUON61405738
URFB00CNFS9442337085,URFB,CNFS94423370
GZRV00HTLM0795076786,GZRV,HTLM07950767
BWFC00BQNE0552871549,BWFC,BQNE05528715
LZQU00YXKE2022587334,LZQU,YXKE20225873
ALRS00SEEN9453971447,ALRS,SEEN94539714
EVCK00IWBZ1930649693,EVCK,IWBZ19306496
OXWI00WYMS5600529596,OXWI,WYMS56005295
VQMX00KZMM4276235216,VQMX,KZMM42762352
RGKM00NKQY5866875938,RGKM,NKQY58668759
LQYY00ZJKX8743720370,LQYY,ZJKX87437203
FXGU00OPNO0499868065,FXGU,OPNO04998680
ZZFU00XJFM8730222033,ZZFU,XJFM87302220
NTXQ00NOXU8458237058,NTXQ,NOXU84582370
NCFQ00FEOX2668059561,NCFQ,FEOX26680595
DOJT00GUXZ7136941672,DOJT,GUXZ71369416
NRKM00KLDC0960478582,NRKM,KLDC09604785
QLGS00UGJS5136812356,QLGS,UGJS51368123
DAOZ00PURQ6209427275,DAOZ,PURQ62094272
BIDU00MLBY7143613720,BIDU,MLBY71436137
KBRY00VTLN0164594107,KBRY,VTLN01645941
PXQN00LFGA2095054847,PXQN,LFGA20950548
LIYN00TMGJ5206121232,LIYN,TMGJ52061212
AQQA00UYIK1917035963,AQQA,UYIK19170359
LIXG00MURU0515850492,LIXG,MURU05158504
TAIK00GCVE6908319483,TAIK,GCVE69083194
DCQK00HYAB8863223260,DCQK,HYAB88632232
DNAL00LNTC2534827735,DNAL,LNTC25348277
XVXJ00JTYV8924473992,XVXJ,JTYV89244739
YXTQ00EFES5686212176,YXTQ,EFES56862121
NOIP00XEKQ6098239889,NOIP,XEKQ60982398
NJQC00DLDD8548982304,NJQC,DLDD85489823
KBXZ00PXZS1645502381,KBXZ,PXZS16455023
RDZS00HOPN4235314080,RDZS,HOPN42353140
WQRY00OOFM2078764789,WQRY,OOFM20787647
OIBJ00HWSY8306532564,OIBJ,HWSY83065325
DPGN00NVPR8135262438,DPGN,NVPR81352624
TKPV00TOGL5029965943,TKPV,TOGL50299659
USDA00WMPB9857038245,USDA,WMPB98570382
VAIR00KNBG7817417337,VAIR,KNBG78174173
VBCW00LHUB2158760675,VBCW,LHUB21587606
WMDN00ARDZ1455209480,WMDN,ARDZ14552094
IFIZ00QJKB3909533184,IFIZ,QJKB39095331
VVIA00EVPH3853405181,VVIA,EVPH38534051
IFIR00DXND3720118483,IFIR,DXND37201184
EMMI00OYKG1259965883,EMMI,OYKG12599658
VZVF00NRSQ8997690293,VZVF,NRSQ89976902
CEEB00ZAFS1172052431,CEEB,ZAFS11720524
KMIG00VMXB2171560682,KMIG,VMXB21715606
ZLUL00YMSQ0694943282,ZLUL,YMSQ06949432
IZST00YUIA4616337932,IZST,YUIA46163379
VVVW00OHWH8731754570,VVVW,OHWH87317545
GNIT00LLNF3097322260,GNIT,LLNF30973222
QBUA00WEDV8645775722,QBUA,WEDV86457757
LSDX00FXHM6237111734,LSDX,FXHM62371117
SXRW00KADH8853318619,SXRW,KADH88533186
FYHM00XASB2242994384,FYHM,XASB22429943
VWEJ00DLHJ1830133562,VWEJ,DLHJ18301335
JXTK00BFHE6857250375,JXTK,BFHE68572503
UNAZ00RILZ7026388139,UNAZ,RILZ70263881
SDSS00EDLU1130351058,SDSS,EDLU11303510
GBMI00XERR8796595435,GBMI,XERR87965954
IQSR00OXUO5892777709,IQSR,OXUO58927777
LCPO00AXHE9720023347,LCPO,AXHE97200233
VFOP00AJLA0744977446,VFOP,AJLA07449774
GXVO00YMFU1302463396,GXVO,YMFU13024633
TUBI00YHXM1010446092,TUBI,YHXM10104460
XFXJ00NDGO2681404163,XFXJ,NDGO26814041
JVQR00JKRJ2866652578,JVQR,JKRJ28666525
NSJT00NLFN4922693717,NSJT,NLFN49226937
YFEA00GWBL1248214180,YFEA,GWBL12482141
JRYQ00TMYT0523023515,JRYQ,TMYT05230235
BCCH00XDMR1007441142,BCCH,XDMR10074411
YXEH00WPWN0002734527,YXEH,WPWN00027345
JYJI00PSUU6665217484,JYJI,PSUU66652174
CSHV00LQNN7771369439,CSHV,LQNN77713694
MVHJ00VZTB6398165579,MVHJ,VZTB63981655
SOUS00BQXW9469652964,SOUS,BQXW94696529
KGYG00SOPH7594710056,KGYG,SOPH75947100
TVXV00FHDH6620338054,TVXV,FHDH66203380
BKBY00JXWR4363830112,BKBY,JXWR43638301
MHUW00SJRS1744728978,MHUW,SJRS17447289
UUOY00ZPMT4547401558,UUOY,ZPMT45474015
BCMA00AAOK7885394198,BCMA,AAOK78853941
PFOW00WNVP8581480441,PFOW,WNVP85814804
GHDS00VDWT6440749780,GHDS,VDWT64407497
QOFO00JBNX6658080634,QOFO,JBNX66580806
KLXC00QDIS6379821309,KLXC,QDIS63798213
QAFT00PHDE9917098342,QAFT,PHDE99170983
HAFS00UJFK4314884418,HAFS,UJFK43148844
CLXT00UCNK6061615352,CLXT,UCNK60616153
HUEN00DBCW5379306670,HUEN,DBCW53793066
NFHX00BFPI9163707626,NFHX,BFPI91637076
VVVM00ATOR1551557713,VVVM,ATOR15515577
SJWI00NGDW6923999221,SJWI,NGDW69239992
TRZF00JQYA3358952048,TRZF,JQYA33589520
PDAI00INGF2524824635,PDAI,INGF25248246
JANS00ZKJG1064365386,JANS,ZKJG10643653
PQHV00SNSV8438991430,PQHV,SNSV84389914
WGUR00VJTL5595486090,WGUR,VJTL55954860
MSHH00OBKX6993669331,MSHH,OBKX69936693
YVVZ00UWKO9319923809,YVVZ,UWKO93199238
GXXT00DZYI6115823810,GXXT,DZYI61158238
UTKI00FUUV5247243731,UTKI,FUUV52472437
WVQT00XLEF2547588205,WVQT,XLEF25475882
KRXH00IOBQ4684135046,KRXH,IOBQ46841350
DUIM00QKRQ0899698170,DUIM,QKRQ08996981
FXQD00KIME4141314332,FXQD,KIME41413143
CMLF00JPWQ6992814393,CMLF,JPWQ69928143
QOEL00KBEU4412239637,QOEL,KBEU44122396
OYWX00OOFA2750804447,OYWX,OOFA27508044
JAIJ00KGWQ3344258923,JAIJ,KGWQ33442589
IPRK00UWKY2405705514,IPRK,UWKY24057055
PNOL00NERM9195718715,PNOL,NERM91957187
SPKI00QGYX2262083405,SPKI,QGYX22620834
MBBV00IXVH6811200631,MBBV,IXVH68112006
DIQA00GMKP5628494988,DIQA,GMKP56284949
ULQP00EQOB1127580922,ULQP,EQOB11275809
ZBYG00SQSL7760742086,ZBYG,SQSL77607420
ZJLE00UMZP3716299824,ZJLE,UMZP37162998
FNXJ00AHMO6732559072,FNXJ,AHMO67325590
YXYQ00LPGK0826782688,YXYQ,LPGK08267826
LUVO00BEYN4547132266,LUVO,BEYN45471322
ELPD00DHVK5591200706,ELPD,DHVK55912007
WXGA00FZIH1039792668,WXGA,FZIH10397926
QDAE00EVSY3579855426,QDAE,EVSY35798554
SVWC00AIOA2087275504,SVWC,AIOA20872755
QRXX00STJM5569719614,QRXX,STJM55697196
PPTF00WQYW4813920518,PPTF,WQYW48139205
GWIC00FTIU7090037841,GWIC,FTIU70900378
XKLX00HTYH3318314121,XKLX,HTYH33183141
VOCT00VKNH1581718806,VOCT,VKNH15817188
MPTQ00NAWY2596285003,MPTQ,NAWY25962850
OIES00VMWE1709194741,OIES,VMWE17091947
QGBU00QRGT1952261057,QGBU,QRGT19522610
HRPE00UAGJ4156911840,HRPE,UAGJ41569118
FGLP00LNYZ2891429294,FGLP,LNYZ28914292
EUDN00JHZC3683562113,EUDN,JHZC36835621
YNEE00YYJN2400307631,YNEE,YYJN24003076
ZYQL00BXEB1096144251,ZYQL,BXEB10961442
TVFR00LXNB1756915092,TVFR,LXNB17569150
IEIK00KBPF7609099960,IEIK,KBPF76090999
CWRA00SYWT2175087486,CWRA,SYWT21750874
OOID00SEIA5250728969,OOID,SEIA52507289
YMPC00NDWI4015567032,YMPC,NDWI40155670
TECE00GIDR9748856270,TECE,GIDR97488562
IMMT00HPDP7605959431,IMMT,HPDP76059594
VMKO00YXGI9250616050,VMKO,YXGI92506160
ABLK00NNWF6140605031,ABLK,NNWF61406050
HSEJ00GXYQ0727773744,HSEJ,GXYQ07277737
LZRH00THCG4162576752,LZRH,THCG41625767
GTQV00DTBW5722830779,GTQV,DTBW57228307
UCQD00RJAQ4877706084,UCQD,RJAQ48777060
XVKA00JBQB0688540891,XVKA,JBQB06885408
GVPD00PTKI5214095075,GVPD,PTKI52140950
SMVA00CDTL2363057081,SMVA,CDTL23630570
CIOJ00EDBR9486215920,CIOJ,EDBR94862159
THIT00DWHB0859427956,THIT,DWHB08594279
ZVWG00NJKU8942058880,ZVWG,NJKU89420588
ULKO00JLNY5167164132,ULKO,JLNY51671641
OVTE00CTRY1029431197,OVTE,CTRY10294311
MOQB00EADQ9688238575,MOQB,EADQ96882385
KCNO00DOVH9503880294,KCNO,DOVH95038802
QOTW00ZXVK4780565470,QOTW,ZXVK47805654
AXRJ00INFD1057624045,AXRJ,INFD10576240
WJBM00FVBW2493549254,WJBM,FVBW24935492
NENU00WPCW9949640836,NENU,WPCW99496408
ZTNC00HTFJ1485742831,ZTNC,HTFJ14857428
CBGK00ZGLZ7586528971,CBGK,ZGLZ75865289
WPLQ00CJQO0155429298,WPLQ,CJQO01554292
KELU00CWTG4994405512,KELU,CWTG49944055
UPTZ00PIVW3015399843,UPTZ,PIVW30153998
NRBU00BOZT9901591175,NRBU,BOZT99015911
WXKN00WOWH1113677870,WXKN,WOWH11136778
NGDZ00LCHP3925299604,NGDZ,LCHP39252996
OJTH00BCAY1338865825,OJTH,BCAY13388658
NYPI00ZDEN1856839288,NYPI,ZDEN18568392
KSWO00BTUX3853416728,KSWO,BTUX38534167
DWGG00GFGJ7507097107,DWGG,GFGJ75070971
LBXG00RKUH2888197311,LBXG,RKUH28881973
EQRN00IRXJ9945147062,EQRN,IRXJ99451470
BELJ00PIOW3310397629,BELJ,PIOW33103976
RNIE00MHXZ6897878005,RNIE,MHXZ68978780
TLPS00CQLO3000809282,TLPS,CQLO30008092
ZBBA00DKMW5009489361,ZBBA,DKMW50094893
AZTM00JXDW5345963782,AZTM,JXDW53459637
XQHZ00LCNE5843559625,XQHZ,LCNE58435596
EFSZ00XASN5150316537,EFSZ,XASN51503165
OFLS00NGWR6609406339,OFLS,NGWR66094063
RGUT00TATR4327341192,RGUT,TATR43273411
NFKY00WVBW5587732539,NFKY,WVBW55877325
XNCK00EQZZ9752233788,XNCK,EQZZ97522337
KJTB00WHGZ6792771339,KJTB,WHGZ67927713
XMSX00GJPZ9693822480,XMSX,GJPZ96938224
NUMZ00JYTJ6147020192,NUMZ,JYTJ61470201
VWDT00TCDN3010216692,VWDT,TCDN30102166
WIYG00KFAK2895855637,WIYG,KFAK28958556
SROG00JALI1371040334,SROG,JALI13710403
JHXS00JBQM0464571950,JHXS,JBQM04645719
WYYO00YWRK6020863762,WYYO,YWRK60208637
GPFR00ZWHJ0538215380,GPFR,ZWHJ05382153
MMOB00PENM7954447937,MMOB,PENM79544479
QFSX00RDTD0954932328,QFSX,RDTD09549323
SZRM00ZIZA4163601634,SZRM,ZIZA41636016
VWCU00MGXZ5324185295,VWCU,MGXZ53241852
IPGB00XVTT6138319167,IPGB,XVTT61383191
OVKH00IBJA5206282849,OVKH,IBJA52062828
SCVF00BVKM4711410970,SCVF,BVKM47114109
HRUJ00FXAT9742103941,HRUJ,FXAT97421039
DULT00YGUL4313906208,DULT,YGUL43139062
GPGX00WQWH8277767751,GPGX,WQWH82777677
JGYL00PTYP0321921468,JGYL,PTYP03219214
HIIE00HTIP2827172560,HIIE,HTIP28271725
BFVC00TYVH2095102437,BFVC,TYVH20951024
KWCR00JBCL6484933207,KWCR,JBCL64849332
MGPT00LKYQ7865777174,MGPT,LKYQ78657771
DJGI00FJBG3901708481,DJGI,FJBG39017084
TPAJ00WWVA1197033308,TPAJ,WWVA11970333
ZNJQ00FUMU6423549918,ZNJQ,FUMU64235499
AWQW00NIPP3830036681,AWQW,NIPP38300366
FRKX00UXMJ7500193571,FRKX,UXMJ75001935
MYVP00VXBU9908900288,MYVP,VXBU99089002
OSRJ00QRFG4518196295,OSRJ,QRFG45181962
BMUG00QSTM3033306277,BMUG,QSTM30333062
AIHE00GFRP9046064995,AIHE,GFRP90460649
TTLC00HRPF9251928559,TTLC,HRPF92519285
WCNY00UCIB8850614885,WCNY,UCIB88506148
FHIE00GZSB1427051638,FHIE,GZSB14270516
TJZZ00YQRS7099411637,TJZZ,YQRS70994116
QMQZ00VTDZ1299851081,QMQZ,VTDZ12998510
URQJ00VSXN3724731790,URQJ,VSXN37247317
JSHQ00UJTP7845998183,JSHQ,UJTP78459981
PNLP00BXUQ7960654331,PNLP,BXUQ79606543
WXBD00DEYK0604281391,WXBD,DEYK06042813
CMXS00FNPN2172888069,CMXS,FNPN21728880
RULS00UCHV4379984516,RULS,UCHV43799845
DWLG00KRGB2151305898,DWLG,KRGB21513058
EQSZ00ADMA2369593987,EQSZ,ADMA23695939
YXVI00PTTN6286819940,YXVI,PTTN62868199
PYCS00WYKZ8295352850,PYCS,WYKZ82953528
IHOS00NRFI8275767971,IHOS,NRFI82757679
AXHZ00RXPA2972135033,AXHZ,RXPA29721350
TGAL00BMUT4101466891,TGAL,BMUT41014668
AHXR00NFKR0930645063,AHXR,NFKR09306450
ARSQ00DCMP3499598138,ARSQ,DCMP34995981
OSAO00WUMC0271990406,OSAO,WUMC02719904
UEIL00XWPD5019269474,UEIL,XWPD50192694
EXBY00UIPE1903996280,EXBY,UIPE19039962
EJCR00LGST6044133941,EJCR,LGST60441339
CLAI00BAIH7137889477,CLAI,BAIH71378894
DAZL00JUTF7558740931,DAZL,JUTF75587409
BTVZ00HZNU3316261389,BTVZ,HZNU33162613
UNQV00SORN9948343092,UNQV,SORN99483430
PJWY00FETC7748974034,PJWY,FETC77489740
ZDUR00IJJP1541152724,ZDUR,IJJP15411527
TLJN00CWXP3984856176,TLJN,CWXP39848561
XCIS00VSTD2268300365,XCIS,VSTD22683003
QYDE00OOVH5252966179,QYDE,OOVH52529661
IPII00XHKB7278484191,IPII,XHKB72784841
IDBW00LPUJ1809103558,IDBW,LPUJ18091035
UKSH00ZENO4153144235,UKSH,ZENO41531442
UHJG00RYIP8337669978,UHJG,RYIP83376699
GPYH00LBKR5971983444,GPYH,LBKR59719834
XVDL00UIMU8492973791,XVDL,UIMU84929737
EORP00QBNF3941918412,EORP,QBNF39419184
LCYC00SIWW6843173541,LCYC,SIWW68431735
UQQY00AIVC6075120744,UQQY,AIVC60751207
TCOF00MIOO3923921270,TCOF,MIOO39239212
FQFE00CAUH1093921431,FQFE,CAUH10939214
JOAO00TUQM6027564024,JOAO,TUQM60275640
AKTI00MGPJ6841932058,AKTI,MGPJ68419320
WTIX00KHMX2101073816,WTIX,KHMX21010738
ZICM00FSSY9281619383,ZICM,FSSY92816193
HAFR00QTIJ2139460161,HAFR,QTIJ21394601
AGRY00OUBI8225540093,AGRY,OUBI82255400
DHRX00JZEL1304657840,DHRX,JZEL13046578
GFCL00HTAC3022572620,GFCL,HTAC30225726
XXEP00FVNL3419103097,XXEP,FVNL34191030
RMQP00HRDX4279004928,RMQP,HRDX42790049
XXXA00QPTT7648294319,XXXA,QPTT76482943
XBLT00TDUE9026270548,XBLT,TDUE90262705
DWSJ00HSVD6995758135,DWSJ,HSVD69957581
BLPZ00KRKW8397464936,BLPZ,KRKW83974649
YETX00FTHQ8543795374,YETX,FTHQ85437953
OVJE00ZFHJ8151511886,OVJE,ZFHJ81515118
PVZG00YXBF3345815954,PVZG,YXBF33458159
WUHT00ZHGC3651377636,WUHT,ZHGC36513776
SESD00UZOW6990623393,SESD,UZOW69906233
WCAT00SCEO9668361831,WCAT,SCEO96683618
RQXW00UUET4809269919,RQXW,UUET48092699
IAMW00SGEK1905206761,IAMW,SGEK19052067
PEGO00ZTTV8002622723,PEGO,ZTTV80026227
ZDKS00KPCV6930353205,ZDKS,KPCV69303532
TJZZ00WHLJ9811386412,TJZZ,WHLJ98113864
YQGY00SYFR3788433017,YQGY,SYFR37884330
LPLY00YAQL9916174371,LPLY,YAQL99161743
BLUT00DTOJ4911686624,BLUT,DTOJ49116866
GUWE00DNFN7964960776,GUWE,DNFN79649607
YEEP00IMZR4044695882,YEEP,IMZR40446958
OPLV00LZDJ0924689110,OPLV,LZDJ09246891
PWGW00DHEQ9007953221,PWGW,DHEQ90079532
LIPN00UHBY2637809204,LIPN,UHBY26378092
NPHB00RCKS9707891377,NPHB,RCKS97078913
IWDY00ABHS9022662024,IWDY,ABHS90226620
ILND00NDUN1704124074,ILND,NDUN17041240
UKRF00KWUR6107146320,UKRF,KWUR61071463
QESV00PMQL2475131377,QESV,PMQL24751313
OXQM00XYUP2623105021,OXQM,XYUP26231050
KUYN00CHYV2531992960,KUYN,CHYV25319929
PTEV00ATUK9385964911,PTEV,ATUK93859649
KBAY00BKQA1330803871,KBAY,BKQA13308038
AVEX00ZXAS7837031163,AVEX,ZXAS78370311
MXBB00XAQG4279690664,MXBB,XAQG42796906
QGQB00HJRG8022050166,QGQB,HJRG80220501
CXRH00WLYZ1537301471,CXRH,WLYZ15373014
LQJQ00XBWS2036364455,LQJQ,XBWS20363644
WFXB00FHWE6542049469,WFXB,FHWE65420494
OGZG00REKH4620912976,OGZG,REKH46209129
LQEW00PGNE9046365486,LQEW,PGNE90463654
CUGK00DKWZ5084054442,CUGK,DKWZ50840544
VCSU00QQJS8281974486,VCSU,QQJS82819744
FYTM00IPCR9939378725,FYTM,IPCR99393787
NDHW00HRAA3940296492,NDHW,HRAA39402964
HHUT00YWCH8661331264,HHUT,YWCH86613312
OJEZ00XYIN7058421323,OJEZ,XYIN70584213
ZOIJ00NWBY3375335122,ZOIJ,NWBY33753351
AQBO00TCBY3981310377,AQBO,TCBY39813103
AXKW00MJPS6586195006,AXKW,MJPS65861950
FZLY00JYAV7682465535,FZLY,JYAV76824655
OENG00XCWK0518508582,OENG,XCWK05185085
TLFS00VRDL5154490148,TLFS,VRDL51544901
OVEW00LRBD0974026011,OVEW,LRBD09740260
PHJM00LIJU4737448496,PHJM,LIJU47374484
FRCZ00NPGG8808123530,FRCZ,NPGG88081235
FLYO00KHQI2860471760,FLYO,KHQI28604717
ZTBU00MWUS8712072929,ZTBU,MWUS87120729
PCGK00XKWA0415580398,PCGK,XKWA04155803
AHUH00OVMA8519694055,AHUH,OVMA85196940
ZQWC00WPSF0505937481,ZQWC,WPSF05059374
HRSX00ZQHV2587693022,HRSX,ZQHV25876930
IAEW00UEKN4801081065,IAEW,UEKN48010810
KSJT00PZGK1518198681,KSJT,PZGK15181986
NKAA00UPGL6631727273,NKAA,UPGL66317272
QAXY00PGVI5436212718,QAXY,PGVI54362127
OUGJ00NPBN5087985821,OUGJ,NPBN50879858
WZOS00ARJI5733861520,WZOS,ARJI57338615
WXPG00WCYW6949264017,WXPG,WCYW69492640
CDQN00DOJG1506156424,CDQN,DOJG15061564
EBZO00KUOF0390476878,EBZO,KUOF03904768
RHCY00XWHA0031495237,RHCY,XWHA00314952
TFKF00ORUQ3272581151,TFKF,ORUQ32725811
FRXA00TYSV5248752557,FRXA,TYSV52487525
ZWVG00CDHW8540877873,ZWVG,CDHW85408778
VDXR00CTOT6745448355,VDXR,CTOT67454483
XWQN00QAAU2959572754,XWQN,QAAU29595727
TWRO00ZERM0580693985,TWRO,ZERM05806939
YBEY00TMCF4776928748,YBEY,TMCF47769287
ZIHS00FVVH4694658803,ZIHS,FVVH46946588
DSMW00VAPS1307382989,DSMW,VAPS13073829
KAPF00LMTG2412339820,KAPF,LMTG24123398
NMJL00ADKW8516918740,NMJL,ADKW85169187
HXFZ00ZVYX7967066031,HXFZ,ZVYX79670660
XGRG00VGCQ0031281357,XGRG,VGCQ00312813
QABE00QIAP4220616311,QABE,QIAP42206163
NJXS00OKDH8727991211,NJXS,OKDH87279912
GXLD00HYQN0006786772,GXLD,HYQN00067867
OYYV00PBOA5788177166,OYYV,PBOA57881771
DIEI00IPTC8735230493,DIEI,IPTC87352304
WMVJ00VYGF1899354407,WMVJ,VYGF18993544
EKGU00HVEB6782772025,EKGU,HVEB67827720
SKCT00INCB3536387284,SKCT,INCB35363872
KGVE00NQWG4145283189,KGVE,NQWG41452831
PZRZ00FDOI4654969618,PZRZ,FDOI46549696
LRTH00MAIN0189574349,LRTH,MAIN01895743
QKPX00QIFH3420054342,QKPX,QIFH34200543
ILDK00OJHY3901036386,ILDK,OJHY39010363
GNYA00COMF8922353340,GNYA,COMF89223533
WWWE00ILAE9614340081,WWWE,ILAE96143400
YIVI00HFPZ4909490106,YIVI,HFPZ49094901
MCHW00TWDH1358432904,MCHW,TWDH13584329
QBGT00AQAD5507054422,QBGT,AQAD55070544
SZJX00QKTV1226797132,SZJX,QKTV12267971
JCMM00RYKP6811453845,JCMM,RYKP68114538
DMFU00SCYB7878167133,DMFU,SCYB78781671
AJEX00UCXU9025468575,AJEX,UCXU90254685
MWTC00ERZF5152298891,MWTC,ERZF51522988
VCKH00OARJ4196948039,VCKH,OARJ41969480
CQHB00IYQV6376361956,CQHB,IYQV63763619
SXFP00AYUM4354841221,SXFP,AYUM43548412
LPLX00WHEJ4325706868,LPLX,WHEJ43257068
BYZL00DCSZ1081032738,BYZL,DCSZ10810327
PMXM00DJPT4316691063,PMXM,DJPT43166910
ANKZ00BMOH6056826327,ANKZ,BMOH60568263
PNDD00TABV3918121463,PNDD,TABV39181214
JMDI00TYKS7867372740,JMDI,TYKS78673727
RNGW00JRHK2851614791,RNGW,JRHK28516147
ZSTS00EKWG7057349477,ZSTS,EKWG70573494
AHSJ00TCNN2750385296,AHSJ,TCNN27503852
SSQW00BVZZ6855005417,SSQW,BVZZ68550054
BMEC00XLJW7604542496,BMEC,XLJW76045424
BYOC00WGZV0168302284,BYOC,WGZV01683022
HMSO00IGXT9898743822,HMSO,IGXT98987438
DTQL00SKSJ3357166903,DTQL,SKSJ33571669
LMOV00WKJW2774474358,LMOV,WKJW27744743
CQWX00LTSS7770302190,CQWX,LTSS77703021
SOCE00MQBD5045530502,SOCE,MQBD50455305
AGKP00EIGR3819173027,AGKP,EIGR38191730
VYTN00TEUG4403501269,VYTN,TEUG44035012
WPDW00LGED6845846787,WPDW,LGED68458467
SCDW00EXRJ4065196848,SCDW,EXRJ40651968
TQAY00FNOK2121256125,TQAY,FNOK21212561
UYBS00NXVW9993043048,UYBS,NXVW99930430
DEZE00GUCP7924902138,DEZE,GUCP79249021
EHSL00ILQJ0035797112,EHSL,ILQJ00357971
IVMJ00JQCB5079902438,IVMJ,JQCB50799024
MSXE00SAJS3311449243,MSXE,SAJS33114492
HLFL00BMMI1879314005,HLFL,BMMI18793140
EPKK00VLOB6139442028,EPKK,VLOB61394420
LYRN00IMKA3438298070,LYRN,IMKA34382980
PVAB00YSMD0154306849,PVAB,YSMD01543068
ZCPO00KGBG3861789973,ZCPO,KGBG38617899
ZBBT00YEEC4822182631,ZBBT,YEEC48221826
RZSN00JWRO6041994018,RZSN,JWRO60419940
CNWH00OCMY6887710616,CNWH,OCMY68877106
DFNZ00LOGO3325421714,DFNZ,LOGO33254217
ORTA00SDIB5443674205,ORTA,SDIB54436742
IYQO00VAKL1546167876,IYQO,VAKL15461678
DBEH00DDTD3910281074,DBEH,DDTD39102810
SDUU00ANGZ0426598804,SDUU,ANGZ04265988
NTRJ00SDYJ3392549766,NTRJ,SDYJ33925497
JARF00AMKQ6164367276,JARF,AMKQ61643672
YHHA00RAKT9503896692,YHHA,RAKT95038966
HUUD00TLHU9140210860,HUUD,TLHU91402108
DSRA00DYMN6275713845,DSRA,DYMN62757138
XEML00YLWN1095209913,XEML,YLWN10952099
UXBH00YYMW8555012724,UXBH,YYMW85550127
QSVU00IVAT7400791272,QSVU,IVAT74007912
AXEN00VAEI0556980770,AXEN,VAEI05569807
SFMN00BJRS8709551916,SFMN,BJRS87095519
UKIU00QNAH6394218157,UKIU,QNAH63942181
KIWI00ELOT2310423257,KIWI,ELOT23104232
TIHT00PDAH8330405473,TIHT,PDAH83304054
ZCVQ00KEGW4492054688,ZCVQ,KEGW44920546
RBRO00QDKG5222882913,RBRO,QDKG52228829
ZPGE00ULSK0491873095,ZPGE,ULSK04918730
CIKH00BGNU5205892566,CIKH,BGNU52058925
RFMX00OFQA9650535169,RFMX,OFQA96505351
FRTQ00VJQG4720997335,FRTQ,VJQG47209973
CSQU00FIYK1154357734,CSQU,FIYK11543577
VZVN00EXKI4279343894,VZVN,EXKI42793438
PWEO00IWQP8163817944,PWEO,IWQP81638179
FQLT00MJNF8972665870,FQLT,MJNF89726658
EXVX00KWZX0618249697,EXVX,KWZX06182496
DILR00QVIM5234416166,DILR,QVIM52344161
FKIO00UFLA7942225248,FKIO,UFLA79422252
LQKT00VVBN6671605988,LQKT,VVBN66716059
CABR00MKCU3690779380,CABR,MKCU36907793
GIXP00CBDZ8050396233,GIXP,CBDZ80503962
UVXY00FEGO0624949539,UVXY,FEGO06249495
DQIH00AWZF8097469676,DQIH,AWZF80974696
AKXL00UMVV4670042516,AKXL,UMVV46700425
UPTJ00LBSH8876362802,UPTJ,LBSH88763628
MGOI00XZUB6628888009,MGOI,XZUB66288880
GKJX00CENY3977272119,GKJX,CENY39772721
FLJP00XHSC6196878309,FLJP,XHSC61968783
SAAX00DWUY7305070629,SAAX,DWUY73050706
MEXP00RCFA8147783616,MEXP,RCFA81477836
EUYR00GISK4546636929,EUYR,GISK45466369
DZIS00JOGE1238831960,DZIS,JOGE12388319
MRQF00NFGC7790420355,MRQF,NFGC77904203
VYXN00ZRUW7372530711,VYXN,ZRUW73725307
YLUC00QGHF9500729257,YLUC,QGHF95007292
AJSE00BLFH8641414512,AJSE,BLFH86414145
JXCA00YEPV6945541040,JXCA,YEPV69455410
GAOQ00JNZE3547568350,GAOQ,JNZE35475683
ICJY00UVKV9752060910,ICJY,UVKV97520609
SGAW00SIDG8745649836,SGAW,SIDG87456498
PCQY00NQXL9387799479,PCQY,NQXL93877994
NISZ00YQSC8008608551,NISZ,YQSC80086085
WVDR00CABN9773048733,WVDR,CABN97730487
RDPM00CIKQ6818745987,RDPM,CIKQ68187459
SMMY00ZYCH2716642147,SMMY,ZYCH27166421
SUFD00YOXW6291262006,SUFD,YOXW62912620
EIGM00GQKY6176620502,EIGM,GQKY61766205
MMLK00HRVK2281034133,MMLK,HRVK22810341
MLZK00DEWQ2928222331,MLZK,DEWQ29282223
HXOH00HLIX0742980016,HXOH,HLIX07429800
XTOZ00GJQA0669074325,XTOZ,GJQA06690743
SLGZ00FCGY4530246464,SLGZ,FCGY45302464
MFFF00ZNMV4014575985,MFFF,ZNMV40145759
TBPA00LSSZ9181904321,TBPA,LSSZ91819043
NJRJ00OALD7417489267,NJRJ,OALD74174892
BIQR00KIUH3894515554,BIQR,KIUH38945155
EQXC00PFUS9787079433,EQXC,PFUS97870794
KVJA00FDMI4684478240,KVJA,FDMI46844782
PGPK00GVHE7896133307,PGPK,GVHE78961333
DSJT00YKDR8149313815,DSJT,YKDR81493138
UYUT00LSMQ9571021368,UYUT,LSMQ95710213
AVMD00KLXB7839580310,AVMD,KLXB78395803
BNTR00LPFL5551851987,BNTR,LPFL55518519
AQYM00SNQC3478094513,AQYM,SNQC34780945
RGMB00XGUL1391506046,RGMB,XGUL13915060
JEKT00VSHX5937124647,JEKT,VSHX59371246
OKFO00PSXO2293392877,OKFO,PSXO22933928
QZWL00VVVF7893677279,QZWL,VVVF78936772
WRML00DGBD9784738729,WRML,DGBD97847387
YXJA00UMZY0668197090,YXJA,UMZY06681970
XYXP00VMXS2373143011,XYXP,VMXS23731430
TIHO00MHGZ4349354395,TIHO,MHGZ43493543
IMJG00DGXV0921798041,IMJG,DGXV09217980
MHEB00CXNT2523013140,MHEB,CXNT25230131
KHME00NVGL6624828184,KHME,NVGL66248281
DUBU00HXGP6031660351,DUBU,HXGP60316603
RKIN00MTBM9752987344,RKIN,MTBM97529873
ROUH00TIKA1100733357,ROUH,TIKA11007333
WDYY00FBFT8144093946,WDYY,FBFT81440939
CVOP00XWMX2786673581,CVOP,XWMX27866735
OBQC00QVVI3507712882,OBQC,QVVI35077128
NQZC00SHKB2391850197,NQZC,SHKB23918501
ZDNO00BWCD2010714020,ZDNO,BWCD20107140
NIHD00SAJK1601662091,NIHD,SAJK16016620
HFPA00HHPD5879328828,HFPA,HHPD58793288
THDG00KOXD5816163333,THDG,KOXD58161633
QLSV00LJDE2324803689,QLSV,LJDE23248036
EQNY00ILTV9816499651,EQNY,ILTV98164996
XLLC00XWYC5321492713,XLLC,XWYC53214927
HWUG00XSAK8633139235,HWUG,XSAK86331392
BUDN00VCMB3495524725,BUDN,VCMB34955247
MXZR00ERAJ8862142971,MXZR,ERAJ88621429
HCMV00BZLY5164530565,HCMV,BZLY51645305
ZYNP00HSZG0283493607,ZYNP,HSZG02834936
HIGA00FGUM2494838070,HIGA,FGUM24948380
CAWD00MZSL5500025245,CAWD,MZSL55000252
EBMS00GZCE7876490082,EBMS,GZCE78764900
SCQM00CUZL4592533658,SCQM,CUZL45925336
JDKC00VWZU1403392819,JDKC,VWZU14033928
EPID00KDIH6872697741,EPID,KDIH68726977
VLYH00GCSL6575013321,VLYH,GCSL65750133
PJDF00ZSMZ1676956467,PJDF,ZSMZ16769564
FHQY00SNHN7097538785,FHQY,SNHN70975387
DDXF00QRTZ0121335458,DDXF,QRTZ01213354
EGWJ00LBJN3234550144,EGWJ,LBJN32345501
LXYI00FOVD1496307278,LXYI,FOVD14963072
LMWC00AFPW1326898635,LMWC,AFPW13268986
BLYW00JJWV7087743996,BLYW,JJWV70877439
KKWW00JETJ2195029440,KKWW,JETJ21950294
EXGE00PIHK2349315137,EXGE,PIHK23493151
LQEB00CLFT3655301225,LQEB,CLFT36553012
NBYA00EVRT7877636887,NBYA,EVRT78776368
MQUV00EFHP2690701748,MQUV,EFHP26907017
OXDD00IQRX4841532229,OXDD,IQRX48415322
IFKP00DDAN9083077915,IFKP,DDAN90830779
NVWO00DPXE2173214707,NVWO,DPXE21732147
GRGW00NWAZ7216207698,GRGW,NWAZ72162076
NHZB00PUUW0833710462,NHZB,PUUW08337104
JASB00DIIZ9721929043,JASB,DIIZ97219290
HILM00PTYE0075023706,HILM,PTYE00750237
MWQZ00IJJH5407459381,MWQZ,IJJH54074593
OKJF00BIHJ5575174373,OKJF,BIHJ55751743
VIIT00HQFC3409127260,VIIT,HQFC34091272
BKWE00WRTR8668966480,BKWE,WRTR86689664
TLDT00LOEN5045040612,TLDT,LOEN50450406
TPKP00ANAK3342874259,TPKP,ANAK33428742
MBHW00QQXH8238710286,MBHW,QQXH82387102
ZBRJ00LFDA0154637855,ZBRJ,LFDA01546378
BGPM00XBQZ8598133926,BGPM,XBQZ85981339
WACZ00QEES8806330851,WACZ,QEES88063308
CLKA00VLGS3521204234,CLKA,VLGS35212042
XJMW00VZKE9696482654,XJMW,VZKE96964826
PJNW00CAWE9158988089,PJNW,CAWE91589880
WPCE00FQAD6421603439,WPCE,FQAD64216034
RINZ00HKRW6027452088,RINZ,HKRW60274520
LWGD00GGEJ3821621507,LWGD,GGEJ38216215
EYIY00SUOG2953811144,EYIY,SUOG29538111
TURQ00WMFC8382439567,TURQ,WMFC83824395
HQPQ00UUIW8971805136,HQPQ,UUIW89718051
VZMR00GIKL0173008334,VZMR,GIKL01730083
QYAV00TDDF3215216183,QYAV,TDDF32152161
RIAS00UIBV6650145252,RIAS,UIBV66501452
HNBL00OQAO3302549332,HNBL,OQAO33025493
OEID00IFUG6522460017,OEID,IFUG65224600
EEQO00CGVN5389785982,EEQO,CGVN53897859
OFFR00SNLK2909564680,OFFR,SNLK29095646
BRWM00CVHK0700287362,BRWM,CVHK07002873
NLCU00STTP6618926671,NLCU,STTP66189266
HPBH00YVNC9302689070,HPBH,YVNC93026890
UOFK00RMYQ7335239911,UOFK,RMYQ73352399
NNNX00GQST8948369465,NNNX,GQST89483694
TQDD00LHQV9250384410,TQDD,LHQV92503844
SPPQ00NGMR4166507862,SPPQ,NGMR41665078
IRPJ00XCGK1305787581,IRPJ,XCGK13057875
ZWZH00HTQX6368343569,ZWZH,HTQX63683435
STCA00BVDK2268177893,STCA,BVDK22681778
GAGT00NGTO2567811616,GAGT,NGTO25678116
RPIA00NYXA9291295403,RPIA,NYXA92912954
GOKB00MUHP1000061664,GOKB,MUHP10000616
QHUB00LAQJ4646857814,QHUB,LAQJ46468578
MLLS00TQIJ5354034663,MLLS,TQIJ53540346
MNJI00MLPD7445610173,MNJI,MLPD74456101
CPQD00QJQM7157462175,CPQD,QJQM71574621
CUGQ00TURD7355533074,CUGQ,TURD73555330
DXNC00XEKF3886967680,DXNC,XEKF38869676
LFMX00HGXM2976060246,LFMX,HGXM29760602
YLGM00KXIO4544088967,YLGM,KXIO45440889
HXTZ00OPYP2291134480,HXTZ,OPYP22911344
EFDE00VWSW6179446028,EFDE,VWSW61794460
KNAD00ASFZ2307601130,KNAD,ASFZ23076011
TTQN00CLDY8173046010,TTQN,CLDY81730460
YKIO00THPC4121807925,YKIO,THPC41218079
IACP00PHJJ2650501134,IACP,PHJJ26505011
MFNT00OKGQ3288542886,MFNT,OKGQ32885428
LFMV00MKJY4851769837,LFMV,MKJY48517698
MZTO00ABDM7776211820,MZTO,ABDM77762118
UXVI00LEXE1423563291,UXVI,LEXE14235632
GOJU00PVJV7841038989,GOJU,PVJV78410389
NKRY00KMLK5346347052,NKRY,KMLK53463470
BBAT00MTJE5541746558,BBAT,MTJE55417465
JYEZ00PVUZ4601760475,JYEZ,PVUZ46017604
FOJW00ZSYT0842236822,FOJW,ZSYT08422368
KDGD00AIVG9024468756,KDGD,AIVG90244687
UZRW00WNNV7013707975,UZRW,WNNV70137079
YEYJ00EGOB5217125565,YEYJ,EGOB52171255
RIAA00WZHS1215029166,RIAA,WZHS12150291
UPXN00HSWL1352555391,UPXN,HSWL13525553
KMVD00EUTJ5136361746,KMVD,EUTJ51363617
SDXI00ZKFR6334432447,SDXI,ZKFR63344324
SJVB00NJLR3648932668,SJVB,NJLR36489326
RKYQ00QWLJ4269330070,RKYQ,QWLJ42693300
FJRQ00BJIQ1811334076,FJRQ,BJIQ18113340
KGUN00NZGN1381159188,KGUN,NZGN13811591
XATJ00WNNZ2260576891,XATJ,WNNZ22605768
SHMU00IEME0160056703,SHMU,IEME01600567
PQPK00APNX6218465024,PQPK,APNX62184650
AQAM00SGLX1937495212,AQAM,SGLX19374952
PEYF00PPVD8964124434,PEYF,PPVD89641244
BUMC00TZZE6376047924,BUMC,TZZE63760479
NASQ00DJTR5018157441,NASQ,DJTR50181574
BYKT00YWDS8232204649,BYKT,YWDS82322046
XKHK00LRAD4288200315,XKHK,LRAD42882003
LEKM00MESB1670568926,LEKM,MESB16705689
FFSX00DHCT9591839484,FFSX,DHCT95918394
NTLL00CGXM1533234815,NTLL,CGXM15332348
JCFP00TNCW0571151474,JCFP,TNCW05711514
RRFW00KVYF1808187159,RRFW,KVYF18081871
WSJJ00JNRJ8645762359,WSJJ,JNRJ86457623
QEAQ00SZJH1722470645,QEAQ,SZJH17224706
AOUX00UIZE0417166306,AOUX,UIZE04171663
GVKH00HUZV9475748321,GVKH,HUZV94757483
YXHN00NEJV7733790031,YXHN,NEJV77337900
RUAM00LFWB3900600509,RUAM,LFWB39006005
WFYA00VIAQ9595891545,WFYA,VIAQ95958915
ETBT00ZUFL0658151727,ETBT,ZUFL06581517
PEAZ00KXTX0094381373,PEAZ,KXTX00943813
JFKC00IUAV2697868221,JFKC,IUAV26978682
JKTW00BORR4962895217,JKTW,BORR49628952
WHZT00BWTN6027230966,WHZT,BWTN60272309
PSEZ00FVDH0823792056,PSEZ,FVDH08237920
RTWF00TOXK3660467821,RTWF,TOXK36604678
KEQU00NCCK0435535720,KEQU,NCCK04355357
MSIA00TFSU9118016863,MSIA,TFSU91180168
IEYR00HKJF5435661186,IEYR,HKJF54356611
YOHK00LPOT0617837625,YOHK,LPOT06178376
MADN00DWVS9699031714,MADN,DWVS96990317
LWHQ00VRUA7939839312,LWHQ,VRUA79398393
ALGN00KFLB4596498336,ALGN,KFLB45964983
IRCN00TIJS2770495247,IRCN,TIJS27704952
IUQN00JWST2289956730,IUQN,JWST22899567
BVKL00XBFL1782228445,BVKL,XBFL17822284
SXMS00TDJK4413923916,SXMS,TDJK44139239
ILQJ00HYEN3885119635,ILQJ,HYEN38851196
ZYPZ00WUSR3235734714,ZYPZ,WUSR32357347
AQAD00HMJW6151200050,AQAD,HMJW61512000
CTLC00TRTJ5831015851,CTLC,TRTJ58310158
YEMO00TRWM5794879589,YEMO,TRWM57948795
BFHT00GZTD8080308242,BFHT,GZTD80803082
WZRX00FNJT7958260854,WZRX,FNJT79582608
HMAV00DZNV2756818930,HMAV,DZNV27568189
VQIV00NNWN5649109149,VQIV,NNWN56491091
BLOR00XCSG0947862814,BLOR,XCSG09478628
GPEF00ZAFO5409012841,GPEF,ZAFO54090128
DEMI00NNYU0946575166,DEMI,NNYU09465751
WNSO00ZIWC9437336897,WNSO,ZIWC94373368
TSIN00ORLF8275510637,TSIN,ORLF82755106
VGNB00RKPX7808087826,VGNB,RKPX78080878
RMKS00PUZM6686926211,RMKS,PUZM66869262
PNSX00AQHV5856505481,PNSX,AQHV58565054
AJYX00OMBV3505196640,AJYX,OMBV35051966
SPEJ00VDCH4186927995,SPEJ,VDCH41869279
JCXH00UOKU1793880035,JCXH,UOKU17938800
SPDY00LXRD6314453218,SPDY,LXRD63144532
RLRG00EKQM4872812242,RLRG,EKQM48728122
YKWH00VTED8846773566,YKWH,VTED88467735
AIRA00ZGTO6125114880,AIRA,ZGTO61251148
QKAL00VMZK9095819386,QKAL,VMZK90958193
KKVU00IGZM6020573417,KKVU,IGZM60205734
GVRF00HPET3428879897,GVRF,HPET34288798
UKCI00LXPX9280875543,UKCI,LXPX92808755
YQLP00LFTH1587149275,YQLP,LFTH15871492
MNAI00STKO1837691471,MNAI,STKO18376914
WXKT00PZPW0048681209,WXKT,PZPW00486812
URYH00YQTS4135415643,URYH,YQTS41354156
UHKX00FHGJ7954557708,UHKX,FHGJ79545577
SAGW00FQSB9563934835,SAGW,FQSB95639348
IUDA00UDVK9828298197,IUDA,UDVK98282981
IVJL00SMFO2626070409,IVJL,SMFO26260704
TSYG00SESP6111754435,TSYG,SESP61117544
VEIZ00UPNS7139306260,VEIZ,UPNS71393062
JNWT00UWIV0456635792,JNWT,UWIV04566357
EUNJ00UTIY4325572666,EUNJ,UTIY43255726
QQSE00APEO1307969481,QQSE,APEO13079694
PGAK00DKDE6046351247,PGAK,DKDE60463512
GSYK00WBVS3599139977,GSYK,WBVS35991399
PLXG00AVQN1161914198,PLXG,AVQN11619141
CZDK00TMBJ0092622088,CZDK,TMBJ00926220
TJZF00PQRS7712308834,TJZF,PQRS77123088
SXKW00QMQG9037435116,SXKW,QMQG90374351
DHVI00FZJH2882631264,DHVI,FZJH28826312
FRQB00TMTM6150111636,FRQB,TMTM61501116
ZGHC00HNAD2337440805,ZGHC,HNAD23374408
AUHX00RWKV2277093206,AUHX,RWKV22770932
MXEN00QMMB4970377874,MXEN,QMMB49703778
WQME00XUMU4290185597,WQME,XUMU42901855
SKCO00SUKF4127429566,SKCO,SUKF41274295
KVKP00EUNI2577503729,KVKP,EUNI25775037
JYWP00FQID1070464156,JYWP,FQID10704641
DSOB00UZZL9807579576,DSOB,UZZL98075795
QFDO00QRNY9156237428,QFDO,QRNY91562374
VAKL00QLDT3823338417,VAKL,QLDT38233384
OKMQ00JUZM3444424696,OKMQ,JUZM34444246
SMRR00NPUW4690358834,SMRR,NPUW46903588
AOVC00ZMDS7946703272,AOVC,ZMDS79467032
HJWK00LEUP5449088143,HJWK,LEUP54490881
IYXU00AZEK9960365659,IYXU,AZEK99603656
NHJK00DFMP3534174833,NHJK,DFMP35341748
WVAX00WDFT6148587157,WVAX,WDFT61485871
QXOA00VLBZ5619198732,QXOA,VLBZ56191987
RBGM00ABFW2469892948,RBGM,ABFW24698929
KAQR00VXYR3757651267,KAQR,VXYR37576512
DQKY00OXGA2031950504,DQKY,OXGA20319505
QMFJ00VAGQ1985428191,QMFJ,VAGQ19854281
FKAQ00BZSD4116262362,FKAQ,BZSD41162623
QKKO00GZXD9242150697,QKKO,GZXD92421506
BUOM00NTZS7954504480,BUOM,NTZS79545044
STJY00FOLG3781608588,STJY,FOLG37816085
JYCN00FRSY1492050246,JYCN,FRSY14920502
WPAB00SQCO1490943077,WPAB,SQCO14909430
SMVQ00JSEX2910014275,SMVQ,JSEX29100142
VSIQ00QLSN7768380810,VSIQ,QLSN77683808
VXQS00LVLB1853561270,VXQS,LVLB18535612
OVWZ00JHBH5884628975,OVWZ,JHBH58846289
FRES00CHBC9096589575,FRES,CHBC90965895
UZSB00GBHB3709235507,UZSB,GBHB37092355
KKCC00LTQQ5378683002,KKCC,LTQQ53786830
DJMN00EWRL6127270414,DJMN,EWRL61272704
JGTD00QCMA5846786234,JGTD,QCMA58467862
CLIL00WWNP6598246139,CLIL,WWNP65982461
CZLD00PBNW4794010233,CZLD,PBNW47940102
RZOX00BZYS6161750640,RZOX,BZYS61617506
YTTO00YCYU1035542339,YTTO,YCYU10355423
TQQB00FVGX9688325974,TQQB,FVGX96883259
INWD00AHYV3127791246,INWD,AHYV31277912
DLOO00UDYL3909012114,DLOO,UDYL39090121
EZEF00MYOL7545398651,EZEF,MYOL75453986
EOZS00ZKOO1617225040,EOZS,ZKOO16172250
WJYX00HHJY2562501028,WJYX,HHJY25625010
ZMJX00GBZA5828674783,ZMJX,GBZA58286747
OEOS00GTYW4168857997,OEOS,GTYW41688579
WSWZ00YOTV8060945128,WSWZ,YOTV80609451
VWNT00ZPCB5618140268,VWNT,ZPCB56181402
IVFL00IVYU1650720634,IVFL,IVYU16507206
ESNL00UYLQ3990495847,ESNL,UYLQ39904958
COKT00VCFE9627146837,COKT,VCFE96271468
MHBW00DAVW9643521847,MHBW,DAVW96435218
DHWX00RDZG1115626405,DHWX,RDZG11156264
XWLT00FGHW8881415179,XWLT,FGHW88814151
MKTC00HPRS2105930181,MKTC,HPRS21059301
XWQO00VWQA3559195994,XWQO,VWQA35591959
QVVS00OJFF5618277116,QVVS,OJFF56182771
OWYM00RZWG2103769496,OWYM,RZWG21037694
XFTA00FINI8615577490,XFTA,FINI86155774
QZDJ00IBRK1090126105,QZDJ,IBRK10901261
AZGJ00FSBZ8378843228,AZGJ,FSBZ83788432
ECEZ00XMFR9836629818,ECEZ,XMFR98366298
YCNG00NVCH3493122822,YCNG,NVCH34931228
SBCX00IKEA2342521475,SBCX,IKEA23425214
CSQI00FZYZ0815838905,CSQI,FZYZ08158389
SJFP00GIDA8015563657,SJFP,GIDA80155636
ARRU00EMKI6689743325,ARRU,EMKI66897433
LALY00HTRG7183099373,LALY,HTRG71830993
BICN00PSWH1909071920,BICN,PSWH19090719
HIHO00KANE7716943062,HIHO,KANE77169430
BEDC00ZOCJ8644853984,BEDC,ZOCJ86448539
MMLH00BSXJ7904406793,MMLH,BSXJ79044067
GGZO00FAXV2261514524,GGZO,FAXV22615145
QPVX00VWTT8711664250,QPVX,VWTT87116642
HGZE00VEWC7232960358,HGZE,VEWC72329603
BQTF00WLTG6994535041,BQTF,WLTG69945350
DUSQ00XQIY6171958110,DUSQ,XQIY61719581
NJNV00EDFG3980407110,NJNV,EDFG39804071
XPCJ00SSST9712726930,XPCJ,SSST97127269
ACGR00GGSV4227122457,ACGR,GGSV42271224
YBRR00HQYF2688185656,YBRR,HQYF26881856
AGYD00ZUNN2483541019,AGYD,ZUNN24835410
TKSB00CPOF5610381691,TKSB,CPOF56103816
WOPV00JRDB7900593672,WOPV,JRDB79005936
YVKA00JOCB6886466742,YVKA,JOCB68864667
SKIU00LNDB7747354802,SKIU,LNDB77473548
JDFP00IRMP0981972029,JDFP,IRMP09819720
HXAN00CXLM9333303289,HXAN,CXLM93333032
TBWS00YTGK5439921892,TBWS,YTGK54399218
LFKT00VYZB9764719538,LFKT,VYZB97647195
BBBZ00SQZN9723172529,BBBZ,SQZN97231725
EVOK00PBNK4371964346,EVOK,PBNK43719643
UMKV00HAHL4431180794,UMKV,HAHL44311807
FUMM00XFAW9673886745,FUMM,XFAW96738867
SNVQ00LKMK4355541232,SNVQ,LKMK43555412
MPHD00BORZ5124574868,MPHD,BORZ51245748
IIEL00WEHG1684087808,IIEL,WEHG16840878
UACM00FDYN1393124690,UACM,FDYN13931246
JFWW00BUIQ5839322126,JFWW,BUIQ58393221
UHPD00VGDS0670506161,UHPD,VGDS06705061
PLBO00ISNG1829661641,PLBO,ISNG18296616
MVAG00AVQR7429259393,MVAG,AVQR74292593
YNOZ00SKOD0243508225,YNOZ,SKOD02435082
LBMX00YNNX0092374891,LBMX,YNNX00923748
SOAD00GNDY1518616720,SOAD,GNDY15186167
IEYI00APRB4031458477,IEYI,APRB40314584
CPGC00WJAT6207026125,CPGC,WJAT62070261
PCCG00MUGZ4077957234,PCCG,MUGZ40779572
MSGK00GMNY6094613002,MSGK,GMNY60946130
VHRT00MEAF1171476152,VHRT,MEAF11714761
VBKE00KUUR3116146595,VBKE,KUUR31161465
NOHY00FPOR4772118688,NOHY,FPOR47721186
EIKH00TYVI7162175855,EIKH,TYVI71621758
MQKU00QJZM2881285380,MQKU,QJZM28812853
PLIG00DSVL4089227245,PLIG,DSVL40892272
IDNS00FHWX2702691616,IDNS,FHWX27026916
CWWC00LZXU2837063124,CWWC,LZXU28370631
HWTT00LALY1289660265,HWTT,LALY12896602
HFRJ00ZQEC4391398149,HFRJ,ZQEC43913981
AJWN00QUFL6454293788,AJWN,QUFL64542937
EHDW00BTWP4866833764,EHDW,BTWP48668337
MJKQ00YILW7873659460,MJKQ,YILW78736594
BLEP00JPLU0248359387,BLEP,JPLU02483593
CQEO00QIDK8356729367,CQEO,QIDK83567293
UVIF00AKZH5998726242,UVIF,AKZH59987262
SETH00ZXUG6859607978,SETH,ZXUG68596079
ECMZ00QTUB2092226539,ECMZ,QTUB20922265
SWQD00ZZHQ3437506413,SWQD,ZZHQ34375064
SXCU00DPQJ6583041858,SXCU,DPQJ65830418
WOCJ00MTTV3944036812,WOCJ,MTTV39440368
SHKU00YZFY6522408081,SHKU,YZFY65224080
VFNS00YPNG8487863185,VFNS,YPNG84878631
CZKD00GNTT9491517103,CZKD,GNTT94915171
YVJD00EXLD6885037411,YVJD,EXLD68850374
KQIG00JGVX2778870773,KQIG,JGVX27788707
MWPL00LZQV7962536522,MWPL,LZQV79625365
VYDA00ZHJJ3297204492,VYDA,ZHJJ32972044
TCCR00DEUG3189520782,TCCR,DEUG31895207
CULR00JASW6121253777,CULR,JASW61212537
RKKD00GLLA7348799870,RKKD,GLLA73487998
QAYE00DORW2476485191,QAYE,DORW24764851
AWJG00WFQD7563319455,AWJG,WFQD75633194
YBCC00HGLP1193577090,YBCC,HGLP11935770
IGFN00LEFG8110912421,IGFN,LEFG81109124
FEDO00RUVE9910887339,FEDO,RUVE99108873
WUXL00QLLE6242608658,WUXL,QLLE62426086
KAMB00ZLMZ0951445556,KAMB,ZLMZ09514455
YDJF00GLGJ5706702095,YDJF,GLGJ57067020
DSSH00YTGZ5704721387,DSSH,YTGZ57047213
EREK00LFNS6774393125,EREK,LFNS67743931
AZFH00PUDD0440622641,AZFH,PUDD04406226
DKAQ00CKAF6317106077,DKAQ,CKAF63171060
DCXC00DBEY1497428317,DCXC,DBEY14974283
CWIO00CFXI2977491510,CWIO,CFXI29774915
VVYL00RXGE1524213085,VVYL,RXGE15242130
VANC00PNBI9708443375,VANC,PNBI97084433
YHSV00ZCVC8453092983,YHSV,ZCVC84530929
FLXG00PXJS3546221107,FLXG,PXJS35462211
WCQA00QZAS2123127293,WCQA,QZAS21231272
SSSI00WSWN8463683569,SSSI,WSWN84636835
MYDQ00LVWT4636771619,MYDQ,LVWT46367716
OICV00IAUV3418534519,OICV,IAUV34185345
QKFS00VHJC8288962955,QKFS,VHJC82889629
QLQD00RESI5971728035,QLQD,RESI59717280
WKSZ00KXFA8220729161,WKSZ,KXFA82207291
PAGX00CJRO5859097619,PAGX,CJRO58590976
RTUW00HCSJ1290041382,RTUW,HCSJ12900413
PGQU00HIHL5075100072,PGQU,HIHL50751000
EJGR00HROP8767254866,EJGR,HROP87672548
YPGF00TGIX9786140673,YPGF,TGIX97861406
RKEI00HBCQ9964022221,RKEI,HBCQ99640222
QRVV00JKJJ7996869833,QRVV,JKJJ79968698
AXDA00YUDX3355577447,AXDA,YUDX33555774
VSFB00SJHH9577913732,VSFB,SJHH95779137
ZDAK00WDGF0933746130,ZDAK,WDGF09337461
FZZT00KTLH6559721832,FZZT,KTLH65597218
EBMO00GCUK9343272116,EBMO,GCUK93432721
GJFW00XOWZ6860777105,GJFW,XOWZ68607771
GWJX00UZST0865493853,GWJX,UZST08654938
EZVD00CCGI6567258816,EZVD,CCGI65672588
VOIV00DHIJ0971023845,VOIV,DHIJ09710238
VGDA00SFDQ3695306367,VGDA,SFDQ36953063
KFOQ00HXRX4963516460,KFOQ,HXRX49635164
JDUQ00ZFMK0561986531,JDUQ,ZFMK05619865
NMXS00JDSZ0551651970,NMXS,JDSZ05516519
GOUO00TTWY8796919766,GOUO,TTWY87969197
AEXT00XJXW4363167477,AEXT,XJXW43631674
KUGS00RULY4128977813,KUGS,RULY41289778
JQHS00GXAS0235041362,JQHS,GXAS02350413
AGSY00TWBX0753757733,AGSY,TWBX07537577
KPBE00SPLH8558300198,KPBE,SPLH85583001
VFJH00FUMO3800845223,VFJH,FUMO38008452
IJQG00KZJH4819278309,IJQG,KZJH48192783
CYJY00UTNT6081367555,CYJY,UTNT60813675
NTQX00TPJD9341492476,NTQX,TPJD93414924
UJRL00TMPX0891722441,UJRL,TMPX08917224
ZEUL00GEXT3334808777,ZEUL,GEXT33348087
LYQI00JDZA1607339414,LYQI,JDZA16073394
APXU00XVSV5069510445,APXU,XVSV50695104
BDXU00KWGL3570992943,BDXU,KWGL35709929
WFRN00UYGQ7664874116,WFRN,UYGQ76648741
FCXF00ROHO7276736095,FCXF,ROHO72767360
SKFU00XDTB8306832306,SKFU,XDTB83068323
LRRO00JTTW5930313085,LRRO,JTTW59303130
RPOY00XUBA5348159027,RPOY,XUBA53481590
DPYS00NNCG5210330959,DPYS,NNCG52103309
OCEX00SUVR6721741751,OCEX,SUVR67217417
SOIA00CDGT2739107793,SOIA,CDGT27391077
ZUDR00BRII0590575654,ZUDR,BRII05905756
PSTS00KWBG1497059278,PSTS,KWBG14970592
UHRQ00CILH6447087524,UHRQ,CILH64470875
WBGB00BJSM8103759844,WBGB,BJSM81037598
KYKG00KGAQ9339614476,KYKG,KGAQ93396144
WPDD00DSAE4029325727,WPDD,DSAE40293257
IKAP00SKJH0032835974,IKAP,SKJH00328359
FLNX00VQNM5003931068,FLNX,VQNM50039310
DRWV00ROZE5458570620,DRWV,ROZE54585706
XUWX00OTUS1120541322,XUWX,OTUS11205413
NDDB00MTFS9745464889,NDDB,MTFS97454648
FXNK00OQEU5867280788,FXNK,OQEU58672807
WNGZ00RJHD0742434466,WNGZ,RJHD07424344
WIRX00OHUT4543867353,WIRX,OHUT45438673
FMDS00FZUU9884786111,FMDS,FZUU98847861
VZHA00XZAK8553363064,VZHA,XZAK85533630
KYDY00JFKY0201184263,KYDY,JFKY02011842
HZNL00XVKN0764672517,HZNL,XVKN07646725
XFWT00WMJZ7050354969,XFWT,WMJZ70503549
QSRH00BIYA8333505114,QSRH,BIYA83335051
MMWK00LJTV2609501591,MMWK,LJTV26095015
EJQL00IRWZ6172668905,EJQL,IRWZ61726689
FCRJ00MEMA9502035278,FCRJ,MEMA95020352
DYUQ00JQSO8472753998,DYUQ,JQSO84727539
LVNV00MZLY0322523243,LVNV,MZLY03225232
NVGI00PZFR7753036520,NVGI,PZFR77530365
SZRS00LZIA4566481037,SZRS,LZIA45664810
ONYY00GZOT8983634808,ONYY,GZOT89836348
TBNH00REIU8807605740,TBNH,REIU88076057
FGSZ00WQPG6869972781,FGSZ,WQPG68699727
ZKHK00LDIU8876194129,ZKHK,LDIU88761941
RUHG00EDXX6938500116,RUHG,EDXX69385001
SNJV00RNJL2897460308,SNJV,RNJL28974603
KVAM00QVNZ8523829936,KVAM,QVNZ85238299
HPFK00XMRO9417682681,HPFK,XMRO94176826
FKFM00ZVPS0889529575,FKFM,ZVPS08895295
LKPP00YFEK0584768412,LKPP,YFEK05847684
AUHF00VFOG3269729009,AUHF,VFOG32697290
XNTX00MTVE2349456246,XNTX,MTVE23494562
FRJA00AHNH6028237252,FRJA,AHNH60282372
GVOT00RDHY0094443722,GVOT,RDHY00944437
OWVL00OTSR3624175745,OWVL,OTSR36241757
YCSE00GBLB7110595330,YCSE,GBLB71105953
JJGT00BPBB6141642434,JJGT,BPBB61416424
OFIG00PHAC0584647477,OFIG,PHAC05846474
JNKH00FSYZ0490072917,JNKH,FSYZ04900729
KAOS00IAOK1549426220,KAOS,IAOK15494262
FDPW00XZAS4943622084,FDPW,XZAS49436220
SRGZ00ZPZG3737128367,SRGZ,ZPZG37371283
NVOH00SDUR3858481773,NVOH,SDUR38584817
JLXL00YDYG5565121437,JLXL,YDYG55651214
EWVT00KWEC9693903204,EWVT,KWEC96939032
IKIY00VQAY4492161298,IKIY,VQAY44921612
ZHUK00GOEH7636775832,ZHUK,GOEH76367758
IPYH00TASY8057446597,IPYH,TASY80574465
LQCB00JTBA5810063331,LQCB,JTBA58100633
SUEU00UBID7756222107,SUEU,UBID77562221
CAZV00VDFR2563119542,CAZV,VDFR25631195
QHUJ00QASJ6212165996,QHUJ,QASJ62121659
JFFQ00TCCW1144049182,JFFQ,TCCW11440491
CXND00UMMI7570361054,CXND,UMMI75703610
BTRI00MEBY2701230490,BTRI,MEBY27012304
BHVF00PDJQ0825352442,BHVF,PDJQ08253524
ECQG00KHFZ6235669835,ECQG,KHFZ62356698
PDAA00SPWT7230943683,PDAA,SPWT72309436
FUJU00CGJW3175005084,FUJU,CGJW31750050
SORQ00TXUJ3608892212,SORQ,TXUJ36088922
OZZR00RJSC4452551405,OZZR,RJSC44525514
JLFG00MHVJ2839967830,JLFG,MHVJ28399678
IEDU00NVQI6180232234,IEDU,NVQI61802322
BLDS00WZBF7484403892,BLDS,WZBF74844038
UVNX00BMEQ2292790483,UVNX,BMEQ22927904
YEGA00XWOK9909103445,YEGA,XWOK99091034
GZYX00DBHG5785138498,GZYX,DBHG57851384
VUTD00SEGG5904611332,VUTD,SEGG59046113
UQZS00PJHF6890318130,UQZS,PJHF68903181
WKFS00JQRZ2688564659,WKFS,JQRZ26885646
GEZX00THAA7809683321,GEZX,THAA78096833
GTCU00FUHK7814666771,GTCU,FUHK78146667
WAGL00AGKD7122623293,WAGL,AGKD71226232
FFPD00VJUD1834309204,FFPD,VJUD18343092
FGCE00CFNF7576979616,FGCE,CFNF75769796
HHRB00EURX0133859832,HHRB,EURX01338598
HUDV00FOBJ4583448533,HUDV,FOBJ45834485
RVNR00FKYK4813452536,RVNR,FKYK48134525
MREM00ILLU0913360922,MREM,ILLU09133609
HYOG00RUYP2233924284,HYOG,RUYP22339242
IMAV00SFYA8266007743,IMAV,SFYA82660077
WMBX00RINE6555461671,WMBX,RINE65554616
WNKS00FZYD7712301217,WNKS,FZYD77123012
HBKP00JVYP6245148562,HBKP,JVYP62451485
MLRA00HIQZ2582506706,MLRA,HIQZ25825067
XZHK00VNWG9681881565,XZHK,VNWG96818815
GAGG00QZPH8270518351,GAGG,QZPH82705183
FUXF00GEQA2921675977,FUXF,GEQA29216759
HJDW00EXPY1622820807,HJDW,EXPY16228208
DCOV00OXAM2344898508,DCOV,OXAM23448985
VMYC00BGZB1972582196,VMYC,BGZB19725821
CHVH00OMBY6352662021,CHVH,OMBY63526620
TTAS00KVNH5023146989,TTAS,KVNH50231469
UWZF00YHST9218429946,UWZF,YHST92184299
WCUY00IRWX4868596623,WCUY,IRWX48685966
VADE00ODHK4671185464,VADE,ODHK46711854
QXUD00SCTB3991728064,QXUD,SCTB39917280
RQEI00MVFI9311788181,RQEI,MVFI93117881
GHXG00VNKJ2534514738,GHXG,VNKJ25345147
YYBR00BJCP6761410460,YYBR,BJCP67614104
MPWS00CZHH2485461185,MPWS,CZHH24854611
MKDO00JGXK5520677895,MKDO,JGXK55206778
HIOX00VZQH6912550645,HIOX,VZQH69125506
QGWO00MBVJ2407466219,QGWO,MBVJ24074662
JOGX00HFCG9783121928,JOGX,HFCG97831219
DBPI00GDXN4459197321,DBPI,GDXN44591973
IHKA00WAAG2699441933,IHKA,WAAG26994419
WMAQ00LVVE2902047961,WMAQ,LVVE29020479
NXYP00BJUJ5905542951,NXYP,BJUJ59055429
XHAY00JJNF2598709365,XHAY,JJNF25987093
LXHW00FVDS3341976012,LXHW,FVDS33419760
QWBD00KMRN7298526574,QWBD,KMRN72985265
OEZK00NECA6182578614,OEZK,NECA61825786
RRBW00YUFO4271279241,RRBW,YUFO42712792
SMPW00RJQE8849975654,SMPW,RJQE88499756
ZSBK00RBVY1495179521,ZSBK,RBVY14951795
JNSD00ENLD8942000896,JNSD,ENLD89420008
CBVN00AITB0751517359,CBVN,AITB07515173
UUGJ00KMRP4819233875,UUGJ,KMRP48192338
RHCG00TETS5052006945,RHCG,TETS50520069
DZPF00PWBM4733162997,DZPF,PWBM47331629
GKPD00JKMQ4462907305,GKPD,JKMQ44629073
KOBH00SIJI8492792108,KOBH,SIJI84927921
RUPZ00RUFT8983981247,RUPZ,RUFT89839812
GIFH00VEMO9884689590,GIFH,VEMO98846895
VFFM00OWCB7234575494,VFFM,OWCB72345754
MMXE00PHJD0473133243,MMXE,PHJD04731332
UCIF00BGFN1977025103,UCIF,BGFN19770251
GCFF00JEOQ4409054797,GCFF,JEOQ44090547
CJCQ00RNAS9638357247,CJCQ,RNAS96383572
UVFU00GPQN9924049834,UVFU,GPQN99240498
EUMI00IHUE0548696679,EUMI,IHUE05486966
NKVO00IWQL5908242951,NKVO,IWQL59082429
UNQZ00FGTT8770445088,UNQZ,FGTT87704450
DKHV00FIQR2354411763,DKHV,FIQR23544117
REND00PDPY9490974865,REND,PDPY94909748
TNIV00LFWN6561330188,TNIV,LFWN65613301
WWRJ00VBUT1023860496,WWRJ,VBUT10238604
LBYK00PGII2102040914,LBYK,PGII21020409
ZGSG00AOFI3003939152,ZGSG,AOFI30039391
HBZL00YPZJ5537058975,HBZL,YPZJ55370589
EZEE00TJPV7479827127,EZEE,TJPV74798271
VUBS00PERF8092737730,VUBS,PERF80927377
BQSB00JGJF7552424136,BQSB,JGJF75524241
TISW00ZAKF0660423220,TISW,ZAKF06604232
LCKV00IENV9689872896,LCKV,IENV96898728
BDEE00VLLO0056105582,BDEE,VLLO00561055
ATTV00DERN4591063553,ATTV,DERN45910635
BMZA00OPGD0613940948,BMZA,OPGD06139409
TOXA00IGTB1496033173,TOXA,IGTB14960331
NZEG00GMEL7259424116,NZEG,GMEL72594241
HCEH00QQJV8756386873,HCEH,QQJV87563868
IQEZ00BXSQ8639316987,IQEZ,BXSQ86393169
LIXC00YGLV7230861691,LIXC,YGLV72308616
DHBW00YMDR8480318479,DHBW,YMDR84803184
VUCS00KFQJ4788546209,VUCS,KFQJ47885462
GICL00IHGG8447272932,GICL,IHGG84472729
VIPX00ZOHK0860777472,VIPX,ZOHK08607774
MDLI00OKWB3653126084,MDLI,OKWB36531260
LNOD00OHIP9857193254,LNOD,OHIP98571932
JNSJ00GANA2376278359,JNSJ,GANA23762783
ADUA00MYSX2960600706,ADUA,MYSX29606007
IUIW00NXJC3429181030,IUIW,NXJC34291810
NUKG00XTBY9762861382,NUKG,XTBY97628613
KHRZ00DWWW5334316414,KHRZ,DWWW53343164
IEVE00JYQD1523538378,IEVE,JYQD15235383
XKYF00KNTO5672137810,XKYF,KNTO56721378
HOKF00YKHD6468145424,HOKF,YKHD64681454
HJKD00ZLOS3076820657,HJKD,ZLOS30768206
CKUH00HBFI9319609988,CKUH,HBFI93196099
ELKO00TIOM1667442147,ELKO,TIOM16674421
ZXDO00RDVX2591904591,ZXDO,RDVX25919045
ONMV00HEJJ9771587712,ONMV,HEJJ97715877
RRJO00HURP6387428150,RRJO,HURP63874281
RPHA00TRUV7425185656,RPHA,TRUV74251856
KYGT00QZDX4965960228,KYGT,QZDX49659602
DZXQ00XAML8381660314,DZXQ,XAML83816603
OMAL00PNEK7537377248,OMAL,PNEK75373772
CDHW00CJLY8751474404,CDHW,CJLY87514744
NOBH00XLLI2999877386,NOBH,XLLI29998773
CSDO00DRIG9594736443,CSDO,DRIG95947364
VSQW00WGSZ9124791781,VSQW,WGSZ91247917
GAYR00ZYFI2682293209,GAYR,ZYFI26822932
KRAR00LYFY1026761290,KRAR,LYFY10267612
RHEG00QHKN3128511197,RHEG,QHKN31285111
TGJS00UWJR5638043841,TGJS,UWJR56380438
AUNX00IQPS8622777763,AUNX,IQPS86227777
JNIB00ARHV2820115694,JNIB,ARHV28201156
LMQC00YNZZ2584639839,LMQC,YNZZ25846398
QGXZ00DPDB7393420341,QGXZ,DPDB73934203
DEQH00IZVI1441287773,DEQH,IZVI14412877
ATJG00PVGU2652892880,ATJG,PVGU26528928
APLY00QFDT9860929239,APLY,QFDT98609292
ELGB00ABGC4393820367,ELGB,ABGC43938203
HHIO00NGBA1386879574,HHIO,NGBA13868795
BMDO00WIUX2354676227,BMDO,WIUX23546762
NZUS00LAXX7188448474,NZUS,LAXX71884484
KEAC00AJOK0299459849,KEAC,AJOK02994598
VOYE00FUKC8222989235,VOYE,FUKC82229892
BPFN00OZLN5310952932,BPFN,OZLN53109529
YHYF00MMPM6297483942,YHYF,MMPM62974839
KYTE00OUFJ9966671261,KYTE,OUFJ99666712
CATE00PMTN7810952826,CATE,PMTN78109528
FSQY00SMBK0265876572,FSQY,SMBK02658765
DLEA00LQRM6434704794,DLEA,LQRM64347047
BQHE00TQGA2340399164,BQHE,TQGA23403991
QNFM00SKID3947874763,QNFM,SKID39478747
IEHF00UBNZ4969707219,IEHF,UBNZ49697072
WVEM00MBBC9335028367,WVEM,MBBC93350283
PRLA00KADR5434372583,PRLA,KADR54343725
MATN00NXGE0948503773,MATN,NXGE09485037
FXAY00BAEV2820057057,FXAY,BAEV28200570
JFUJ00YXQO3029188849,JFUJ,YXQO30291888
ALTP00QBES8260666208,ALTP,QBES82606662
CACZ00VZMZ1606653879,CACZ,VZMZ16066538
EBJB00NLOG3008185265,EBJB,NLOG30081852
UCIZ00EHAX9794822554,UCIZ,EHAX97948225
HBIM00BFLW9003940286,HBIM,BFLW90039402
IPRH00PGUN3056642017,IPRH,PGUN30566420
EORO00VXVP8613741572,EORO,VXVP86137415
UIWJ00JAMN0183017892,UIWJ,JAMN01830178
ZNJK00XUWJ1075296266,ZNJK,XUWJ10752962
NCBS00NPXF0093417841,NCBS,NPXF00934178
XTVM00PWII8482511354,XTVM,PWII84825113
XXYW00NEPG7690832383,XXYW,NEPG76908323
XLZM00KQBJ3780544386,XLZM,KQBJ37805443
OQMS00FDVT3888364036,OQMS,FDVT38883640
JGYE00TTPC1603077963,JGYE,TTPC16030779
NONX00NXWW7256237867,NONX,NXWW72562378
YOEA00UEOK2134189650,YOEA,UEOK21341896
YPXT00MJEY9172055350,YPXT,MJEY91720553
WWAE00IIRK3243995402,WWAE,IIRK32439954
YPOQ00IJVQ5827777854,YPOQ,IJVQ58277778
ACOA00UFMM2531468073,ACOA,UFMM25314680
IRGE00BJOR4231455570,IRGE,BJOR42314555
FZFQ00STIH4897048503,FZFQ,STIH48970485
PBZR00DZNZ9631327124,PBZR,DZNZ96313271
QXYZ00XVHE5982962543,QXYZ,XVHE59829625
OWYP00NLAO0396283467,OWYP,NLAO03962834
VPWE00AKSD5244677448,VPWE,AKSD52446774
TKJB00BNJP5166690458,TKJB,BNJP51666904
NEVP00DMPQ7721952883,NEVP,DMPQ77219528
GKJM00YVDN5687340374,GKJM,YVDN56873403
SSRF00ZJUV0582958194,SSRF,ZJUV05829581
ZHIV00LCAB8936647735,ZHIV,LCAB89366477
FHTD00NHJS8472640171,FHTD,NHJS84726401
LFJR00YIZD4285908752,LFJR,YIZD42859087
NSNG00KQZP2893899783,NSNG,KQZP28938997
YSJO00VSDJ2610589918,YSJO,VSDJ26105899
CWLN00DVST4973365122,CWLN,DVST49733651
PWLP00TCNU9475069023,PWLP,TCNU94750690
MWGD00AMLK3095153793,MWGD,AMLK30951537
CMBT00QCSA4815436072,CMBT,QCSA48154360
ETPU00TVSX6091588895,ETPU,TVSX60915888
UAVS00OQSO4404260025,UAVS,OQSO44042600
UMLT00PSZE8158559108,UMLT,PSZE81585591
USLG00LXDN9812845488,USLG,LXDN98128454
MDCV00TVGW4274517005,MDCV,TVGW42745170
MVLU00NIVQ6616705365,MVLU,NIVQ66167053
VHAS00UAFL5185801325,VHAS,UAFL51858013
VFTT00DMVQ4477811365,VFTT,DMVQ44778113
GIEG00AAAL6072684196,GIEG,AAAL60726841
LRZV00RSTB0654812760,LRZV,RSTB06548127
PZLK00XZDA3961850203,PZLK,XZDA39618502
NWCW00JGGD1934024319,NWCW,JGGD19340243
RXLQ00IQTM6043835077,RXLQ,IQTM60438350
BJIR00DTVS6918764257,BJIR,DTVS69187642
FRES00GLOD9791427546,FRES,GLOD97914275
RPSX00OHHQ6436806265,RPSX,OHHQ64368062
GRAV00MEAB0067933920,GRAV,MEAB00679339
MEQQ00RPJL9681044994,MEQQ,RPJL96810449
TKWC00GBGS4806330927,TKWC,GBGS48063309
PGZR00SEGR6772423588,PGZR,SEGR67724235
UEJK00SATV9870993897,UEJK,SATV98709938
VWIT00PAYW8081108777,VWIT,PAYW80811087
STUW00WQQI1681327546,STUW,WQQI16813275
TBOO00YNYV6066154621,TBOO,YNYV60661546
DMQE00DTXC9102370621,DMQE,DTXC91023706
WYUX00ZKBK3595167052,WYUX,ZKBK35951670
BHFL00QOXJ7555253306,BHFL,QOXJ75552533
KZWX00IEWJ8272662288,KZWX,IEWJ82726622
JMUI00XQRI2794919039,JMUI,XQRI27949190
LWGQ00LEIC1227946906,LWGQ,LEIC12279469
SLCW00NATK2488030351,SLCW,NATK24880303
IBQC00VKQJ0885471996,IBQC,VKQJ08854719
QBJU00OJRN0473369066,QBJU,OJRN04733690
OGDU00QNGJ3328505531,OGDU,QNGJ33285055
WOOV00RICF0655088128,WOOV,RICF06550881
HTOO00MEWA6842136011,HTOO,MEWA68421360
BLKR00LOSM5578360264,BLKR,LOSM55783602
LXPM00HCSO7202677654,LXPM,HCSO72026776
QUQW00DTRA5289855773,QUQW,DTRA52898557
HMBJ00UXCC8934876220,HMBJ,UXCC89348762
SDKK00BOLW0384666078,SDKK,BOLW03846660
PMRN00QAFX5650993239,PMRN,QAFX56509932
VIYS00QEQV4668091828,VIYS,QEQV46680918
KTQI00KABR9563668478,KTQI,KABR95636684
QCQC00VFUU2085501752,QCQC,VFUU20855017
TMKW00YLAZ2916817010,TMKW,YLAZ29168170
DECV00UXVI3618604917,DECV,UXVI36186049
OZSK00SNDO4419502333,OZSK,SNDO44195023
UORP00BIVD4065598702,UORP,BIVD40655987
QUZM00RUYW4738904114,QUZM,RUYW47389041
FAZK00VRWM7113518885,FAZK,VRWM71135188
GLMC00UGRQ3735508023,GLMC,UGRQ37355080
UURR00CIDL0811671472,UURR,CIDL08116714
UXOD00GZXT8700112547,UXOD,GZXT87001125
FOYU00STLE4456818229,FOYU,STLE44568182
KOXF00UNEP2994181419,KOXF,UNEP29941814
XZWN00OWXH3827102061,XZWN,OWXH38271020
ZXHN00REHU4171257418,ZXHN,REHU41712574
IIDA00YNVU3153183756,IIDA,YNVU31531837
XQGD00TAWN7501200735,XQGD,TAWN75012007
YJOC00CHHN0530157467,YJOC,CHHN05301574
CWUN00UWRR7152343032,CWUN,UWRR71523430
VOYW00JLWL2910280910,VOYW,JLWL29102809
UCAW00WMGY1041176911,UCAW,WMGY10411769
TJHA00JUBI8150034851,TJHA,JUBI81500348
PRSD00TRFS9108933020,PRSD,TRFS91089330
ZKPA00ZSZG4504481402,ZKPA,ZSZG45044814
HMUS00LMWA4831487625,HMUS,LMWA48314876
AGMM00ZGPQ4732678896,AGMM,ZGPQ47326788
NRLG00FRQL8215514423,NRLG,FRQL82155144
CQIF00RBGG6994188545,CQIF,RBGG69941885
RILA00PNYB9247966313,RILA,PNYB92479663
QMNN00EQMB6149516702,QMNN,EQMB61495167
NNJD00NGHN1348402759,NNJD,NGHN13484027
GMJM00DUSF3918727708,GMJM,DUSF39187277
BRSE00WUDE6328919836,BRSE,WUDE63289198
LOMA00VNOW8007106009,LOMA,VNOW80071060
OAMR00APIO5180274152,OAMR,APIO51802741
NQHL00KZNI3483575115,NQHL,KZNI34835751
KBFL00SGQJ9718736598,KBFL,SGQJ97187365
TOLR00OFFG3816412145,TOLR,OFFG38164121
LSYD00FIZC4546053660,LSYD,FIZC45460536
OLXO00KCWI4052896739,OLXO,KCWI40528967
EDKB00UNDO1712432615,EDKB,UNDO17124326
MPKF00QINJ2545698390,MPKF,QINJ25456983
JRMH00JUZG2614926091,JRMH,JUZG26149260
DXOC00YTKI4532163412,DXOC,YTKI45321634
QZSN00OJBV5457592680,QZSN,OJBV54575926
SLSW00POBY2088099463,SLSW,POBY20880994
BMWL00GHOG1916404213,BMWL,GHOG19164042
FJLS00QLAF9238427461,FJLS,QLAF92384274
KUFM00DIYY6394140105,KUFM,DIYY63941401
BIAW00FXFH7887631531,BIAW,FXFH78876315
BRSV00XKWR6315748659,BRSV,XKWR63157486
BIFE00JCEA7988614276,BIFE,JCEA79886142
ACIQ00FTII8953794571,ACIQ,FTII89537945
AAZJ00QSCX9989340329,AAZJ,QSCX99893403
ZLQF00ZFCJ1866111923,ZLQF,ZFCJ18661119
IRBN00GOFO6575478975,IRBN,GOFO65754789
BCCN00JZHI0984928949,BCCN,JZHI09849289
PAMP00YHTC3286188773,PAMP,YHTC32861887
UIHJ00DCAJ1793048609,UIHJ,DCAJ17930486
SFJT00FUUE1480975361,SFJT,FUUE14809753
JMTM00LZFR8121890314,JMTM,LZFR81218903
LIAR00XQVX8163739660,LIAR,XQVX81637396
VMFF00DHFX3011372560,VMFF,DHFX30113725
EFOI00PJYK3061143578,EFOI,PJYK30611435
SQEE00WQSY8856978582,SQEE,WQSY88569785
HXUZ00MDGC7440052437,HXUZ,MDGC74400524
ZNEN00TXYP9146839109,ZNEN,TXYP91468391
YRUI00ECDM1053354881,YRUI,ECDM10533548
TOJW00FXHZ5457852939,TOJW,FXHZ54578529
JEGX00TTJM4003754721,JEGX,TTJM40037547
IYKK00MVJW3598731797,IYKK,MVJW35987317
CNVS00GFMC7928232581,CNVS,GFMC79282325
ZQLC00MHYF0345578585,ZQLC,MHYF03455785
VSXZ00DVPX1532462920,VSXZ,DVPX15324629
PIAA00FGZR3456027258,PIAA,FGZR34560272
LSSD00OYWE1509991353,LSSD,OYWE15099913
HUXK00ZPQM8029690776,HUXK,ZPQM80296907
OPLT00PRBY7622535984,OPLT,PRBY76225359
KGTD00IUVS9557796736,KGTD,IUVS95577967
FEDG00NSDY4969266265,FEDG,NSDY49692662
LMLV00COVM7593789304,LMLV,COVM75937893
YKEE00YQFN6686424394,YKEE,YQFN66864243
MEVV00GCEY2969577367,MEVV,GCEY29695773
NAXK00HQKV7792522095,NAXK,HQKV77925220
GSQM00XRRQ5677315240,GSQM,XRRQ56773152
RVXO00BNJW3217536685,RVXO,BNJW32175366
KCIC00VUSV1143057154,KCIC,VUSV11430571
WOFE00HPHO7189935017,WOFE,HPHO71899350
KHUS00BWTJ7126503050,KHUS,BWTJ71265030
OOMW00FXUW5684493598,OOMW,FXUW56844935
PWPD00JSVF7275481125,PWPD,JSVF72754811
CHKA00KYJI8114681189,CHKA,KYJI81146811
WDJU00PMBG9860894046,WDJU,PMBG98608940
JGWQ00KLXC1601118222,JGWQ,KLXC16011182
PIBO00JIIS0774297049,PIBO,JIIS07742970
VISX00VJJG4126009466,VISX,VJJG41260094
JWEU00INCS8285215192,JWEU,INCS82852151
CEWG00LHMI4171855241,CEWG,LHMI41718552
PONV00DLWY4243463438,PONV,DLWY42434634
BGNI00YCHW1281495463,BGNI,YCHW12814954
MGOV00YJHZ6471509088,MGOV,YJHZ64715090
PGCN00OVYP2481688625,PGCN,OVYP24816886
EXKX00ZZVP6578453566,EXKX,ZZVP65784535
AVGV00NPDF1004982153,AVGV,NPDF10049821
KGUO00OKJN0201034903,KGUO,OKJN02010349
STJA00BHOO2155164372,STJA,BHOO21551643
RYJT00JTHJ7235856234,RYJT,JTHJ72358562
PUBW00ISEW6093539197,PUBW,ISEW60935391
ZQIA00OTPL7476320869,ZQIA,OTPL74763208
NRXC00RTGI7659908591,NRXC,RTGI76599085
COBQ00KHRK0342072452,COBQ,KHRK03420724
UQRA00OHFO3953756506,UQRA,OHFO39537565
HNUE00ZPZE6065086251,HNUE,ZPZE60650862
MQQT00VJXR5468911071,MQQT,VJXR54689110
TGUX00VTHV2873897155,TGUX,VTHV28738971
LXTK00CLJR6270572050,LXTK,CLJR62705720
EKMU00WGCB1170582603,EKMU,WGCB11705826
CCWA00ECVZ5415593222,CCWA,ECVZ54155932
HWQL00VBWV9405878186,HWQL,VBWV94058781
VDTY00HTTU1528062260,VDTY,HTTU15280622
UNTO00EYWG7359783432,UNTO,EYWG73597834
NDWH00EIKP3731189957,NDWH,EIKP37311899
PVKA00NBIG2543297737,PVKA,NBIG25432977
FKSG00ASYA0304199103,FKSG,ASYA03041991
JBBO00AZNE3370603248,JBBO,AZNE33706032
YUUE00GNAY9424674769,YUUE,GNAY94246747
DZLR00LLVO8406906586,DZLR,LLVO84069065
VVKH00ACQQ7438705319,VVKH,ACQQ74387053
QGUF00DCRR6684198888,QGUF,DCRR66841988
QOIC00ULPG1125932918,QOIC,ULPG11259329
YOBT00AHUJ3753397558,YOBT,AHUJ37533975
HVTG00MCOS4880949592,HVTG,MCOS48809495
XNHT00SDPU2645103033,XNHT,SDPU26451030
NITP00IVIP4790030148,NITP,IVIP47900301
VYWU00FZZF5029072734,VYWU,FZZF50290727
MSJT00UJZE8635362623,MSJT,UJZE86353626
QTGT00AUDR6717173487,QTGT,AUDR67171734
VJBE00ZYYQ2330876868,VJBE,ZYYQ23308768
MCHM00SSFQ0648679905,MCHM,SSFQ06486799
QNHK00SSWT0917517194,QNHK,SSWT09175171
QLIV00VAAI2668660117,QLIV,VAAI26686601
BJNY00MYPM1672917741,BJNY,MYPM16729177
CVHT00HRVJ8920947391,CVHT,HRVJ89209473
IOZJ00LFZF0093494531,IOZJ,LFZF00934945
EZTP00RBUS4044104727,EZTP,RBUS40441047
CCXN00KNEM7622005123,CCXN,KNEM76220051
VICW00AVKA7396110351,VICW,AVKA73961103
BAIR00QANV2851264774,BAIR,QANV28512647
MDLO00AWNQ8917100253,MDLO,AWNQ89171002
SCDX00BGIS3165938419,SCDX,BGIS31659384
SATA00SMUK6220842106,SATA,SMUK62208421
GMSU00ZDZR5003394921,GMSU,ZDZR50033949
BSPI00KGCR0225108143,BSPI,KGCR02251081
TKTV00CLMM1226838722,TKTV,CLMM12268387
XSXC00KDGF4680293802,XSXC,KDGF46802938
NHIA00TJQR0052442506,NHIA,TJQR00524425
IBFS00BOPL0755818488,IBFS,BOPL07558184
EYCH00RQHC5782661118,EYCH,RQHC57826611
HLHC00TNVJ6463768654,HLHC,TNVJ64637686
VLDY00GDPX8062586460,VLDY,GDPX80625864
XIRA00WNBP9354540586,XIRA,WNBP93545405
SIKG00MHPI3858570238,SIKG,MHPI38585702
LDUQ00FUFY5781362481,LDUQ,FUFY57813624
KLPK00ILGA6863555644,KLPK,ILGA68635556
JVVU00DJQZ4832459260,JVVU,DJQZ48324592
AJZD00HNDB9718482926,AJZD,HNDB97184829
TEPC00XRLI3896885632,TEPC,XRLI38968856
UNXD00UKXG7420147226,UNXD,UKXG74201472
OIHT00CANC0053263880,OIHT,CANC00532638
ASRV00SQEN9018802653,ASRV,SQEN90188026
HWYO00TXVJ4642087374,HWYO,TXVJ46420873
HWKC00ATKC2250397094,HWKC,ATKC22503970
GEDY00QKHF9230118056,GEDY,QKHF92301180
SQBY00PUKF8213099346,SQBY,PUKF82130993
FFHP00QNGL4387342047,FFHP,QNGL43873420
JCSX00BDEH0208304849,JCSX,BDEH02083048
OZGI00ATXW1081568740,OZGI,ATXW10815687
HQBL00PDOJ7371891436,HQBL,PDOJ73718914
ISOP00GXLV8595363793,ISOP,GXLV85953637
MRTA00JHXR7377121311,MRTA,JHXR73771213
HDBQ00EQXY7399464559,HDBQ,EQXY73994645
ESND00FZFQ3636976549,ESND,FZFQ36369765
TGKG00UEGL7746422473,TGKG,UEGL77464224
VLNU00PBAA6478640783,VLNU,PBAA64786407
LBZE00BWOI1724496871,LBZE,BWOI17244968
JSKM00HZTM8626986924,JSKM,HZTM86269869
PKSD00AZOT9402201175,PKSD,AZOT94022011
QCMQ00EOTL0327143710,QCMQ,EOTL03271437
OMYF00LUBE7747152808,OMYF,LUBE77471528
IERL00XSAG0060283758,IERL,XSAG00602837
RYUZ00EPHQ7876366682,RYUZ,EPHQ78763666
SDJB00XYMP6293164079,SDJB,XYMP62931640
LMRF00DEOS2889563513,LMRF,DEOS28895635
DIXX00POBI7867584130,DIXX,POBI78675841
JBBC00JTKI6018066257,JBBC,JTKI60180662
YMPH00QTBJ5786446261,YMPH,QTBJ57864462
OYUJ00SIDA9991201909,OYUJ,SIDA99912019
YTCO00RZHH6536294544,YTCO,RZHH65362945
WZDM00UVOR9369814589,WZDM,UVOR93698145
DSQI00GXHU0692627703,DSQI,GXHU06926277
YOVM00NJIC4094803553,YOVM,NJIC40948035
KKLP00FPNH4294484418,KKLP,FPNH42944844
QMYN00DUCO2094586728,QMYN,DUCO20945867
ITRC00GBEQ5512824305,ITRC,GBEQ55128243
NVDO00ZCYN9664889318,NVDO,ZCYN96648893
OUFH00ZCOM2386400215,OUFH,ZCOM23864002
DJKW00IWSL5493262959,DJKW,IWSL54932629
NXDY00MXSY8686326866,NXDY,MXSY86863268
BVXU00AFJU6256169124,BVXU,AFJU62561691
FAAC00LKNS8777028076,FAAC,LKNS87770280
DLYZ00IGJW1509856925,DLYZ,IGJW15098569
XSMZ00DHLA4057150065,XSMZ,DHLA40571500
LUCF00ZPPX7184749079,LUCF,ZPPX71847490
ONAD00YIPG3662684950,ONAD,YIPG36626849
YJEW00FCEH8117776043,YJEW,FCEH81177760
PLQH00UKQM2636164409,PLQH,UKQM26361644
BDKV00FZPW7356409112,BDKV,FZPW73564091
WRJD00CXFG8088054942,WRJD,CXFG80880549
LADZ00CRBZ7146264423,LADZ,CRBZ71462644
RSML00XZJC2789089809,RSML,XZJC27890898
BCKI00BMNU5544466306,BCKI,BMNU55444663
BFTR00YWFY8212959540,BFTR,YWFY82129595
ACSL00VVAE0214928966,ACSL,VVAE02149289
YXGX00ORKR6996705218,YXGX,ORKR69967052
XLSD00FTJC8140982529,XLSD,FTJC81409825
ZVBK00VJJF3584144413,ZVBK,VJJF35841444
FIMJ00NFQL4321995188,FIMJ,NFQL43219951
RLOR00EJKR6936465088,RLOR,EJKR69364650
WJSO00MHRV6473598793,WJSO,MHRV64735987
GIFY00DAIV8687939327,GIFY,DAIV86879393
FFQD00BPZZ8542983973,FFQD,BPZZ85429839
KQZD00MVHV1873575204,KQZD,MVHV18735752
LRJJ00DCNZ1001114091,LRJJ,DCNZ10011140
IGHP00PJBB4368675146,IGHP,PJBB43686751
KGPV00AAUO9488240564,KGPV,AAUO94882405
TEKL00JMUS6060195589,TEKL,JMUS60601955
ZPBO00CUYQ0655123438,ZPBO,CUYQ06551234
GXHI00AWDT1681078213,GXHI,AWDT16810782
XBYP00KDRB4488849893,XBYP,KDRB44888498
LROI00JBXO1573179698,LROI,JBXO15731796
LGZC00OOQY5454074469,LGZC,OOQY54540744
GNNF00YGYO4332000384,GNNF,YGYO43320003
EBJV00MIHV2112161176,EBJV,MIHV21121611
BNUH00YZSU6908991718,BNUH,YZSU69089917
KRFD00BZGB4663494233,KRFD,BZGB46634942
EGKZ00ZMMV0933504941,EGKZ,ZMMV09335049
BRLH00BFKC4837691943,BRLH,BFKC48376919
NJHC00ZKMQ2863498373,NJHC,ZKMQ28634983
LGRD00QNBZ8047199797,LGRD,QNBZ80471997
GYHC00YDLJ9762843675,GYHC,YDLJ97628436
JNHL00BTZC0988112130,JNHL,BTZC09881121
AFJV00BDTI2213925460,AFJV,BDTI22139254
XTXJ00LQVS2878967419,XTXJ,LQVS28789674
IWER00WPIZ3583685711,IWER,WPIZ35836857
DROQ00CNIN8905474755,DROQ,CNIN89054747
NNJT00YDHI2681604524,NNJT,YDHI26816045
MQMR00BTJU2131388766,MQMR,BTJU21313887
RIPV00NHPP4135431379,RIPV,NHPP41354313
UKIX00NMVK0692854285,UKIX,NMVK06928542
PFKU00JUTU5671797779,PFKU,JUTU56717977
TYCL00TSBB2825175876,TYCL,TSBB28251758
PDBV00LQQY7559264960,PDBV,LQQY75592649
YXHX00ZXCI5353164485,YXHX,ZXCI53531644
ZSGJ00HTVD8793190310,ZSGJ,HTVD87931903
HZQQ00BJFS5094382378,HZQQ,BJFS50943823
BCCS00AYXF8887081363,BCCS,AYXF88870813
VWAD00KJLT2518113439,VWAD,KJLT25181134
LBGL00KJQE7263956087,LBGL,KJQE72639560
YOHH00JGAX0031088762,YOHH,JGAX00310887
RHQC00RXEE9304483851,RHQC,RXEE93044838
JMEB00AAJG2131185381,JMEB,AAJG21311853
ROIR00LEWB0295606311,ROIR,LEWB02956063
LNDD00GDGV8827633327,LNDD,GDGV88276333
UVPV00WYJJ9493088161,UVPV,WYJJ94930881
HUHI00PSZC1603870660,HUHI,PSZC16038706
EHGM00BEOT8147563695,EHGM,BEOT81475636
CCMO00DOCY9597697726,CCMO,DOCY95976977
WAUH00HIYD2960500405,WAUH,HIYD29605004
STNQ00CQOP4150583272,STNQ,CQOP41505832
WRIV00SBCV6327452511,WRIV,SBCV63274525
YTDI00DFTK1694649487,YTDI,DFTK16946494
YSBL00QJRH5598903472,YSBL,QJRH55989034
FCDD00CAKF1186278939,FCDD,CAKF11862789
RZZD00EQVV4962982081,RZZD,EQVV49629820
FYUA00HCZG2662544961,FYUA,HCZG26625449
UGUF00ATZF7531641162,UGUF,ATZF75316411
YBVV00GMMN3543450266,YBVV,GMMN35434502
SUIE00UHXU1976548636,SUIE,UHXU19765486
TMWZ00RWUC2648411455,TMWZ,RWUC26484114
XWVD00FCSG0995564960,XWVD,FCSG09955649
JLWB00UKSV0866172362,JLWB,UKSV08661723
AAXP00LMFG5639681996,AAXP,LMFG56396819
JCLC00RHLO6227626177,JCLC,RHLO62276261
NMVG00IIMH7949420858,NMVG,IIMH79494208
RKIX00WJGV9936258021,RKIX,WJGV99362580
MUAV00FRHC6499203478,MUAV,FRHC64992034
QJFI00OVZZ4450781232,QJFI,OVZZ44507812
FSPN00RTPK4102813629,FSPN,RTPK41028136
BWGV00FRUS1809114636,BWGV,FRUS18091146
JGLJ00HMJU9189911534,JGLJ,HMJU91899115
XCND00FXJS2650136022,XCND,FXJS26501360
SNCG00PRWT4346421519,SNCG,PRWT43464215
KVRC00PTBF3982796583,KVRC,PTBF39827965
ZJEC00CCFU5193420292,ZJEC,CCFU51934202
JAWB00XWKC8471930116,JAWB,XWKC84719301
UUTI00FFIT0250027248,UUTI,FFIT02500272
QNCG00WBTS3018638761,QNCG,WBTS30186387
ZLOC00ARHD8044473345,ZLOC,ARHD80444733
KAEL00CQMM3232207824,KAEL,CQMM32322078
XQXN00HKAU3592873253,XQXN,HKAU35928732
MJXE00QEUN1825816149,MJXE,QEUN18258161
FODC00OSPG3486529556,FODC,OSPG34865295
CNQH00PTOS6596256037,CNQH,PTOS65962560
HKCG00AXLL2561505784,HKCG,AXLL25615057
OWUW00WHHQ0789939593,OWUW,WHHQ07899395
KURQ00ZUDD5792737167,KURQ,ZUDD57927371
IELQ00XXGJ2560799562,IELQ,XXGJ25607995
LKTV00GGAE9439463804,LKTV,GGAE94394638
KJVQ00BGJP5041805392,KJVQ,BGJP50418053
CPQV00TSQM9936856391,CPQV,TSQM99368563
QNQE00AZAI4762665460,QNQE,AZAI47626654
XZKK00NRLC1311866786,XZKK,NRLC13118667
BQHX00EQTM8363034252,BQHX,EQTM83630342
QCKU00IWOP4757100064,QCKU,IWOP47571000
PJMT00VRBP7199671543,PJMT,VRBP71996715
YRXV00YAOW9276303680,YRXV,YAOW92763036
QSUQ00RJRL2454805635,QSUQ,RJRL24548056
OZRE00NCRH3442881627,OZRE,NCRH34428816
BLXB00XSSN2881933635,BLXB,XSSN28819336
YWZO00HPNC8892599148,YWZO,HPNC88925991
OOYL00DFSN2682177619,OOYL,DFSN26821776
CYDJ00WJLR8410479860,CYDJ,WJLR84104798
EJDU00FCMR9501682704,EJDU,FCMR95016827
AXSJ00SWLL8216037737,AXSJ,SWLL82160377
JPSO00ALAZ6776639087,JPSO,ALAZ67766390
WVBI00ZODK1347204884,WVBI,ZODK13472048
EBHG00MERB1820754837,EBHG,MERB18207548
RADW00ESLW1448233472,RADW,ESLW14482334
TIJZ00EDLE0925354745,TIJZ,EDLE09253547
POOL00LCLD1553765604,POOL,LCLD15537656
SHRV00NDRN6097801044,SHRV,NDRN60978010
VOUK00ETEU1026218154,VOUK,ETEU10262181
PXZO00BOWV5188734197,PXZO,BOWV51887341
EOVW00QXCG2052565104,EOVW,QXCG20525651
YYTE00MFZZ8051058478,YYTE,MFZZ80510584
MZRI00GMFO2942170080,MZRI,GMFO29421700
YOOY00WFNI3665988727,YOOY,WFNI36659887
UKWP00PSDS5059850942,UKWP,PSDS50598509
AGUT00RHAO9004380511,AGUT,RHAO90043805
TSHP00WIRD3708000291,TSHP,WIRD37080002
DFOE00CIVH4022942737,DFOE,CIVH40229427
BMRB00TPIJ1451307421,BMRB,TPIJ14513074
GPLQ00FZXA8031667688,GPLQ,FZXA80316676
SOHP00XIJE5459832066,SOHP,XIJE54598320
NDWQ00WFSG4424189655,NDWQ,WFSG44241896
DTJH00QTKZ5728371985,DTJH,QTKZ57283719
KCKR00OFBP5159269953,KCKR,OFBP51592699
TQKG00USPU1649141710,TQKG,USPU16491417
OALH00ZAFG9598901047,OALH,ZAFG95989010
LYFI00FHIV0632356268,LYFI,FHIV06323562
LGOT00JSYF8050183102,LGOT,JSYF80501831
MSVD00KLHK4109620285,MSVD,KLHK41096202
IGXR00PJZW8087213446,IGXR,PJZW80872134
DOAT00JJSM4514410150,DOAT,JJSM45144101
VPMZ00CSOB8008473829,VPMZ,CSOB80084738
VQPP00BVZB3957405629,VQPP,BVZB39574056
RRTC00RALF9203415666,RRTC,RALF92034156
XOLG00OGPK4911755572,XOLG,OGPK49117555
HPVY00XMYO7369050415,HPVY,XMYO73690504
CKSS00RCXN4221441841,CKSS,RCXN42214418
ZPME00XRTL5628914936,ZPME,XRTL56289149
HMOY00ZXMT9545180570,HMOY,ZXMT95451805
ATGI00CDRS2126746232,ATGI,CDRS21267462
GXQL00KIGE0011287884,GXQL,KIGE00112878
GKPB00OXIT3479225722,GKPB,OXIT34792257
KHSN00XYMY7593464266,KHSN,XYMY75934642
DBWO00SEUQ4069711717,DBWO,SEUQ40697117
KAQL00YEQF1692316322,KAQL,YEQF16923163
FIQT00QGBZ1607094454,FIQT,QGBZ16070944
NUDG00YBCE0224017530,NUDG,YBCE02240175
FGPL00UVLE7526480414,FGPL,UVLE75264804
GEKO00FPCB1064644342,GEKO,FPCB10646443
XEJH00CGXZ1821182357,XEJH,CGXZ18211823
XGXA00KAIM5417953180,XGXA,KAIM54179531
LUHM00LWRH3446947550,LUHM,LWRH34469475
BLKD00UBRX3781118932,BLKD,UBRX37811189
FIAK00HOXI4424940916,FIAK,HOXI44249409
RMLY00SRMP1592486030,RMLY,SRMP15924860
ZREJ00ZCMU6833693613,ZREJ,ZCMU68336936
ZMHM00VIWY5487852266,ZMHM,VIWY54878522
KUUF00JMLE2060994535,KUUF,JMLE20609945
WURP00PKZT8121677034,WURP,PKZT81216770
FFWO00AXQN2036989705,FFWO,AXQN20369897
WEEW00PNKG6723635445,WEEW,PNKG67236354
GRRJ00MPZA0701340356,GRRJ,MPZA07013403
QRWU00KJYT9736585845,QRWU,KJYT97365858
ZMCU00RXJG5462412214,ZMCU,RXJG54624122
RXSU00WXJY8899567894,RXSU,WXJY88995678
QLTV00NZKQ1925558193,QLTV,NZKQ19255581
ADWF00TNES7133128844,ADWF,TNES71331288
CREV00PUZJ1678353689,CREV,PUZJ16783536
IBYJ00JHRT7460046094,IBYJ,JHRT74600460
PQDW00FHEH3030714541,PQDW,FHEH30307145
WVEL00GCRE9821001062,WVEL,GCRE98210010
YILJ00PMID3099981549,YILJ,PMID30999815
ELMN00XSSI5209081817,ELMN,XSSI52090818
YWKW00WNFI3743622396,YWKW,WNFI37436223
BFUA00LKJO8126109852,BFUA,LKJO81261098
LOXD00HTRF1589465886,LOXD,HTRF15894658
LVFC00CKGK7722695690,LVFC,CKGK77226956
CZGZ00ELZS6363634370,CZGZ,ELZS63636343
NMHU00FUHD9365752587,NMHU,FUHD93657525
WXEU00SURO6769118204,WXEU,SURO67691182
HORE00JGZJ9230604196,HORE,JGZJ92306041
MOXX00NZMS1208955307,MOXX,NZMS12089553
WHXD00QMCC0326983650,WHXD,QMCC03269836
ROGB00GHJL3334366513,ROGB,GHJL33343665
TXVU00IVLG3187743428,TXVU,IVLG31877434
EPXN00IVBA7027106046,EPXN,IVBA70271060
PCGU00PWTK5328987021,PCGU,PWTK53289870
VQMI00FCUE8207467994,VQMI,FCUE82074679
VYBX00GFIZ5157978275,VYBX,GFIZ51579782
MPDQ00EUYR7108548507,MPDQ,EUYR71085485
MODF00JSPL7055799773,MODF,JSPL70557997
GDIX00AEGT5083125962,GDIX,AEGT50831259
JEEC00MMGV5970731936,JEEC,MMGV59707319
XECK00LDLA0743770498,XECK,LDLA07437704
OOAE00GQJP1515557082,OOAE,GQJP15155570
INRW00GQDV6493943161,INRW,GQDV64939431
JNKM00XABA7062456720,JNKM,XABA70624567
BJMC00KCAF5564783594,BJMC,KCAF55647835
KBWN00APQV8553588083,KBWN,APQV85535880
LGCJ00OGOR0427613776,LGCJ,OGOR04276137
YKXU00SMCQ3506365056,YKXU,SMCQ35063650
EDDY00QWVO3831906948,EDDY,QWVO38319069
GSMZ00AUVV4398732896,GSMZ,AUVV43987328
EZKQ00GDQA1098405493,EZKQ,GDQA10984054
QIAJ00QHAN7850309544,QIAJ,QHAN78503095
GICF00SEOA6396594251,GICF,SEOA63965942
CLJT00DGYK1102415431,CLJT,DGYK11024154
VFTF00NZEP3907952691,VFTF,NZEP39079526
PVYS00CZXL4848569716,PVYS,CZXL48485697
VEJD00YKAL0403193418,VEJD,YKAL04031934
ZXDJ00YCIP2696579675,ZXDJ,YCIP26965796
CZOS00FSFZ7112395171,CZOS,FSFZ71123951
BFGF00MQCU2437315011,BFGF,MQCU24373150
MNKP00TNJG9747130578,MNKP,TNJG97471305
CROP00ZEWI9562074118,CROP,ZEWI95620741
APHJ00VRTC2924241368,APHJ,VRTC29242413
RMEE00XSQP3431197471,RMEE,XSQP34311974
BLBW00BWBE4969620214,BLBW,BWBE49696202
DURF00FQIW2813321766,DURF,FQIW28133217
HUML00UMEI3864822837,HUML,UMEI38648228
YRQN00OHMJ2790214961,YRQN,OHMJ27902149
PPUG00PJIB9295319077,PPUG,PJIB92953190
LOCN00MGDB5193103092,LOCN,MGDB51931030
CFVO00KCAX5144328590,CFVO,KCAX51443285
IJTY00WUOH4473041093,IJTY,WUOH44730410
HTVP00XGIB0927003943,HTVP,XGIB09270039
UBOP00ABWL2857435061,UBOP,ABWL28574350
XDYE00LVQS2223137297,XDYE,LVQS22231372
QCAU00IHCS3063394068,QCAU,IHCS30633940
DOEZ00SBWW7606194742,DOEZ,SBWW76061947
YLZP00BEOB8805220538,YLZP,BEOB88052205
JMER00NGLI0931746269,JMER,NGLI09317462
NZWZ00UUFW7879516469,NZWZ,UUFW78795164
GKKT00BDVM9081389894,GKKT,BDVM90813898
LWLX00BLIC4207509875,LWLX,BLIC42075098
EZKQ00AYBU5087364816,EZKQ,AYBU50873648
PPKQ00BDIJ4358736318,PPKQ,BDIJ43587363
DEMG00HROE3929451498,DEMG,HROE39294514
UUOF00IKML9234534381,UUOF,IKML92345343
SBSC00MMCA8870969808,SBSC,MMCA88709698
SMPW00NDDU7200958335,SMPW,NDDU72009583
JXHG00GAXH8404911553,JXHG,GAXH84049115
KBZF00TRVI8189174797,KBZF,TRVI81891747
SHJQ00VTHV7694761813,SHJQ,VTHV76947618
LUMJ00FFQD2577516338,LUMJ,FFQD25775163
CEOH00QHGR1250244017,CEOH,QHGR12502440
DQWD00WVBW4364550259,DQWD,WVBW43645502
OARH00NHVF8082934564,OARH,NHVF80829345
RJZG00XRTK6428896231,RJZG,XRTK64288962
FFXS00FMJC3235818012,FFXS,FMJC32358180
UBQP00MZNX3532105590,UBQP,MZNX35321055
XAML00BIGY0087885295,XAML,BIGY00878852
HIWJ00OJLE2358013303,HIWJ,OJLE23580133
WASA00YRQL5913583448,WASA,YRQL59135834
IHQA00XURN8972554210,IHQA,XURN89725542
KHEM00JWLH8484380603,KHEM,JWLH84843806
SVFH00PVNE9601468815,SVFH,PVNE96014688
BALD00ZUBK2979271486,BALD,ZUBK29792714
XJFO00CXSL9078672330,XJFO,CXSL90786723
LYEL00BEWR9932899307,LYEL,BEWR99328993
DBJD00OLCS1845520693,DBJD,OLCS18455206
LURH00HBIU6835793898,LURH,HBIU68357938
ZSND00FVSR9283326690,ZSND,FVSR92833266
DEPU00ODJP8853079531,DEPU,ODJP88530795
IALR00SIBH1404525352,IALR,SIBH14045253
DVWN00MCUT1789887223,DVWN,MCUT17898872
YWVM00VIVL3664709239,YWVM,VIVL36647092
TNLX00PXHY2432988024,TNLX,PXHY24329880
YYIN00VAHO2003548361,YYIN,VAHO20035483
RTBR00ANPO1178845155,RTBR,ANPO11788451
LJXH00DUVJ6017034842,LJXH,DUVJ60170348
XTFV00UCVV7332812822,XTFV,UCVV73328128
OWCF00IMXN1522665363,OWCF,IMXN15226653
KXWI00KNMA0260619558,KXWI,KNMA02606195
ZAMD00FRBW7522213760,ZAMD,FRBW75222137
MQHO00BZKT9330958681,MQHO,BZKT93309586
ADJZ00VJRW4056351844,ADJZ,VJRW40563518
GGIW00ORJH8356356808,GGIW,ORJH83563568
PTWC00EUUY5636935134,PTWC,EUUY56369351
YRFV00TQWO6274268044,YRFV,TQWO62742680
PDUD00HZVQ7766194648,PDUD,HZVQ77661946
KWHV00JZUL8652627448,KWHV,JZUL86526274
GTZQ00TEKK1361385231,GTZQ,TEKK13613852
HYJC00BHPS4546926411,HYJC,BHPS45469264
GBBW00DHFO8940133915,GBBW,DHFO89401339
ADMH00FQNA9390497502,ADMH,FQNA93904975
TFPK00SLDZ3782994073,TFPK,SLDZ37829940
EPRC00TGMP7169217908,EPRC,TGMP71692179
MBSN00BXOW8609161896,MBSN,BXOW86091618
MRPL00ICWP3600631917,MRPL,ICWP36006319
PSCA00MUHT2546219337,PSCA,MUHT25462193
QBDF00AWNG4340199694,QBDF,AWNG43401996
DWRS00TSZN0910431969,DWRS,TSZN09104319
XFCA00IRAU5499947887,XFCA,IRAU54999478
BJOQ00SMLS5662643609,BJOQ,SMLS56626436
EAPV00NDBO5402798289,EAPV,NDBO54027982
KHGS00XRVL2511326202,KHGS,XRVL25113262
EXJG00QMXW2910414798,EXJG,QMXW29104147
GKVV00TFNU2254978339,GKVV,TFNU22549783
QUZG00OEWG5216815673,QUZG,OEWG52168156
GGUW00YQKW0471174910,GGUW,YQKW04711749
PBNU00NCRV1953557707,PBNU,NCRV19535577
IFXT00DSPN1787932054,IFXT,DSPN17879320
XBPT00TYIX5458494835,XBPT,TYIX54584948
MFPQ00FRDD1026042309,MFPQ,FRDD10260423
PPWM00ENJY4327812470,PPWM,ENJY43278124
UZSR00TWAK5233435233,UZSR,TWAK52334352
VECQ00NPVG9738890520,VECQ,NPVG97388905
QOWX00RKZW8114781251,QOWX,RKZW81147812
TJWU00GIWT4257506736,TJWU,GIWT42575067
JISB00RNPO8291928182,JISB,RNPO82919281
QQDR00ZMQR7922766727,QQDR,ZMQR79227667
CSZW00RIEJ0221641364,CSZW,RIEJ02216413
VUTJ00YZRU9172352321,VUTJ,YZRU91723523
XZLE00XFWF8889636110,XZLE,XFWF88896361
RTKI00REDZ1218386248,RTKI,REDZ12183862
NVGF00CZOB4047781051,NVGF,CZOB40477810
HLRY00BQWA0331717788,HLRY,BQWA03317177
LTIW00WEWA6702374808,LTIW,WEWA67023748
AWKO00KYJC6433273250,AWKO,KYJC64332732
GPFZ00XREI4620545453,GPFZ,XREI46205454
YROX00XVYN5930214123,YROX,XVYN59302141
IMDV00IHLN1129937124,IMDV,IHLN11299371
XWZL00FZJH1779640357,XWZL,FZJH17796403
LOUV00LGZM6557459122,LOUV,LGZM65574591
YHJD00PZYC3137685251,YHJD,PZYC31376852
FTUB00KINE4373514683,FTUB,KINE43735146
NZWX00EGDJ4481107402,NZWX,EGDJ44811074
GMBH00ZGOT8349158030,GMBH,ZGOT83491580
DDNL00RCJS7537013424,DDNL,RCJS75370134
OUZS00QYVU5363883857,OUZS,QYVU53638838
JNLT00VMTA2242534763,JNLT,VMTA22425347
WXNX00HJPE2418097315,WXNX,HJPE24180973
CTDE00KJXR6248246081,CTDE,KJXR62482460
USQJ00JYPV2143061595,USQJ,JYPV21430615
NGQF00MCMV6866716493,NGQF,MCMV68667164
DBBK00DUGY9336972489,DBBK,DUGY93369724
NMJO00HZDZ0637167229,NMJO,HZDZ06371672
GJEZ00PFWK0191022050,GJEZ,PFWK01910220
CPRY00WHKM4724161816,CPRY,WHKM47241618
MRPX00MSRE9357032005,MRPX,MSRE93570320
WAKC00MBVA0190872115,WAKC,MBVA01908721
GYZH00TOYI7875514926,GYZH,TOYI78755149
IMAA00PMUU4879887982,IMAA,PMUU48798879
IXTZ00PSWE7896875447,IXTZ,PSWE78968754
KRTP00RVFF6801868721,KRTP,RVFF68018687
SXLG00AAWL6108879884,SXLG,AAWL61088798
KAUK00JRYM5404988077,KAUK,JRYM54049880
VMGF00BNFK0250032171,VMGF,BNFK02500321
JMIK00YVYD6093071536,JMIK,YVYD60930715
WTJI00GUSI3385391546,WTJI,GUSI33853915
IAQU00DMDR7737153743,IAQU,DMDR77371537
ZFLP00QZPF3878098974,ZFLP,QZPF38780989
TJGQ00MLKU4808674640,TJGQ,MLKU48086746
NHRI00NAFE1176441806,NHRI,NAFE11764418
VQYA00MWOL2532580293,VQYA,MWOL25325802
ZMFL00YFCB5626654893,ZMFL,YFCB56266548
QQXA00WBGY6978446040,QQXA,WBGY69784460
JQZF00HMKZ0465980885,JQZF,HMKZ04659808
JLFU00RKNX3471310244,JLFU,RKNX34713102
JDVM00ONJL2025992928,JDVM,ONJL20259929
HIUD00YREW3075757604,HIUD,YREW30757576
WAVN00FAZE4502560025,WAVN,FAZE45025600
SGEU00SRYZ0690242945,SGEU,SRYZ06902429
GKPD00QDOT9924040557,GKPD,QDOT99240405
INDE00SFCV1479859029,INDE,SFCV14798590
GVXX00WEDO0593066018,GVXX,WEDO05930660
CWEM00YRVC0728311186,CWEM,YRVC07283111
TAGD00NGKF8239992935,TAGD,NGKF82399929
NCLN00KXPT2012588525,NCLN,KXPT20125885
YKHX00BGKE6500347457,YKHX,BGKE65003474
IRXG00KSPA3235833361,IRXG,KSPA32358333
FRBI00DNUT0629545517,FRBI,DNUT06295455
UHBD00AQGR0396519915,UHBD,AQGR03965199
PDVB00XLDJ2517309840,PDVB,XLDJ25173098
YKZR00VOZV1437613595,YKZR,VOZV14376135
AEPQ00IYSW2356817565,AEPQ,IYSW23568175
VCWB00ZHDS0285152335,VCWB,ZHDS02851523
URMS00TBVM5546044662,URMS,TBVM55460446
GQGD00OVZY5027235819,GQGD,OVZY50272358
MYWS00AGTL1488305016,MYWS,AGTL14883050
RWAI00OMVB1714483111,RWAI,OMVB17144831
BLIZ00NFZX2720160686,BLIZ,NFZX27201606
ONIF00NMXS7674410086,ONIF,NMXS76744100
AVKP00OBYZ5728998026,AVKP,OBYZ57289980
QQAY00WBLZ6898089279,QQAY,WBLZ68980892
LHJP00JFCA8735940073,LHJP,JFCA87359400
QBFG00PAVM4710876465,QBFG,PAVM47108764
IGXV00PDKV6186135133,IGXV,PDKV61861351
FCZO00FMLT5717285320,FCZO,FMLT57172853
KLLK00SRSI8469520540,KLLK,SRSI84695205
CBRY00UDAY1195977749,CBRY,UDAY11959777
CNUQ00KWRS8044381376,CNUQ,KWRS80443813
BYAQ00OCWC0330209884,BYAQ,OCWC03302098
EJZA00JMLT0888015470,EJZA,JMLT08880154
IRAH00SGTT7034024236,IRAH,SGTT70340242
NURH00NLYB8878486092,NURH,NLYB88784860
KSJZ00BKHY8077504458,KSJZ,BKHY80775044
MKYS00RBTS9272650138,MKYS,RBTS92726501
OJWP00MAYE5656956722,OJWP,MAYE56569567
ROZB00MXXL2107662930,ROZB,MXXL21076629
ZXEI00OJZV8724199665,ZXEI,OJZV87241996
TCNP00FFZC6117903959,TCNP,FFZC61179039
PLLV00OHUV9277601015,PLLV,OHUV92776010
CIAM00PRHG6107087558,CIAM,PRHG61070875
KCDM00PKDW2599003611,KCDM,PKDW25990036
ROYE00HVJZ1587880906,ROYE,HVJZ15878809
NZNA00SVZY1723663625,NZNA,SVZY17236636
KYWJ00ZKFA8100965253,KYWJ,ZKFA81009652
IZAT00MYCS1560012668,IZAT,MYCS15600126
ISKR00LEDK6642802719,ISKR,LEDK66428027
VMIX00SWKJ7886762930,VMIX,SWKJ78867629
TVCN00HKAG1879394142,TVCN,HKAG18793941
OFEI00WZNL7850333728,OFEI,WZNL78503337
LHQK00NEHI4273972503,LHQK,NEHI42739725
PUOF00FLQN4643994239,PUOF,FLQN46439942
ZZFH00WDJQ2346533462,ZZFH,WDJQ23465334
MISP00OEZQ6628694031,MISP,OEZQ66286940
LSVR00UPRR2123849527,LSVR,UPRR21238495
HQCO00PYWM3153608725,HQCO,PYWM31536087
DARJ00WOYK7741083707,DARJ,WOYK77410837
FBNF00WNAA3235286131,FBNF,WNAA32352861
DPUL00TSIS2365412292,DPUL,TSIS23654122
DPNA00FJSZ3290655062,DPNA,FJSZ32906550
YNYW00MBZH2869294320,YNYW,MBZH28692943
DNQI00QJQP6367670419,DNQI,QJQP63676704
PQCX00JFYA5601256374,PQCX,JFYA56012563
EJYA00GNWF2501591364,EJYA,GNWF25015913
IBFR00EBBI0008577695,IBFR,EBBI00085776
VDNS00GVUJ2618734688,VDNS,GVUJ26187346
IYHW00AZPC3588155425,IYHW,AZPC35881554
DWRV00HYBA8616456423,DWRV,HYBA86164564
HWTV00MPQI8696682907,HWTV,MPQI86966829
TVJL00UGHP6502258692,TVJL,UGHP65022586
CHEO00ZAWS2169631484,CHEO,ZAWS21696314
XLJK00YMAV5563259111,XLJK,YMAV55632591
SKIL00FBYM2149481871,SKIL,FBYM21494818
EXDV00VNDE9820220072,EXDV,VNDE98202200
YKEU00SDEM3831689651,YKEU,SDEM38316896
MFXE00DKXG6538609563,MFXE,DKXG65386095
CRVT00IIGG3037699512,CRVT,IIGG30376995
ISIM00KKZV9773321427,ISIM,KKZV97733214
GNFM00DFCK5754560783,GNFM,DFCK57545607
AXPC00NLVP0824435014,AXPC,NLVP08244350
UHGN00ACQX1641048990,UHGN,ACQX16410489
HAPM00HEIT2386647791,HAPM,HEIT23866477
JONY00DDAA1260784878,JONY,DDAA12607848
IBPD00BKSS1328661961,IBPD,BKSS13286619
KMEI00ENMZ5350130343,KMEI,ENMZ53501303
GYIH00BWZY2609264638,GYIH,BWZY26092646
YDIA00JMUI9816919843,YDIA,JMUI98169198
QKYE00MMLD3968592182,QKYE,MMLD39685921
AAMP00IITB6978748202,AAMP,IITB69787482
FBUA00VOBP6634690412,FBUA,VOBP66346904
LOGJ00FBZF7444281306,LOGJ,FBZF74442813
RLWI00ZETF3980378879,RLWI,ZETF39803788
ZKPG00UNIR6836954229,ZKPG,UNIR68369542
KHPF00IILA8963842122,KHPF,IILA89638421
RHRF00TSGA5798249094,RHRF,TSGA57982490
WMMK00CZTP2567206819,WMMK,CZTP25672068
OSAJ00UOBU0198702434,OSAJ,UOBU01987024
OMZE00QIDU0010305228,OMZE,QIDU00103052
IFPI00KZXE6796108835,IFPI,KZXE67961088
ECBT00HKHZ0989797444,ECBT,HKHZ09897974
VTIU00IAAT4965726305,VTIU,IAAT49657263
CNAB00ENUI7961071927,CNAB,ENUI79610719
ERLR00VMBR9537937229,ERLR,VMBR95379372
FCYJ00PISX5559735125,FCYJ,PISX55597351
MFLJ00WIQT1690179733,MFLJ,WIQT16901797
DQKT00BYMN0329904392,DQKT,BYMN03299043
PXSI00AVXA3731899755,PXSI,AVXA37318997
FQVG00QJGM1539104211,FQVG,QJGM15391042
FDBU00KZMB2769833928,FDBU,KZMB27698339
WSPZ00ATNJ5737184277,WSPZ,ATNJ57371842
LZHN00MHJN1985969346,LZHN,MHJN19859693
OTBG00LKCM2125708769,OTBG,LKCM21257087
FOUA00TXRZ0547616336,FOUA,TXRZ05476163
GKCA00FUEW6677410592,GKCA,FUEW66774105
IDTD00VFQB8658618668,IDTD,VFQB86586186
LXXC00USLL0221775013,LXXC,USLL02217750
ITHV00NWHV9390053234,ITHV,NWHV93900532
OFHD00SLOW8677472625,OFHD,SLOW86774726
XGXA00JNAD5711741562,XGXA,JNAD57117415
VNQS00YNIY6537698615,VNQS,YNIY65376986
FLLT00MFLA4317560366,FLLT,MFLA43175603
RNKS00IABZ9730225496,RNKS,IABZ97302254
DTZU00XWFI6817188172,DTZU,XWFI68171881
TNZA00YLJZ0457433253,TNZA,YLJZ04574332
SQSX00GGIB7925530122,SQSX,GGIB79255301
CLFF00KTZG2350285268,CLFF,KTZG23502852
NAZT00VCIS5536348457,NAZT,VCIS55363484
TGWH00OLCF1290109967,TGWH,OLCF12901099
QBQD00SNHF4468626740,QBQD,SNHF44686267
RYTO00BFGN3205710171,RYTO,BFGN32057101
EHUP00SYHC8872036959,EHUP,SYHC88720369
BLVV00QLOF0216682567,BLVV,QLOF02166825
UZRM00LAPD7581403261,UZRM,LAPD75814032
SUVG00ARMH4383373232,SUVG,ARMH43833732
WJJS00DWZU4665018976,WJJS,DWZU46650189
SQWZ00YCNL7674387181,SQWZ,YCNL76743871
AKTN00MVHF7875408585,AKTN,MVHF78754085
FDYN00PODA7301863689,FDYN,PODA73018636
NSOK00CNPL3609079004,NSOK,CNPL36090790
GQQO00XZXO3279964468,GQQO,XZXO32799644
ZZVX00FYVS9038866784,ZZVX,FYVS90388667
XRMD00ZTJH5246778164,XRMD,ZTJH52467781
CUCQ00JZNA7685503626,CUCQ,JZNA76855036
SYSV00IVTA1115792046,SYSV,IVTA11157920
IDML00WIBT5912566433,IDML,WIBT59125664
JNPB00CVSY5019075871,JNPB,CVSY50190758
MVKZ00MKNW4712435231,MVKZ,MKNW47124352
OLFE00YIVB6094222356,OLFE,YIVB60942223
PBRF00DTRI1067717616,PBRF,DTRI10677176
HMJB00VZPB1761393707,HMJB,VZPB17613937
QILY00IZJA2017684517,QILY,IZJA20176845
ECXM00AHPD5143336639,ECXM,AHPD51433366
STKZ00HCWX5282461265,STKZ,HCWX52824612
FVVY00AWZG6151456631,FVVY,AWZG61514566
OQQH00ZAHB7416850044,OQQH,ZAHB74168500
ZJVG00GUTP2663232476,ZJVG,GUTP26632324
HUBF00LGWE5295244116,HUBF,LGWE52952441
BXTO00OMVG7500846072,BXTO,OMVG75008460
CONJ00XYBJ0413376408,CONJ,XYBJ04133764
ABYO00NWAL7156282334,ABYO,NWAL71562823
ZVMV00DDRP9891842807,ZVMV,DDRP98918428
GECI00HMUK8559866169,GECI,HMUK85598661
MMWS00GEZK9729793805,MMWS,GEZK97297938
TGUR00TIQG3850354129,TGUR,TIQG38503541
DSHG00YYPY5449087560,DSHG,YYPY54490875
URHX00RYJJ7180167863,URHX,RYJJ71801678
PVGI00AVZB7168902705,PVGI,AVZB71689027
OFDY00GHTM3866146773,OFDY,GHTM38661467
RHDO00ETGT6608859788,RHDO,ETGT66088597
ETJH00DODB7245208462,ETJH,DODB72452084
DTXP00TSIK2189608635,DTXP,TSIK21896086
SYVJ00ENIT1508191118,SYVJ,ENIT15081911
NGUR00ZQWU3895621948,NGUR,ZQWU38956219
WOEO00IUWI9676395639,WOEO,IUWI96763956
XVGL00HMTK1171189313,XVGL,HMTK11711893
HFTZ00JZJS5920322925,HFTZ,JZJS59203229
NNQB00GSYY6616757580,NNQB,GSYY66167575
ZEZN00ANMG0256717706,ZEZN,ANMG02567177
QWSP00RSPX2051353072,QWSP,RSPX20513530
QNSM00ENNH2159951398,QNSM,ENNH21599513
OGHJ00TGDA9255162002,OGHJ,TGDA92551620
EXMM00IZXT4751318651,EXMM,IZXT47513186
BUPT00BPNZ6913006845,BUPT,BPNZ69130068
DZVV00LYBC9498862230,DZVV,LYBC94988622
QQAE00YPNQ3443918662,QQAE,YPNQ34439186
XGWD00RWNG8533535849,XGWD,RWNG85335358
AWVS00EDDR0341527651,AWVS,EDDR03415276
AFEH00QRHF7140264294,AFEH,QRHF71402642
TSSX00PSFI2732687874,TSSX,PSFI27326878
XXIY00NPLH1579954134,XXIY,NPLH15799541
VYKJ00BNWH4274307685,VYKJ,BNWH42743076
EJMS00LEFB9116344476,EJMS,LEFB91163444
GGRU00NNWX7437414720,GGRU,NNWX74374147
ICKM00VRUJ9700139936,ICKM,VRUJ97001399
UIQY00HPFK7559278662,UIQY,HPFK75592786
GJJR00YMCW4395674590,GJJR,YMCW43956745
GQYC00MNJN2765304417,GQYC,MNJN27653044
XVTL00IURR6457871395,XVTL,IURR64578713
XHGS00DSIT0738762824,XHGS,DSIT07387628
MCFG00NDAD7258251424,MCFG,NDAD72582514
YMGR00VBPZ3424314011,YMGR,VBPZ34243140
YWBD00SNZD8388126867,YWBD,SNZD83881268
AQON00BDZT2761827785,AQON,BDZT27618277
XALW00IQIY6992946608,XALW,IQIY69929466
UJXF00YPLV7655162212,UJXF,YPLV76551622
BZFR00VJNU8966940740,BZFR,VJNU89669407
ILTD00XUHH0004845919,ILTD,XUHH00048459
IFIU00DLKO7558049029,IFIU,DLKO75580490
DIAE00CQZZ5187250495,DIAE,CQZZ51872504
QBGD00GWEW6798135894,QBGD,GWEW67981358
GICA00KAQM0466458120,GICA,KAQM04664581
NXAH00CYPZ4393229130,NXAH,CYPZ43932291
KBPZ00NSHA2130432584,KBPZ,NSHA21304325
NAKN00ZIZB8170277472,NAKN,ZIZB81702774
ZYBC00ILNQ3760765534,ZYBC,ILNQ37607655
ZITZ00EAQH0097396506,ZITZ,EAQH00973965
IYSM00ZCYK6671081748,IYSM,ZCYK66710817
SMZP00YVXK5869415916,SMZP,YVXK58694159
TSHL00LMLS1710624924,TSHL,LMLS17106249
YCJK00YRKA3575394884,YCJK,YRKA35753948
UPPT00ZHRC3157299675,UPPT,ZHRC31572996
XHBB00SGTF3191013854,XHBB,SGTF31910138
CGXM00UIJX4268648277,CGXM,UIJX42686482
CIFY00BVKK0955197938,CIFY,BVKK09551979
JNXP00CHET1422175395,JNXP,CHET14221753
BOLE00LEMC2262471409,BOLE,LEMC22624714
VFIN00MYCU9282013961,VFIN,MYCU92820139
NHVL00QANZ7662978670,NHVL,QANZ76629786
QLGS00EDMG0429561861,QLGS,EDMG04295618
UJMH00TJZT9674413986,UJMH,TJZT96744139
ROVZ00ZFOA0478775850,ROVZ,ZFOA04787758
XKEE00IMUJ7825240092,XKEE,IMUJ78252400
BYST00KSAT5144449444,BYST,KSAT51444494
IEJE00IVEZ2447810196,IEJE,IVEZ24478101
EDRX00WKVZ0104513780,EDRX,WKVZ01045137
ADMW00KUZW4302455140,ADMW,KUZW43024551
TBWY00WCAF5858596849,TBWY,WCAF58585968
EJXX00NTPF1020762767,EJXX,NTPF10207627
GBAX00QDZU0995266275,GBAX,QDZU09952662
OQTL00GYZV3836319489,OQTL,GYZV38363194
KXZM00DSZZ3355187824,KXZM,DSZZ33551878
QYRZ00XEML7123156629,QYRZ,XEML71231566
MWRB00DEWM1034379718,MWRB,DEWM10343797
HBLN00LOAF1204765131,HBLN,LOAF12047651
KYGA00ZKSA0994202751,KYGA,ZKSA09942027
CQWZ00DDIJ5243867646,CQWZ,DDIJ52438676
WKKD00MBYR4801738925,WKKD,MBYR48017389
XFUB00CIJB8019546198,XFUB,CIJB80195461
ENLE00MERU6515719504,ENLE,MERU65157195
LPKZ00TGAJ7579280022,LPKZ,TGAJ75792800
CPZE00DEIQ8821259338,CPZE,DEIQ88212593
EVVL00KOXB0134992020,EVVL,KOXB01349920
ZQPT00IOJT7380832567,ZQPT,IOJT73808325
CAWH00OCXW0942257256,CAWH,OCXW09422572
QRVB00HNEP0443140938,QRVB,HNEP04431409
OLRM00QYWJ9908787485,OLRM,QYWJ99087874
UZKY00VYBL8352504998,UZKY,VYBL83525049
HDGB00BLFC8848978340,HDGB,BLFC88489783
RETP00WLPC3343193987,RETP,WLPC33431939
NGWT00YKPI0710271595,NGWT,YKPI07102715
FDYO00DRQE4528689227,FDYO,DRQE45286892
ZKVZ00ZPHT3517729016,ZKVZ,ZPHT35177290
FHWV00IQQC8558872922,FHWV,IQQC85588729
PLKC00JHQV7203341551,PLKC,JHQV72033415
BQIF00VUPG8378662827,BQIF,VUPG83786628
AEAO00BKXA5923272149,AEAO,BKXA59232721
YIVL00FEUN8401645214,YIVL,FEUN84016452
SKOD00VFZJ6663165514,SKOD,VFZJ66631655
OTIR00YPCT8143876892,OTIR,YPCT81438768
GUUN00LPTD0720004622,GUUN,LPTD07200046
KXLQ00KJAG0984458890,KXLQ,KJAG09844588
QDRQ00CGLW4081187285,QDRQ,CGLW40811872
UVAG00EUVI7112541240,UVAG,EUVI71125412
GBNX00VAFZ4668903322,GBNX,VAFZ46689033
UEZT00ARAC2723963641,UEZT,ARAC27239636
XQAL00EPEH8149868081,XQAL,EPEH81498680
GFEC00ZAHS0620134960,GFEC,ZAHS06201349
OQAB00QSST4064511206,OQAB,QSST40645112
ROUQ00VHTH5624906702,ROUQ,VHTH56249067
KWEV00NLAZ4801526668,KWEV,NLAZ48015266
ZOFF00CKHL6686070819,ZOFF,CKHL66860708
IDVG00MSFG8865973242,IDVG,MSFG88659732
TRIW00DNES6966324942,TRIW,DNES69663249
IYGR00PSCI4855560231,IYGR,PSCI48555602
DPLB00CFMK7384571930,DPLB,CFMK73845719
VWNM00KCBB1467694614,VWNM,KCBB14676946
WZDX00NRVU2052523778,WZDX,NRVU20525237
DPBN00NAJP9591312838,DPBN,NAJP95913128
DFUG00KSND9855394192,DFUG,KSND98553941
SKOF00JICC1654720274,SKOF,JICC16547202
OMWL00QTLB3425793080,OMWL,QTLB34257930
RXSK00VSXW6157658388,RXSK,VSXW61576583
TCGH00OKDN4752905809,TCGH,OKDN47529058
TGWL00MOGG1166655260,TGWL,MOGG11666552
HYYZ00PPMW2858662366,HYYZ,PPMW28586623
QMIF00HYVJ4012301282,QMIF,HYVJ40123012
RFPG00DPJV0810368737,RFPG,DPJV08103687
CJZE00LZLO0524059517,CJZE,LZLO05240595
LRLM00CKDI1167249021,LRLM,CKDI11672490
MFGM00RPMO8908859010,MFGM,RPMO89088590
HWRM00UYAG5764608667,HWRM,UYAG57646086
UKBW00NWEK3767424665,UKBW,NWEK37674246
HASQ00KYZC0123287931,HASQ,KYZC01232879
RHTL00ZPSA2787767627,RHTL,ZPSA27877676
MPKH00XQZY1478583628,MPKH,XQZY14785836
CVMF00PHGC3916556358,CVMF,PHGC39165563
VQBX00ZMPG4630308480,VQBX,ZMPG46303084
UPWN00AKWD0074037884,UPWN,AKWD00740378
JTTR00TNDQ8778058338,JTTR,TNDQ87780583
FIXB00EZAG8865728628,FIXB,EZAG88657286
FBRK00UDIP6958029367,FBRK,UDIP69580293
CYAE00BFHY6748517912,CYAE,BFHY67485179
CEAA00UAHK4891340502,CEAA,UAHK48913405
IOFX00KHAI0885265231,IOFX,KHAI08852652
IXIN00OXEX8471674793,IXIN,OXEX84716747
PHKG00PIWW2681123864,PHKG,PIWW26811238
PJKH00JCZH6830516420,PJKH,JCZH68305164
JNSU00XAWN5026538127,JNSU,XAWN50265381
MGVQ00WSTP1888108659,MGVQ,WSTP18881086
HQAN00IBLY9435184866,HQAN,IBLY94351848
KESW00ZJAJ2575165117,KESW,ZJAJ25751651
WWBH00ACLN4872129776,WWBH,ACLN48721297
JHDM00IWJZ0094211291,JHDM,IWJZ00942112
PFFM00ZDHC6866275145,PFFM,ZDHC68662751
FEEW00EVKI4910433174,FEEW,EVKI49104331
JAVZ00UQOK0331615260,JAVZ,UQOK03316152
QXOZ00MSRI8834758670,QXOZ,MSRI88347586
AAPG00WQGT7059526241,AAPG,WQGT70595262
FOVZ00EDTM7646111545,FOVZ,EDTM76461115
VEGD00SLYU2078316793,VEGD,SLYU20783167
DAOT00GTWX6097025780,DAOT,GTWX60970257
BZHT00YRMC1853407551,BZHT,YRMC18534075
NPGZ00JDOF2840072280,NPGZ,JDOF28400722
BEJF00IJKZ1176934330,BEJF,IJKZ11769343
RWVP00LNAJ1385768005,RWVP,LNAJ13857680
VQTJ00VUPU3684381941,VQTJ,VUPU36843819
KTDT00CLWY2599112886,KTDT,CLWY25991128
TJAD00TUDC7048216619,TJAD,TUDC70482166
IPGO00NJSH0306994780,IPGO,NJSH03069947
EOKX00VMDN0391682298,EOKX,VMDN03916822
ILVH00YBJR2856281309,ILVH,YBJR28562813
SLZB00SBOG5823184720,SLZB,SBOG58231847
EUEW00LJNI3183752420,EUEW,LJNI31837524
XWJW00KAXK6280322267,XWJW,KAXK62803222
LLZA00LDBL0975038346,LLZA,LDBL09750383
XSBN00BWIB4417086024,XSBN,BWIB44170860
UIEW00DHVE9406181875,UIEW,DHVE94061818
HHUJ00WKQG4842643184,HHUJ,WKQG48426431
GSKM00QPOH2994666576,GSKM,QPOH29946665
FLRC00CIEX6604862463,FLRC,CIEX66048624
JDSH00TICI9576594585,JDSH,TICI95765945
QFZE00GTYH2370318904,QFZE,GTYH23703189
LFVU00EXOW3324557884,LFVU,EXOW33245578
KHDW00JKGI6817233393,KHDW,JKGI68172333
WNGK00QNDX9096551483,WNGK,QNDX90965514
MYTZ00UFCD0343828019,MYTZ,UFCD03438280
SPON00NZOL8226634741,SPON,NZOL82266347
KXCC00VOMM3412867749,KXCC,VOMM34128677
YBFB00LGAS4448192732,YBFB,LGAS44481927
IAYO00NRTI1176796939,IAYO,NRTI11767969
RVJV00FDGT7052100072,RVJV,FDGT70521000
ILCA00IDNS2233284718,ILCA,IDNS22332847
WEVM00VSUH9462166985,WEVM,VSUH94621669
SLWB00TFQI2006336658,SLWB,TFQI20063366
IOZR00KJPM0430319567,IOZR,KJPM04303195
SBDS00YTEZ9889278298,SBDS,YTEZ98892782
UCMG00BCXW6237805643,UCMG,BCXW62378056
RNJL00SIRE6877303703,RNJL,SIRE68773037
YKGI00UDAW8923003365,YKGI,UDAW89230033
MBBO00ZTZD4425290811,MBBO,ZTZD44252908
YWZJ00NQFL3758885396,YWZJ,NQFL37588853
LDFO00KVBN1860398920,LDFO,KVBN18603989
YMAK00ZADT9613250797,YMAK,ZADT96132507
JBGV00LXXO6411470245,JBGV,LXXO64114702
FYJI00JVGJ8626951716,FYJI,JVGJ86269517
TFMO00GFTT1692384549,TFMO,GFTT16923845
EPGV00LZLA6703056895,EPGV,LZLA67030568
HOXT00QIPZ3766574085,HOXT,QIPZ37665740
MUHT00YMIF0205123084,MUHT,YMIF02051230
NQTQ00ZMPE5572703560,NQTQ,ZMPE55727035
UEUX00KCYT5452771242,UEUX,KCYT54527712
WZOP00SUSD9680862815,WZOP,SUSD96808628
HXEO00DRLP8700128838,HXEO,DRLP87001288
VVIY00SVHI2214457253,VVIY,SVHI22144572
JFDN00ETYW2125618734,JFDN,ETYW21256187
ITEX00JHPX1744184005,ITEX,JHPX17441840
XFHU00MEUD4961200137,XFHU,MEUD49612001
ZYEE00FOGP3095355633,ZYEE,FOGP30953556
ZXKK00ABWV8526274542,ZXKK,ABWV85262745
XHXS00XCDE4797586954,XHXS,XCDE47975869
CSJZ00ENLP8549631635,CSJZ,ENLP85496316
XHPI00VPZM5480215858,XHPI,VPZM54802158
CNDU00BOMG8174320164,CNDU,BOMG81743201
EHSF00HCQH3100888092,EHSF,HCQH31008880
YAYP00KRWQ0512890281,YAYP,KRWQ05128902
KFAI00RPPD0269724750,KFAI,RPPD02697247
ARRB00YDGD9570977686,ARRB,YDGD95709776
IJUZ00DCQV7079511784,IJUZ,DCQV70795117
OTMI00HBVF2553697104,OTMI,HBVF25536971
JGZA00UJBQ4865771973,JGZA,UJBQ48657719
JMPH00HLCW3056936764,JMPH,HLCW30569367
SNGJ00DVCU8854637072,SNGJ,DVCU88546370
ZLYQ00MNZZ3084801266,ZLYQ,MNZZ30848012
VIEB00JRLG6339439122,VIEB,JRLG63394391
NRBA00DLGL5149826882,NRBA,DLGL51498268
UOGZ00IUFF3009079214,UOGZ,IUFF30090792
ADWB00MDDP4101564950,ADWB,MDDP41015649
QSWX00JYGK9021532811,QSWX,JYGK90215328
QALC00HNXA3248223095,QALC,HNXA32482230
QXJO00UXVP0118950752,QXJO,UXVP01189507
CJKS00GWSN6453650220,CJKS,GWSN64536502
JZHR00PLGH2977284718,JZHR,PLGH29772847
TLUW00OBKH6523710890,TLUW,OBKH65237108
VTSX00WTTJ9797235010,VTSX,WTTJ97972350
DHQI00KKUG2012447380,DHQI,KKUG20124473
AMLX00NGMT3914910118,AMLX,NGMT39149101
FJSM00HNCR7287841684,FJSM,HNCR72878416
FPZC00DQAM8767278463,FPZC,DQAM87672784
IQIW00ZLJV3157599303,IQIW,ZLJV31575993
QKXF00PIXY8309111611,QKXF,PIXY83091116
NZRY00UJLX6427849530,NZRY,UJLX64278495
CXQN00TNVT8844321476,CXQN,TNVT88443214
AKND00QKDH5123874146,AKND,QKDH51238741
NLIR00BOST4070518693,NLIR,BOST40705186
GZAE00YLYM5330827436,GZAE,YLYM53308274
UFJU00LPIV7927537947,UFJU,LPIV79275379
CWWN00BXWK3910712743,CWWN,BXWK39107127
MBOZ00ZLAE0932137881,MBOZ,ZLAE09321378
TOAX00FAMR3106052592,TOAX,FAMR31060525
DGAE00BIGB5645171633,DGAE,BIGB56451716
EVXK00VITM6073176043,EVXK,VITM60731760
NROU00RAAZ3162436434,NROU,RAAZ31624364
SRWT00DJJL5242362286,SRWT,DJJL52423622
CDZH00HCRZ7421014807,CDZH,HCRZ74210148
NNTZ00FACG7277437294,NNTZ,FACG72774372
NEPM00ZEEI0268721380,NEPM,ZEEI02687213
VXBQ00SCPI6443866922,VXBQ,SCPI64438669
QYHL00QLLK5753891804,QYHL,QLLK57538918
EONK00WLUG8015472637,EONK,WLUG80154726
UQFP00PQRG3348296775,UQFP,PQRG33482967
TAYG00RVWE1709927780,TAYG,RVWE17099277
XHYO00ORDE4980396773,XHYO,ORDE49803967
TVDB00YUJZ0436504806,TVDB,YUJZ04365048
VBAM00OBXC5134984258,VBAM,OBXC51349842
BUMF00WKIU1635746553,BUMF,WKIU16357465
XLSB00ZVUM3157743223,XLSB,ZVUM31577432
TPKR00TWFA2770031147,TPKR,TWFA27700311
CTMJ00VILW9618203018,CTMJ,VILW96182030
UJBX00VZPG5654833750,UJBX,VZPG56548337
XVKA00FKZP8817105091,XVKA,FKZP88171050
ZLMV00DSFC0221920013,ZLMV,DSFC02219200
TIDB00BTCE6707116416,TIDB,BTCE67071164
UMPT00UKIC9648892320,UMPT,UKIC96488923
CBDS00NYVP2996804462,CBDS,NYVP29968044
SRCH00MFKQ8878519086,SRCH,MFKQ88785190
HKQM00IHCJ8114333364,HKQM,IHCJ81143333
QEFF00EXQL2314833679,QEFF,EXQL23148336
TGIJ00NIAN8449201017,TGIJ,NIAN84492010
OFXT00ZSKX5687472951,OFXT,ZSKX56874729
BSHG00NDKH4082240608,BSHG,NDKH40822406
LIOH00RSKY3973832888,LIOH,RSKY39738328
SFWH00KUJE0684144335,SFWH,KUJE06841443
ANZQ00TGFU3818222279,ANZQ,TGFU38182222
QVDC00UIPA6502834837,QVDC,UIPA65028348
GVTK00QCHN0810284926,GVTK,QCHN08102849
TNTH00PZIZ8420732051,TNTH,PZIZ84207320
HTTW00JPJY3362188957,HTTW,JPJY33621889
MDQI00JVOL3806081792,MDQI,JVOL38060817
ZVQW00LLNK8004492498,ZVQW,LLNK80044924
FCMS00YLDC7812475567,FCMS,YLDC78124755
UNPA00NOSA8026001875,UNPA,NOSA80260018
XOCP00IBBI6530452805,XOCP,IBBI65304528
EVMI00PTYW8170521056,EVMI,PTYW81705210
YWZB00EPNQ9438123038,YWZB,EPNQ94381230
DSVR00SAVA7321870061,DSVR,SAVA73218700
RISB00LWXP1189669539,RISB,LWXP11896695
EZWQ00JBWH5013098266,EZWQ,JBWH50130982
MWID00ERQD1432407938,MWID,ERQD14324079
RPZV00PVVF9366919967,RPZV,PVVF93669199
KPML00ZJTX4169421368,KPML,ZJTX41694213
WHEU00JVQY5561793158,WHEU,JVQY55617931
CGQV00BYYP4498166936,CGQV,BYYP44981669
CKSC00GUEE1133090034,CKSC,GUEE11330900
BBJY00SGEG6689307362,BBJY,SGEG66893073
AQAD00DTSU5316080403,AQAD,DTSU53160804
NTKX00KKXH1349984981,NTKX,KKXH13499849
BXKS00EZFO1137190056,BXKS,EZFO11371900
VIPT00NDYW4135403660,VIPT,NDYW41354036
GJBJ00PQGO3428221580,GJBJ,PQGO34282215
UEMH00NALD1305255433,UEMH,NALD13052554
SRZT00UJKJ1683059113,SRZT,UJKJ16830591
SCQF00JLTE6127990632,SCQF,JLTE61279906
AVCH00YXKK2834864070,AVCH,YXKK28348640
QYRI00FBCE4352001035,QYRI,FBCE43520010
ASMR00DMDB9170037550,ASMR,DMDB91700375
NJSB00OZZL8164246468,NJSB,OZZL81642464
YNIN00EFRF6143031609,YNIN,EFRF61430316
YYVV00IVBV4487243742,YYVV,IVBV44872437
MGER00JKFI4287012173,MGER,JKFI42870121
IXSA00ZHZN3742695790,IXSA,ZHZN37426957
ROYT00ZCZT9608210706,ROYT,ZCZT96082107
NVPQ00EVEN3247141344,NVPQ,EVEN32471413
KBVM00BKKA9420817146,KBVM,BKKA94208171
ASGI00TJWG2789583909,ASGI,TJWG27895839
WLZI00AESJ1347140065,WLZI,AESJ13471400
WBJF00NWBX1317111451,WBJF,NWBX13171114
VTTC00BDDD0200625078,VTTC,BDDD02006250
BADR00MTUW8670214686,BADR,MTUW86702146
XSNA00ONQS7864477333,XSNA,ONQS78644773
ONDO00SAUK4032910627,ONDO,SAUK40329106
RINF00HJIT8951168058,RINF,HJIT89511680
GXYB00MUDL1735739105,GXYB,MUDL17357391
YJSH00CAPT8888180206,YJSH,CAPT88881802
VDCU00ETNE7109948259,VDCU,ETNE71099482
PIML00OTGX3126728606,PIML,OTGX31267286
VAAW00QBHM5174231153,VAAW,QBHM51742311
ELJK00OGJZ1729672746,ELJK,OGJZ17296727
MGAH00CZWR5438512513,MGAH,CZWR54385125
KVSW00JQLO9058742996,KVSW,JQLO90587429
PMIU00CATR4346231671,PMIU,CATR43462316
MUKY00SAOL0622494949,MUKY,SAOL06224949
EEFK00ZQSN2481861804,EEFK,ZQSN24818618
YYBE00TNCZ6864719441,YYBE,TNCZ68647194
GQHP00CXZA6634241164,GQHP,CXZA66342411
OBKV00CVPD7435702547,OBKV,CVPD74357025
SIZO00WPHF3764656292,SIZO,WPHF37646562
TAIJ00SCOF7581437130,TAIJ,SCOF75814371
BOMG00ECVI2676796640,BOMG,ECVI26767966
PWMT00HRZE8713582852,PWMT,HRZE87135828
AUBQ00QSZQ6852466654,AUBQ,QSZQ68524666
RZYS00KIRW1404911119,RZYS,KIRW14049111
NVPF00FBYS4763511860,NVPF,FBYS47635118
PWDV00JVZN7721394956,PWDV,JVZN77213949
AKCC00YNSY6157860440,AKCC,YNSY61578604
CXSY00RFWV4771912793,CXSY,RFWV47719127
FXEG00JXHU0365957425,FXEG,JXHU03659574
MURM00GODE5588313575,MURM,GODE55883135
QRWP00WLYD3734752272,QRWP,WLYD37347522
MTDM00AZWQ5385031776,MTDM,AZWQ53850317
OFHT00ZUKH2014848098,OFHT,ZUKH20148480
YIAP00SYXD0348396140,YIAP,SYXD03483961
NUFL00VDXV0447734172,NUFL,VDXV04477341
MVOR00GYIK3530081746,MVOR,GYIK35300817
HEWC00LYUV0397444827,HEWC,LYUV03974448
DKAL00HUHM4407837516,DKAL,HUHM44078375
FBQI00FWGL0938127986,FBQI,FWGL09381279
ZEIS00INRD6631737878,ZEIS,INRD66317378
KOEZ00DIUI4160692238,KOEZ,DIUI41606922
YTZU00CRBG4792830620,YTZU,CRBG47928306
BCJV00JXBN2142093828,BCJV,JXBN21420938
EIHZ00PORM1863882429,EIHZ,PORM18638824
QVDT00ZQPX1460468707,QVDT,ZQPX14604687
AREH00MNGM3610806138,AREH,MNGM36108061
DTTX00IDYL6026303032,DTTX,IDYL60263030
FWRL00KUTZ0742946950,FWRL,KUTZ07429469
SLGM00ROVS6304672882,SLGM,ROVS63046728
OYYT00WHTQ1185506514,OYYT,WHTQ11855065
XDJJ00XLKJ2978020449,XDJJ,XLKJ29780204
LAZX00CITN8225344176,LAZX,CITN82253441
WMVQ00TAHY8822720387,WMVQ,TAHY88227203
VXPU00RPNL0900618149,VXPU,RPNL09006181
XDXO00YGGQ0852877252,XDXO,YGGQ08528772
MJNW00VAQP2814592543,MJNW,VAQP28145925
HEXN00STCI7524224517,HEXN,STCI75242245
HHWO00AVLJ9253690523,HHWO,AVLJ92536905
ZIJB00EXJU1645464525,ZIJB,EXJU16454645
QRNW00JXND6432663176,QRNW,JXND64326631
TTAO00KFNX2540584732,TTAO,KFNX25405847
OTKV00LYJJ2088592267,OTKV,LYJJ20885922
WOGT00CVLN4006929857,WOGT,CVLN40069298
DOMS00KDBW6024046662,DOMS,KDBW60240466
MJBC00TVHV7548862285,MJBC,TVHV75488622
RDDV00NMWG3414736915,RDDV,NMWG34147369
DEUD00PYEF3902568812,DEUD,PYEF39025688
HWGQ00KXJZ8952579969,HWGQ,KXJZ89525799
MHDT00WBAJ7011626516,MHDT,WBAJ70116265
URBD00JWOJ1008920312,URBD,JWOJ10089203
WUDJ00PHVG2387040467,WUDJ,PHVG23870404
EFFX00EPLF3583237349,EFFX,EPLF35832373
YTDA00TJDZ1189843957,YTDA,TJDZ11898439
IOFY00NBAW9523015276,IOFY,NBAW95230152
WJWH00AQOS1663268985,WJWH,AQOS16632689
ITZU00YKBD8644514030,ITZU,YKBD86445140
NKDL00BMJL3103181571,NKDL,BMJL31031815
YDKB00PHMF6027000471,YDKB,PHMF60270004
KDJZ00MAVU9748701243,KDJZ,MAVU97487012
APGW00NWUD0769052963,APGW,NWUD07690529
QMNP00STIK5692152819,QMNP,STIK56921528
BGHL00LWUU9003341093,BGHL,LWUU90033410
YHOG00RGBZ7124934251,YHOG,RGBZ71249342
CZVS00TMQL6871551730,CZVS,TMQL68715517
MEUM00NPER9069013996,MEUM,NPER90690139
KYWP00QKYN1057559434,KYWP,QKYN10575594
DCZC00ONFQ6356083280,DCZC,ONFQ63560832
ZZBR00HNNB4496704346,ZZBR,HNNB44967043
DIQE00QFIT3381686067,DIQE,QFIT33816860
QVRZ00WZJJ3675674298,QVRZ,WZJJ36756742
UOTB00NWCF5375933919,UOTB,NWCF53759339
UMYM00BTAF5599352013,UMYM,BTAF55993520
YPND00TOGB1150359535,YPND,TOGB11503595
MBBQ00FUDF6684136704,MBBQ,FUDF66841367
KDPV00NMFN2408616770,KDPV,NMFN24086167
IYNL00KAWA8025445296,IYNL,KAWA80254452
NYQP00XCIL5841843849,NYQP,XCIL58418438
IHVA00JIQE2752175291,IHVA,JIQE27521752
VFVJ00QGQC1663636174,VFVJ,QGQC16636361
BVWY00DIMC1919456190,BVWY,DIMC19194561
VHWY00CTSK8708086543,VHWY,CTSK87080865
CDBY00HZGB3834550447,CDBY,HZGB38345504
YYSV00ZVIN3627528895,YYSV,ZVIN36275288
CQLN00KVLD2975956337,CQLN,KVLD29759563
OFYM00FCGI8784049752,OFYM,FCGI87840497
HIPX00INFE2562782147,HIPX,INFE25627821
KMKN00XWDR6318194738,KMKN,XWDR63181947
NZCR00NFPI1912680659,NZCR,NFPI19126806
VXLC00MHBK1787615815,VXLC,MHBK17876158
JUBF00AXQR1590414343,JUBF,AXQR15904143
VLZX00PYSX4039865055,VLZX,PYSX40398650
XDVM00EHDZ7041973820,XDVM,EHDZ70419738
EBOZ00IHJQ2121495030,EBOZ,IHJQ21214950
TETG00UGCJ9400801240,TETG,UGCJ94008012
ZHPZ00GLHB2599335275,ZHPZ,GLHB25993352
XGYG00NDFF3059346164,XGYG,NDFF30593461
WHNE00XQXO0775754177,WHNE,XQXO07757541
TXLX00ZADA6009519123,TXLX,ZADA60095191
ADEB00BYAY5704924044,ADEB,BYAY57049240
OLAX00YKPY8960231243,OLAX,YKPY89602312
YOEF00CUMF9982554376,YOEF,CUMF99825543
IZEC00AWER4462458114,IZEC,AWER44624581
OQBK00ZIXM5487815645,OQBK,ZIXM54878156
GHNL00WDIU6848235020,GHNL,WDIU68482350
GDHP00NUNR9084590005,GDHP,NUNR90845900
WGCO00FDCB4479585113,WGCO,FDCB44795851
NDFD00UGLN1352918422,NDFD,UGLN13529184
WWWV00GZZE2294336829,WWWV,GZZE22943368
CEGN00EOWT1384595432,CEGN,EOWT13845954
NZSU00YHEB4345869952,NZSU,YHEB43458699
DQQV00HQLX3933275519,DQQV,HQLX39332755
VQTA00RPCA6659830350,VQTA,RPCA66598303
JVKB00VOWW4194659265,JVKB,VOWW41946592
SLWN00TSVT0209960070,SLWN,TSVT02099600
GOTV00OEJE2934481023,GOTV,OEJE29344810
BYLI00UAOF6038905687,BYLI,UAOF60389056
WWXF00PWJU3422536344,WWXF,PWJU34225363
ZMJV00IKTV9196004446,ZMJV,IKTV91960044
LMAU00UXDH5378908082,LMAU,UXDH53789080
ASKD00CVKL4174480331,ASKD,CVKL41744803
OBXO00VCUE8922850682,OBXO,VCUE89228506
TPAQ00TMDT5994405938,TPAQ,TMDT59944059
MYTD00ZECI4711141797,MYTD,ZECI47111417
XZDB00DFPR8576073003,XZDB,DFPR85760730
IFYY00CDQN5493197447,IFYY,CDQN54931974
QXXP00AXTF7360889321,QXXP,AXTF73608893
VYPF00HXIV4664045689,VYPF,HXIV46640456
IVAV00GSNO4327705137,IVAV,GSNO43277051
BBXX00XZZX0840528447,BBXX,XZZX08405284
ECBH00ISTU2188926708,ECBH,ISTU21889267
LXML00FSZZ8206756363,LXML,FSZZ82067563
YWVV00BRWM1653637055,YWVV,BRWM16536370
ASBE00AMWX3946695863,ASBE,AMWX39466958
KHTW00JFCB8277133465,KHTW,JFCB82771334
FCPS00FELW0377040474,FCPS,FELW03770404
SLDF00HLUA2177366792,SLDF,HLUA21773667
DSOV00CTLX2983794853,DSOV,CTLX29837948
LPKK00VBBW8570809721,LPKK,VBBW85708097
AHZZ00HHVD3045338242,AHZZ,HHVD30453382
LIWQ00NOOY5980318322,LIWQ,NOOY59803183
DXXZ00GUKU7605601745,DXXZ,GUKU76056017
QZWO00MZLC0687956132,QZWO,MZLC06879561
CBXM00HJDY9625143110,CBXM,HJDY96251431
YCFA00SIRM5133120080,YCFA,SIRM51331200
HDYH00DVKO8755419751,HDYH,DVKO87554197
FGWI00XPGD0775583432,FGWI,XPGD07755834
OGQR00EBCG0208584796,OGQR,EBCG02085847
TIWV00ZOQO7764141729,TIWV,ZOQO77641417
RNLW00VBMT5332290915,RNLW,VBMT53322909
OWDH00GMRA8828679675,OWDH,GMRA88286796
JWJD00ZDDB5117943273,JWJD,ZDDB51179432
ELEC00LJXT7193100106,ELEC,LJXT71931001
BBLE00PGRC5904185557,BBLE,PGRC59041855
SVGZ00RQTE9915907464,SVGZ,RQTE99159074
DBIK00QJAM7316665127,DBIK,QJAM73166651
BCMN00VKII1339714639,BCMN,VKII13397146
ZSXQ00JOHM3941214272,ZSXQ,JOHM39412142
ZBED00YDGM0563972233,ZBED,YDGM05639722
BMWP00VVKK7814150081,BMWP,VVKK78141500
TAXG00TJTD2731804504,TAXG,TJTD27318045
TYOI00CRWX8983014716,TYOI,CRWX89830147
NKAW00NAWJ1133645429,NKAW,NAWJ11336454
DHKX00ESFK2493823793,DHKX,ESFK24938237
QWFK00VTPN3824754511,QWFK,VTPN38247545
KJFN00JEZG4962490981,KJFN,JEZG49624909
CZUU00KGEQ1317955386,CZUU,KGEQ13179553
JWWX00YRXM9180532360,JWWX,YRXM91805323
ULGK00ABAJ3468700586,ULGK,ABAJ34687005
UAEY00RSAY0245276296,UAEY,RSAY02452762
TIOS00EBBB4972898261,TIOS,EBBB49728982
JSBY00KSLM2633069932,JSBY,KSLM26330699
NLEC00FJEB1109030880,NLEC,FJEB11090308
BREY00WMBU2238816563,BREY,WMBU22388165
RQWW00QGIU7011429675,RQWW,QGIU70114296
LVUO00SSQQ0920701186,LVUO,SSQQ09207011
JTPI00ZQKA8961008370,JTPI,ZQKA89610083
BVCM00AGAN3977556292,BVCM,AGAN39775562
WMRU00NANB0051907674,WMRU,NANB00519076
RVLF00KCQL6583353078,RVLF,KCQL65833530
YSYY00YIBT3556021286,YSYY,YIBT35560212
QMXK00AIET8097394134,QMXK,AIET80973941
NLYH00JWDN4974901654,NLYH,JWDN49749016
YOTE00QKHR0856322172,YOTE,QKHR08563221
DSQH00FVPA8588109103,DSQH,FVPA85881091
AJHA00NLAS1074161776,AJHA,NLAS10741617
YBBL00EHLS9990792594,YBBL,EHLS99907925
QUDR00KBRO2772858587,QUDR,KBRO27728585
SFZK00NIYN4547918789,SFZK,NIYN45479187
SNBM00SHCT5772058416,SNBM,SHCT57720584
YCMD00NXVO1543703064,YCMD,NXVO15437030
RSPA00AHFR6083028179,RSPA,AHFR60830281
APVP00ASDY9565062438,APVP,ASDY95650624
CDQU00MMGG1728919118,CDQU,MMGG17289191
XQHH00IZHD9008963389,XQHH,IZHD90089633
HRDQ00KEGA7024859606,HRDQ,KEGA70248596
GUIN00TENV5615764274,GUIN,TENV56157642
XIUF00DMCJ9768097047,XIUF,DMCJ97680970
SQBW00MAYE3802505043,SQBW,MAYE38025050
EOLD00INEG6917869514,EOLD,INEG69178695
OAIU00WEOI4671718251,OAIU,WEOI46717182
NRRN00VOKJ8249183385,NRRN,VOKJ82491833
VOJX00WNVX8676871853,VOJX,WNVX86768718
VYTR00XABH0626933718,VYTR,XABH06269337
GTDC00GFNT8511594428,GTDC,GFNT85115944
DZSI00UGWF7070686867,DZSI,UGWF70706868
QZPF00GJRV5121211003,QZPF,GJRV51212110
ZTKS00PNRV9511808947,ZTKS,PNRV95118089
JDYG00MBMX8907105607,JDYG,MBMX89071056
AILM00OGJY4709441944,AILM,OGJY47094419
QJRW00XOKY7030587478,QJRW,XOKY70305874
VCNG00MFUI7130140398,VCNG,MFUI71301403
CMHO00XXNS1092399120,CMHO,XXNS10923991
ALGG00QJDJ7254233378,ALGG,QJDJ72542333
ZDQB00XPLZ5778110893,ZDQB,XPLZ57781108
HGIG00LTAA5673396436,HGIG,LTAA56733964
AXGR00XGAE8713743265,AXGR,XGAE87137432
VGYG00PTSJ8005251121,VGYG,PTSJ80052511
ACCN00ICJQ5458597511,ACCN,ICJQ54585975
TBRE00KAXQ6339801209,TBRE,KAXQ63398012
TNKW00TDWQ9165097036,TNKW,TDWQ91650970
DADX00XUCP1099359844,DADX,XUCP10993598
YXAZ00HBXH6402487933,YXAZ,HBXH64024879
INYR00VBND9196702031,INYR,VBND91967020
FXTO00HBGA2486062566,FXTO,HBGA24860625
DVGN00KGUD1546735606,DVGN,KGUD15467356
VQIC00YQSG1545018995,VQIC,YQSG15450189
IMEK00NBTJ5798899040,IMEK,NBTJ57988990
BBKP00GHHT8524198892,BBKP,GHHT85241988
BAPU00ODJF0872066853,BAPU,ODJF08720668
LEHE00CLEW3696166379,LEHE,CLEW36961663
FDPR00BUAB2165201434,FDPR,BUAB21652014
DOMH00FEOO7760147644,DOMH,FEOO77601476
NBQD00RCHN6881010102,NBQD,RCHN68810101
LNKR00SFQG2991477717,LNKR,SFQG29914777
FDBD00YJRS9599316267,FDBD,YJRS95993162
EFAX00PMGG3354578955,EFAX,PMGG33545789
HNGH00UBCU4223767161,HNGH,UBCU42237671
KGOU00DGIR2784858895,KGOU,DGIR27848588
QNMA00AXBL1135148710,QNMA,AXBL11351487
ZBIM00YDSG7973548485,ZBIM,YDSG79735484
QRRG00AWSU3940109480,QRRG,AWSU39401094
MIKO00QOHE3887847618,MIKO,QOHE38878476
GTDU00ATJC4633477420,GTDU,ATJC46334774
TWFU00YITQ2072889312,TWFU,YITQ20728893
XHNY00HHII0127374316,XHNY,HHII01273743
DZRV00PKWF8244706335,DZRV,PKWF82447063
CMRA00DETJ0074096571,CMRA,DETJ00740965
BIHZ00UMYN9513961616,BIHZ,UMYN95139616
SWCU00INJC6228413914,SWCU,INJC62284139
LSGH00LTSY1221051118,LSGH,LTSY12210511
GTCA00RUKD5126834346,GTCA,RUKD51268343
PEST00PKQL8832595468,PEST,PKQL88325954
YMTD00BWVB8813740665,YMTD,BWVB88137406
RNXF00VWNO4921180106,RNXF,VWNO49211801
UHGV00NTJT8881969981,UHGV,NTJT88819699
PUCE00QGFR0305595150,PUCE,QGFR03055951
HSUB00XYTV1856512550,HSUB,XYTV18565125
CJAA00KKWR7569972978,CJAA,KKWR75699729
QXGV00KFEJ9103610529,QXGV,KFEJ91036105
TBZD00YMCG1311346435,TBZD,YMCG13113464
QYXT00BXKX2546792040,QYXT,BXKX25467920
BSXH00MEHE6868628879,BSXH,MEHE68686288
BWQV00LZNA8675464298,BWQV,LZNA86754642
HIDE00QUGR0104552408,HIDE,QUGR01045524
QRSX00UEGB8356744790,QRSX,UEGB83567447
HTBK00CMZK9611381133,HTBK,CMZK96113811
HYRZ00MMCX2776908730,HYRZ,MMCX27769087
XLEM00EVRW5368461129,XLEM,EVRW53684611
XZKQ00YWNH5354525520,XZKQ,YWNH53545255
IOGF00CCCB1273103594,IOGF,CCCB12731035
SXRP00UDWR8344178558,SXRP,UDWR83441785
GDLY00MOHW5066106954,GDLY,MOHW50661069
ZFZU00TVWM1580776752,ZFZU,TVWM15807767
TDZW00UXYY2773764633,TDZW,UXYY27737646
PEMO00IJQE2289750485,PEMO,IJQE22897504
JWIM00YMJG9740424689,JWIM,YMJG97404246
MKZF00RPFH1491293226,MKZF,RPFH14912932
VYEN00OYQQ9042766067,VYEN,OYQQ90427660
CPYH00IILO4760640981,CPYH,IILO47606409
SQQP00OLHZ8757704382,SQQP,OLHZ87577043
MXTX00IHKE1236998027,MXTX,IHKE12369980
HLMJ00TTIY8531715562,HLMJ,TTIY85317155
UMFG00IGOF6464291005,UMFG,IGOF64642910
JUCN00SDBO6427890032,JUCN,SDBO64278900
PQES00EPOF0152024092,PQES,EPOF01520240
VQYC00KSRF0069866251,VQYC,KSRF00698662
DTBJ00HQKC9842367953,DTBJ,HQKC98423679
IDRG00WRXP2297219122,IDRG,WRXP22972191
EOFW00XGRR3983263061,EOFW,XGRR39832630
TWNQ00ZNKH0863856263,TWNQ,ZNKH08638562
QPAW00ZDYM2307764112,QPAW,ZDYM23077641
JVBV00BKKO9532714907,JVBV,BKKO95327149
SYWV00OSUU6762484295,SYWV,OSUU67624842
ZYEQ00HYRP1441066180,ZYEQ,HYRP14410661
JIPU00UPSU2194818474,JIPU,UPSU21948184
SGWG00FGCS7437240817,SGWG,FGCS74372408
HKGN00OHRN2348582577,HKGN,OHRN23485825
CYEQ00QKMQ0740037802,CYEQ,QKMQ07400378
EPOI00NFYG2380054465,EPOI,NFYG23800544
RPPK00GNDT5782487812,RPPK,GNDT57824878
MIQR00MTGY2650894542,MIQR,MTGY26508945
OLEX00XASD9889019642,OLEX,XASD98890196
YPTE00KOFQ5761390955,YPTE,KOFQ57613909
DIEV00IUWA3716700651,DIEV,IUWA37167006
XZUN00BQJH4157153613,XZUN,BQJH41571536
NCGM00ZMCZ4829544877,NCGM,ZMCZ48295448
RYXW00JNOI9849396910,RYXW,JNOI98493969
RARK00CHAL9258117268,RARK,CHAL92581172
HJEV00YVSZ0147379973,HJEV,YVSZ01473799
JGYU00QLMA4631257118,JGYU,QLMA46312571
XYBO00WSCZ9996127193,XYBO,WSCZ99961271
MTXG00OKWW6262083910,MTXG,OKWW62620839
KCCU00HQXV7846291096,KCCU,HQXV78462910
KXWD00XOWU8538831160,KXWD,XOWU85388311
TRTK00IUZR0325021951,TRTK,IUZR03250219
PNSU00BRED9879010287,PNSU,BRED98790102
BDTG00OPRQ4374837825,BDTG,OPRQ43748378
LYUC00SOCS3448021646,LYUC,SOCS34480216
YAZA00LELP0071527930,YAZA,LELP00715279
JDMP00CUWW0259328014,JDMP,CUWW02593280
JTRT00ZVWN1465755778,JTRT,ZVWN14657557
GJDM00EOKN1633100469,GJDM,EOKN16331004
PIUA00BXDK0657900946,PIUA,BXDK06579009
OKBW00GLPA6483798288,OKBW,GLPA64837982
DZPU00ZXYV4124665058,DZPU,ZXYV41246650
PGID00RASF1209449010,PGID,RASF12094490
DHDJ00FMRB2967677265,DHDJ,FMRB29676772
HYZC00JZZZ4381414849,HYZC,JZZZ43814148
CKPO00FTNV6717234893,CKPO,FTNV67172348
VNBU00FIKP7394194720,VNBU,FIKP73941947
ZCTT00GCJL3764273574,ZCTT,GCJL37642735
ILLH00EYRI3257332098,ILLH,EYRI32573320
QDXM00JSQR4537194313,QDXM,JSQR45371943
GTKW00RSCE5895248276,GTKW,RSCE58952482
XLVR00XIQG8128151909,XLVR,XIQG81281519
NPUN00FYCW6912271194,NPUN,FYCW69122711
NAXD00TNDV3873342034,NAXD,TNDV38733420
PTUL00GJCQ9471895880,PTUL,GJCQ94718958
MUTU00MHIT9838978928,MUTU,MHIT98389789
ISCL00VTVP9405374571,ISCL,VTVP94053745
GPJL00CZJF3485522602,GPJL,CZJF34855226
PQNC00XCRK4613729271,PQNC,XCRK46137292
ZBXX00OFEX9428162016,ZBXX,OFEX94281620
UFZY00OHHN5802177725,UFZY,OHHN58021777
JKDA00BJVT3398915847,JKDA,BJVT33989158
UXIS00KYGO3096753272,UXIS,KYGO30967532
ZFGG00WBXG8707756979,ZFGG,WBXG87077569
FWBG00RTUG4259261556,FWBG,RTUG42592615
YCLB00HVSJ9250868208,YCLB,HVSJ92508682
YTMT00WQQQ5301329557,YTMT,WQQQ53013295
UKMB00DZRJ2904824183,UKMB,DZRJ29048241
NZZQ00PJDK0994902019,NZZQ,PJDK09949020
ZCEJ00YQAO1891942652,ZCEJ,YQAO18919426
JSOW00MMBA0962082396,JSOW,MMBA09620823
LMPL00XQWU4870554115,LMPL,XQWU48705541
ICLX00PFLS1260245882,ICLX,PFLS12602458
TPXO00CYIF8267299984,TPXO,CYIF82672999
KBUY00NWDX3651614493,KBUY,NWDX36516144
ZOMR00HYSV7369182319,ZOMR,HYSV73691823
TYPZ00IOOZ9928751802,TYPZ,IOOZ99287518
WHZF00AOQQ8133947056,WHZF,AOQQ81339470
HTBH00VMNI3724635075,HTBH,VMNI37246350
QMHH00MLDA6533660062,QMHH,MLDA65336600
SMRN00OWLL8001382514,SMRN,OWLL80013825
RHKH00JGCC0820675596,RHKH,JGCC08206755
IZLK00VLFR3796772649,IZLK,VLFR37967726
QEVV00MVUG9024768742,QEVV,MVUG90247687
YPZZ00LNST2800951861,YPZZ,LNST28009518
VZFX00EWEQ8355624577,VZFX,EWEQ83556245
GTRS00EBZJ4194593586,GTRS,EBZJ41945935
QPIM00LHDO9527014045,QPIM,LHDO95270140
QKKS00JVGU4544067871,QKKS,JVGU45440678
ERIK00DODA0584410915,ERIK,DODA05844109
HJGF00OVVR1864311441,HJGF,OVVR18643114
GXMP00YDBX0607306788,GXMP,YDBX06073067
EBSH00VKAI5730420891,EBSH,VKAI57304208
SQYR00XDJG4223616467,SQYR,XDJG42236164
XCDV00UMOX5869615720,XCDV,UMOX58696157
AFHC00HKGI6010855616,AFHC,HKGI60108556
QNAZ00RYAJ3378651951,QNAZ,RYAJ33786519
HFWO00OJOT7495436664,HFWO,OJOT74954366
HUDQ00DSOA5490928221,HUDQ,DSOA54909282
OLDK00TAJI2216339693,OLDK,TAJI22163396
WMLD00TBBZ5237112613,WMLD,TBBZ52371126
FLUT00NHWW2913944095,FLUT,NHWW29139440
RFBR00FCVJ2815394436,RFBR,FCVJ28153944
EVDI00CFXX9331742131,EVDI,CFXX93317421
UMGD00OFDG4948621567,UMGD,OFDG49486215
VYSN00LXZV7199741690,VYSN,LXZV71997416
XEYL00XLYK2852476951,XEYL,XLYK28524769
FRMT00JDYP2823579736,FRMT,JDYP28235797
CNXE00EVWP0753818752,CNXE,EVWP07538187
XSZO00HHKQ9945789962,XSZO,HHKQ99457899
HJES00AIHF6385175606,HJES,AIHF63851756
VQAE00HAOE8623637862,VQAE,HAOE86236378
NVXQ00ETKW6566953869,NVXQ,ETKW65669538
VHGY00OSVJ3771874685,VHGY,OSVJ37718746
IAMS00SBAJ8003160679,IAMS,SBAJ80031606
RZPU00QPDN2368584480,RZPU,QPDN23685844
VFTB00HXBQ4426336015,VFTB,HXBQ44263360
FKUN00HQLL5714783247,FKUN,HQLL57147832
BLUA00TTDD8756635361,BLUA,TTDD87566353
CXKZ00FBJW1362622982,CXKZ,FBJW13626229
EQAZ00BZNN4859293074,EQAZ,BZNN48592930
SSOK00FNMP8605185740,SSOK,FNMP86051857
PFVP00DGRJ1708606214,PFVP,DGRJ17086062
TSQP00XLMG6891857429,TSQP,XLMG68918574
WUDN00EGMB6115254356,WUDN,EGMB61152543
XPLA00XEQY6558346722,XPLA,XEQY65583467
TVFT00JLJU5881637730,TVFT,JLJU58816377
DTFI00PFAV3599541866,DTFI,PFAV35995418
IASB00JKVC5215788544,IASB,JKVC52157885
NZPS00IZPT6318918522,NZPS,IZPT63189185
RKIE00OMDV0552333037,RKIE,OMDV05523330
VUQG00BQHF9689416484,VUQG,BQHF96894164
VYID00PPNH5174825288,VYID,PPNH51748252
XJOW00WMLN4256151410,XJOW,WMLN42561514
UNWY00LIKY9707399748,UNWY,LIKY97073997
UVVR00ABVE8780195142,UVVR,ABVE87801951
GSEO00PKFH5733675466,GSEO,PKFH57336754
NVLC00CGHP5652096729,NVLC,CGHP56520967
QRPO00ZWSE4627155785,QRPO,ZWSE46271557
BBTQ00PIYN6483496295,BBTQ,PIYN64834962
CASK00ZOYI0512118103,CASK,ZOYI05121181
ORWT00CXUO3833022425,ORWT,CXUO38330224
LTCQ00JQRW7112792505,LTCQ,JQRW71127925
NWCY00MFWE5332118946,NWCY,MFWE53321189
PRHQ00ZHFO2663913394,PRHQ,ZHFO26639133
WDNL00NZEV7984237936,WDNL,NZEV79842379
DPKQ00SWNZ7705466589,DPKQ,SWNZ77054665
UPQM00ZQUJ7393354278,UPQM,ZQUJ73933542
AWDX00AAEW1914904708,AWDX,AAEW19149047
BSWO00TCAV4440702159,BSWO,TCAV44407021
KCAA00LOUA0845557942,KCAA,LOUA08455579
LJTM00CVRS5846805359,LJTM,CVRS58468053
MEFV00VNFX6096349525,MEFV,VNFX60963495
ZYEN00CIIU5620784182,ZYEN,CIIU56207841
VFDS00UGWG3659629443,VFDS,UGWG36596294
SMXV00IJAB8194957275,SMXV,IJAB81949572
DRIA00WSKH1516946156,DRIA,WSKH15169461
PFCM00EPHL6287312709,PFCM,EPHL62873127
KTPL00GMNQ8762897425,KTPL,GMNQ87628974
OWBN00ZBEC7737763506,OWBN,ZBEC77377635
YREH00PXAO2966695295,YREH,PXAO29666952
JUPL00KUCU2144656612,JUPL,KUCU21446566
GHPH00OGOV8036631914,GHPH,OGOV80366319
IEVK00PXIK7952323452,IEVK,PXIK79523234
UDKE00GBQX0786472738,UDKE,GBQX07864727
QLKV00UBPU1996694051,QLKV,UBPU19966940
PNKA00FFJF2499503023,PNKA,FFJF24995030
FEXU00JSBV6958610108,FEXU,JSBV69586101
QVUM00NGXY4771345398,QVUM,NGXY47713453
AGFX00PDIH0592884835,AGFX,PDIH05928848
MUUH00SSGM5533189498,MUUH,SSGM55331894
GEQR00CHSK9962694290,GEQR,CHSK99626942
REDR00XJSD9214788871,REDR,XJSD92147888
QJRH00MFKF5552098621,QJRH,MFKF55520986
SFDH00WVBY2863702102,SFDH,WVBY28637021
QTRF00XTWA7837386071,QTRF,XTWA78373860
VKDO00NKGZ2032021055,VKDO,NKGZ20320210
VNDJ00TUJC6401630710,VNDJ,TUJC64016307
RCMI00EMFD7636052684,RCMI,EMFD76360526
PKPL00LFAH7365755911,PKPL,LFAH73657559
RAJT00GQTH0519968302,RAJT,GQTH05199683
RCYI00NMJE5253393726,RCYI,NMJE52533937
GCGB00STMC4108217436,GCGB,STMC41082174
GVPY00TVXU2744122071,GVPY,TVXU27441220
PXLL00AABP8384861791,PXLL,AABP83848617
LDTE00RBPG7777713849,LDTE,RBPG77777138
OKTY00NJMY6914294754,OKTY,NJMY69142947
NODZ00KJTG6114618412,NODZ,KJTG61146184
LFKB00SLGV2087405273,LFKB,SLGV20874052
PJTJ00UJZR6264257412,PJTJ,UJZR62642574
XTNI00XBUO2295390043,XTNI,XBUO22953900
EMJI00MTAY9710998524,EMJI,MTAY97109985
NJIK00DMQN5636749048,NJIK,DMQN56367490
UZOW00HOKZ9613587853,UZOW,HOKZ96135878
RLHI00EPYF2052344091,RLHI,EPYF20523440
QHRP00JQZS7518772470,QHRP,JQZS75187724
LNNP00XUIL1829229143,LNNP,XUIL18292291
IIRN00VZEX1111891721,IIRN,VZEX11118917
BUHY00TOUO4001064739,BUHY,TOUO40010647
NHJR00WCDD1171802585,NHJR,WCDD11718025
JLTY00FODL1510910473,JLTY,FODL15109104
CPME00YGAP6308707086,CPME,YGAP63087070
BAVC00PCTE8309949278,BAVC,PCTE83099492
FNPH00LEVL3382102350,FNPH,LEVL33821023
MEOY00JKQB9540403703,MEOY,JKQB95404037
TEVU00CXDD2387399539,TEVU,CXDD23873995
GEMS00BQXO7941942605,GEMS,BQXO79419426
EPCB00TKJW2291822435,EPCB,TKJW22918224
UKVR00FUHW2490115687,UKVR,FUHW24901156
VQMR00VLCZ5547991810,VQMR,VLCZ55479918
BSPT00GDTB9876311637,BSPT,GDTB98763116
THEK00JXXB5406203839,THEK,JXXB54062038
FZQS00SNCM6955793430,FZQS,SNCM69557934
YCOW00DFPX6081978234,YCOW,DFPX60819782
YSXC00NOVK5619586754,YSXC,NOVK56195867
VTTK00TNXQ6238532002,VTTK,TNXQ62385320
OGHC00LWGN7357835457,OGHC,LWGN73578354
HGSZ00SIDT9425778145,HGSZ,SIDT94257781
MNWB00NHYJ7419104127,MNWB,NHYJ74191041
UXYQ00CRNK9478945749,UXYQ,CRNK94789457
YBZT00FDCB6795531072,YBZT,FDCB67955310
VXOC00GZTW8275306089,VXOC,GZTW82753060
DDRX00LNGM9902837249,DDRX,LNGM99028372
RACH00MZMZ7234404681,RACH,MZMZ72344046
IMQI00KLOK4821215373,IMQI,KLOK48212153
EAHG00OFDQ5431040186,EAHG,OFDQ54310401
ZLQX00XZIS0401984724,ZLQX,XZIS04019847
XZYI00SJPM9860963722,XZYI,SJPM98609637
UITL00IBYW0044629314,UITL,IBYW00446293
FMZH00BMPY3238370538,FMZH,BMPY32383705
HCKV00VDJJ0300154521,HCKV,VDJJ03001545
OIRL00XWTV6122265335,OIRL,XWTV61222653
OTGK00MJGN7703546527,OTGK,MJGN77035465
LIGA00QRFH8715678730,LIGA,QRFH87156787
SBIG00ATQR5462422653,SBIG,ATQR54624226
SIDZ00XXGS6829466869,SIDZ,XXGS68294668
ERGJ00SHGS2816666373,ERGJ,SHGS28166663
NNVS00JVZC9309890020,NNVS,JVZC93098900
RUHF00OUSJ7340487877,RUHF,OUSJ73404878
NFGY00GRPG4865368428,NFGY,GRPG48653684
UOHJ00ZYLT0463355882,UOHJ,ZYLT04633558
INPZ00XBAE6466475159,INPZ,XBAE64664751
DMFN00TJEW1813560148,DMFN,TJEW18135601
LVCM00UCRB0661741418,LVCM,UCRB06617414
VAFD00VJYQ1947174495,VAFD,VJYQ19471744
NNCW00TUEZ2985746512,NNCW,TUEZ29857465
YYHP00ARHU7115181888,YYHP,ARHU71151818
CLDA00ZTJP2153145998,CLDA,ZTJP21531459
ORWR00MFHR7976994358,ORWR,MFHR79769943
AELI00TIUE5943805768,AELI,TIUE59438057
PVCY00JQBM5170145225,PVCY,JQBM51701452
GVTG00MPTF8435830541,GVTG,MPTF84358305
HVAF00WKZC3545141766,HVAF,WKZC35451417
PYAY00WUUY4837363430,PYAY,WUUY48373634
OGES00EUIU5394073535,OGES,EUIU53940735
XFHE00PYIY7416665390,XFHE,PYIY74166653
LSPY00QDJW7456978590,LSPY,QDJW74569785
VNAC00EDWF3721992780,VNAC,EDWF37219927
LOLS00KQCI1942575640,LOLS,KQCI19425756
ZOKL00QCOJ0241454938,ZOKL,QCOJ02414549
IKLW00QCWH0687566850,IKLW,QCWH06875668
QNDW00RYDE9187978504,QNDW,RYDE91879785
MMOZ00BFFH8851760404,MMOZ,BFFH88517604
LNHQ00EMIF4891474556,LNHQ,EMIF48914745
NQHB00VPXK5875094769,NQHB,VPXK58750947
DBUJ00WDJQ3256901763,DBUJ,WDJQ32569017
NHRH00OIWO1203647583,NHRH,OIWO12036475
CQQE00LBMJ2174719481,CQQE,LBMJ21747194
ZSZN00LFIT1870521742,ZSZN,LFIT18705217
BUOJ00EIVK5620312788,BUOJ,EIVK56203127
KLJH00LISA9585298562,KLJH,LISA95852985
GUKJ00ZRSW8796475121,GUKJ,ZRSW87964751
CZAZ00LMCA7966878255,CZAZ,LMCA79668782
UYEW00TQBG7359029834,UYEW,TQBG73590298
SCJT00ZWFV4184517320,SCJT,ZWFV41845173
NXCV00FOAJ6761378042,NXCV,FOAJ67613780
YZBS00JABC4811416876,YZBS,JABC48114168
YNHY00YLRK6368455088,YNHY,YLRK63684550
YSWZ00EENZ3843583850,YSWZ,EENZ38435838
DYBQ00BCEZ1561272781,DYBQ,BCEZ15612727
UQZR00ESKI5329135606,UQZR,ESKI53291356
QCUD00ZMLA6483245419,QCUD,ZMLA64832454
HNAT00ETAI5488159154,HNAT,ETAI54881591
LORM00XOGG9360081706,LORM,XOGG93600817
HTIH00SNQC9673099649,HTIH,SNQC96730996
CKNY00HOQP1834573725,CKNY,HOQP18345737
XVNO00STYT6131897640,XVNO,STYT61318976
BSVH00OSYN3738220850,BSVH,OSYN37382208
OLDY00ZAOF7872067823,OLDY,ZAOF78720678
DRKB00KLEZ9750894968,DRKB,KLEZ97508949
HAAC00AXCU6696252941,HAAC,AXCU66962529
IDGD00YXBL4910425011,IDGD,YXBL49104250
CWYP00ZVCR7040362502,CWYP,ZVCR70403625
GHMB00WUOQ9352026124,GHMB,WUOQ93520261
OBLS00NJFO7225805617,OBLS,NJFO72258056
JEWU00RBMQ7975352760,JEWU,RBMQ79753527
ATRK00IWJO1511958931,ATRK,IWJO15119589
YOPH00ZGQS5302049846,YOPH,ZGQS53020498
PDQE00XJDI4295349486,PDQE,XJDI42953494
AGXK00VAAS3864747459,AGXK,VAAS38647474
EMQA00OJDI7582388808,EMQA,OJDI75823888
QXFN00SPUB3844063967,QXFN,SPUB38440639
NDWY00YKQO8245436266,NDWY,YKQO82454362
JLHE00IJFG0718171033,JLHE,IJFG07181710
CJAP00GUXE7036596736,CJAP,GUXE70365967
MDVE00LNDB2365497887,MDVE,LNDB23654978
SKJO00UKMW0024348361,SKJO,UKMW00243483
QYVZ00YPZC3005844108,QYVZ,YPZC30058441
PNIZ00EBEW4616072464,PNIZ,EBEW46160724
SXLG00GCQK3078871840,SXLG,GCQK30788718
CHPY00BBQX5748026862,CHPY,BBQX57480268
VFHT00EGSN0178498193,VFHT,EGSN01784981
CPDA00SOVY6373299718,CPDA,SOVY63732997
JHYM00LDNQ1108440142,JHYM,LDNQ11084401
ALEC00GEZW9154927013,ALEC,GEZW91549270
QXPU00WLBT1751264473,QXPU,WLBT17512644
KUCK00AXYC6542852174,KUCK,AXYC65428521
PYWM00AFLH8173037148,PYWM,AFLH81730371
PMQO00EIHW7272800577,PMQO,EIHW72728005
QJXK00KUQY4293502144,QJXK,KUQY42935021
XVNR00MYTC5608212683,XVNR,MYTC56082126
YXWE00BMCP8691020451,YXWE,BMCP86910204
NVGJ00OEBP3904585424,NVGJ,OEBP39045854
JJVH00PUKE4111240018,JJVH,PUKE41112400
XCIZ00ZBPJ9093063564,XCIZ,ZBPJ90930635
LKED00XSAB0986201846,LKED,XSAB09862018
IYZT00KKET7485024550,IYZT,KKET74850245
UAOI00EFMI8097062233,UAOI,EFMI80970622
JBLE00NZFN5223238764,JBLE,NZFN52232387
PGTO00GZGI9062972814,PGTO,GZGI90629728
ORHJ00VOOD3555012550,ORHJ,VOOD35550125
CXAR00INYS6409868545,CXAR,INYS64098685
RVHE00CXHR3141728673,RVHE,CXHR31417286
CCBZ00LKWH4925632189,CCBZ,LKWH49256321
TNPV00BQTA8055520777,TNPV,BQTA80555207
RPXB00DNHR6716785175,RPXB,DNHR67167851
XKOT00MNOL7188309294,XKOT,MNOL71883092
JUOV00UZKA0415045692,JUOV,UZKA04150456
WKIT00KEVP5798458319,WKIT,KEVP57984583
CYDP00XBXR7857156167,CYDP,XBXR78571561
FTOW00IJWV3072462243,FTOW,IJWV30724622
WASL00AKGV0533367770,WASL,AKGV05333677
UBRY00HRBB2940749730,UBRY,HRBB29407497
PXUK00IEYY2191919075,PXUK,IEYY21919190
IDCC00QFCX9215214798,IDCC,QFCX92152147
NAXJ00RTBS5874324579,NAXJ,RTBS58743245
QASE00ADLG6710108745,QASE,ADLG67101087
XYYG00YLTI2398187854,XYYG,YLTI23981878
DWKF00NAAP5418375935,DWKF,NAAP54183759
YSWS00WXBG7062900958,YSWS,WXBG70629009
CZED00EDVQ8162232864,CZED,EDVQ81622328
IFXT00PGAA9859001178,IFXT,PGAA98590011
DNIJ00NOEU1221206133,DNIJ,NOEU12212061
DAOC00ARLA2474098091,DAOC,ARLA24740980
LTXJ00JGHS8636149617,LTXJ,JGHS86361496
TXNA00HGVK5201724336,TXNA,HGVK52017243
GPYL00JBDH7600264722,GPYL,JBDH76002647
JWJJ00BVRD4352722278,JWJJ,BVRD43527222
ODQI00ZMTV8050790484,ODQI,ZMTV80507904
GUTQ00VBCW3018451091,GUTQ,VBCW30184510
EYVD00KRBZ5555565835,EYVD,KRBZ55555658
EHZE00FYKG4697405059,EHZE,FYKG46974050
WRIC00RULR4897120575,WRIC,RULR48971205
HHUB00DLZV5225988096,HHUB,DLZV52259880
XHVX00YGXJ2150805969,XHVX,YGXJ21508059
AJVK00AILK8329618234,AJVK,AILK83296182
YFSD00EKPT9895546193,YFSD,EKPT98955461
ZSKN00IDLR4156131417,ZSKN,IDLR41561314
RHSO00EPHT2630013277,RHSO,EPHT26300132
AYWA00OGQG1548962172,AYWA,OGQG15489621
ZATM00SDYW6455576046,ZATM,SDYW64555760
EGPZ00VRZC1139129560,EGPZ,VRZC11391295
MDSF00RUYQ8831661443,MDSF,RUYQ88316614
QRMK00VRSH8134946372,QRMK,VRSH81349463
OGAK00ZSRN8061086364,OGAK,ZSRN80610863
UFBO00LXFF6015400308,UFBO,LXFF60154003
IERE00GNFY0346375189,IERE,GNFY03463751
WMJJ00EESU9955769250,WMJJ,EESU99557692
IGGZ00GUFQ8389277891,IGGZ,GUFQ83892778
FDIV00TYBN1052715566,FDIV,TYBN10527155
RRMT00HTVB6693493513,RRMT,HTVB66934935
BHLQ00SJRQ6307384264,BHLQ,SJRQ63073842
LGYU00JTGD7348308990,LGYU,JTGD73483089
QAEG00RQAU6415535724,QAEG,RQAU64155357
KFBU00RPDQ2841306817,KFBU,RPDQ28413068
JHYH00GGMN8784826176,JHYH,GGMN87848261
EMQJ00QWWY1425542046,EMQJ,QWWY14255420
RWKG00YCSK2986001306,RWKG,YCSK29860013
MHQP00OMEX7642845153,MHQP,OMEX76428451
ARQW00VGZW0423697396,ARQW,VGZW04236973
FWPN00OVFE1747939674,FWPN,OVFE17479396
LLTH00LKAJ3070315847,LLTH,LKAJ30703158
VQDD00UOKK7183447633,VQDD,UOKK71834476
CLQY00FMBO3693378038,CLQY,FMBO36933780
PBCJ00OPMW4497444442,PBCJ,OPMW44974444
VQJW00YJQG8982005265,VQJW,YJQG89820052
QKFK00OVZC9929178790,QKFK,OVZC99291787
IGBB00OKQW9880604488,IGBB,OKQW98806044
TUMG00NDEP3477222553,TUMG,NDEP34772225
ZTKC00WCCP3878263738,ZTKC,WCCP38782637
IXBS00SNDU7493755905,IXBS,SNDU74937559
HZGS00TSBO4715283266,HZGS,TSBO47152832
CWOM00TDCA8512826779,CWOM,TDCA85128267
BIYT00DTMU5660916541,BIYT,DTMU56609165
XQCQ00MMYA5751410819,XQCQ,MMYA57514108
ZFYL00IWMM4057208254,ZFYL,IWMM40572082
ZXEC00QGMF9112639430,ZXEC,QGMF91126394
YXYX00RYOF5033790289,YXYX,RYOF50337902
FDAK00DCVS9044205072,FDAK,DCVS90442050
QODA00HKER6677110587,QODA,HKER66771105
FLWZ00UEYS6767644594,FLWZ,UEYS67676445
DNBW00TJLM0044184402,DNBW,TJLM00441844
LXYM00BXJZ5452680878,LXYM,BXJZ54526808
BURP00IQED0378718364,BURP,IQED03787183
JQDJ00TDHN8549452558,JQDJ,TDHN85494525
FYOD00RKGF4282833623,FYOD,RKGF42828336
BIAD00SRPW6797223058,BIAD,SRPW67972230
YLUW00QART5409164497,YLUW,QART54091644
JXDK00JZKJ7266312277,JXDK,JZKJ72663122
KFXI00XYYL1309068269,KFXI,XYYL13090682
UPSW00QFUM5481035479,UPSW,QFUM54810354
VLQB00TJNB4793761394,VLQB,TJNB47937613
QFFU00BFVU5308861051,QFFU,BFVU53088610
YJYX00GNQJ6893490082,YJYX,GNQJ68934900
VULY00MLAC5745671631,VULY,MLAC57456716
JEOY00DCFI9065032922,JEOY,DCFI90650329
TIXI00ZFQS3739104460,TIXI,ZFQS37391044
KTHE00QMTZ0664569990,KTHE,QMTZ06645699
SNCI00AJTT6850462842,SNCI,AJTT68504628
SLJJ00JSDM8460159907,SLJJ,JSDM84601599
UBKY00DMNG3156130992,UBKY,DMNG31561309
NVFE00ACXI0769668930,NVFE,ACXI07696689
BMPL00FJGF8389443810,BMPL,FJGF83894438
NEJR00XHJY4413228232,NEJR,XHJY44132282
AQMB00VJUO9494875650,AQMB,VJUO94948756
RVNC00XILF1098412880,RVNC,XILF10984128
XCJT00QXRN4785980803,XCJT,QXRN47859808
YFJZ00IOTJ8026138817,YFJZ,IOTJ80261388
GMSB00YRQI2143706345,GMSB,YRQI21437063
KHBT00JLCF9794601038,KHBT,JLCF97946010
JPMO00WKBA3747917697,JPMO,WKBA37479176
GYYI00PHBW1044889936,GYYI,PHBW10448899
HWCL00JMKS4348441549,HWCL,JMKS43484415
KJVA00SAYA8466321163,KJVA,SAYA84663211
KGXH00YSQK5848963949,KGXH,YSQK58489639
JGSD00ERUP9925708308,JGSD,ERUP99257083
BTRG00PTMZ7495126002,BTRG,PTMZ74951260
CYMV00UMBD7326623735,CYMV,UMBD73266237
JWCJ00BVCP3344369688,JWCJ,BVCP33443696
OCZE00QPJN7396433603,OCZE,QPJN73964336
LTMZ00CEYO0574083432,LTMZ,CEYO05740834
VZRE00DOVO0460916066,VZRE,DOVO04609160
QJKX00KHNW5264576053,QJKX,KHNW52645760
VPJD00CFSL5352660226,VPJD,CFSL53526602
MKHM00XWZS6473324858,MKHM,XWZS64733248
YUOQ00UHTF4607677433,YUOQ,UHTF46076774
CHLG00SFKT3971956924,CHLG,SFKT39719569
FWOP00QBBI4833060704,FWOP,QBBI48330607
DSQH00RNSW7853535285,DSQH,RNSW78535352
GIQN00UXDD2489113847,GIQN,UXDD24891138
QJRH00UNVN9502283340,QJRH,UNVN95022833
BENR00IBKA0338662070,BENR,IBKA03386620
BUUA00TENG3401317505,BUUA,TENG34013175
JGVO00CDNW3359092707,JGVO,CDNW33590927
QXTG00YPOS2929664302,QXTG,YPOS29296643
BVMF00ARTC3002752022,BVMF,ARTC30027520
QYQS00CTNB9107554721,QYQS,CTNB91075547
MPHI00ZLBU5648191083,MPHI,ZLBU56481910
CPMZ00YKLC9298242906,CPMZ,YKLC92982429
DDTB00VEJN3415655003,DDTB,VEJN34156550
PUDG00MARO1405348888,PUDG,MARO14053488
GFIA00IDSP7493799356,GFIA,IDSP74937993
OBNN00LERP7656185263,OBNN,LERP76561852
BXHZ00IQSH4521042496,BXHZ,IQSH45210424
TWQF00FNSH4615880687,TWQF,FNSH46158806
QQMF00UDKS8713587203,QQMF,UDKS87135872
EPLK00IMQU3085004554,EPLK,IMQU30850045
BJQK00RACS1413957360,BJQK,RACS14139573
PFAB00XLFI8331361057,PFAB,XLFI83313610
IPJD00YAYD3461402995,IPJD,YAYD34614029
DSZU00PZIY5138342884,DSZU,PZIY51383428
ORQN00QCHT2362416654,ORQN,QCHT23624166
FXXM00TDUN4311798208,FXXM,TDUN43117982
JSIZ00IMKJ5384195575,JSIZ,IMKJ53841955
TWPL00OGRC3880157304,TWPL,OGRC38801573
XLGR00BTSM7360982484,XLGR,BTSM73609824
TDYZ00DWTR3263391778,TDYZ,DWTR32633917
RGWQ00DFJH0585849475,RGWQ,DFJH05858494
ZZUW00MIGK5014533505,ZZUW,MIGK50145335
VJIG00ZDKT2593076003,VJIG,ZDKT25930760
FMEL00GKQO6447525021,FMEL,GKQO64475250
RQBI00CDJR8963712837,RQBI,CDJR89637128
RXHO00SDRL2753432484,RXHO,SDRL27534324
METB00GSXP4487057936,METB,GSXP44870579
CLPV00EIRK8072249922,CLPV,EIRK80722499
XOQH00JPMH7284181310,XOQH,JPMH72841813
AKGX00VYUK4740507897,AKGX,VYUK47405078
MMDA00EFWJ8430183753,MMDA,EFWJ84301837
CEAS00WLPK3498767572,CEAS,WLPK34987675
TTRL00ILSM6445321076,TTRL,ILSM64453210
NNSH00HFBY9385333645,NNSH,HFBY93853336
UPDJ00VUKZ8192685887,UPDJ,VUKZ81926858
MEPO00RLLK0319991650,MEPO,RLLK03199916
DMOE00LLZH5670082581,DMOE,LLZH56700825
ZLYF00YLNG7118228735,ZLYF,YLNG71182287
SPHC00LYCZ1189903312,SPHC,LYCZ11899033
CARV00ANVB4573848242,CARV,ANVB45738482
LCUV00BHGV5446574612,LCUV,BHGV54465746
JMOT00QZEJ4937793862,JMOT,QZEJ49377938
NLNM00JNHJ1100966768,NLNM,JNHJ11009667
AEGI00KFFA5259252754,AEGI,KFFA52592527
LITI00ZVHK0667363510,LITI,ZVHK06673635
KIJO00ZHKO9432296165,KIJO,ZHKO94322961
EWDW00XVLK5074954582,EWDW,XVLK50749545
DXUL00CELA3457617730,DXUL,CELA34576177
SBVO00AQPM8836406663,SBVO,AQPM88364066
BVQC00UFPD0489376152,BVQC,UFPD04893761
UBUR00YTKI5236760911,UBUR,YTKI52367609
XHBY00DFKN1199222394,XHBY,DFKN11992223
ETUB00XNEB4378136872,ETUB,XNEB43781368
ZLTL00FQLR0488622955,ZLTL,FQLR04886229
GSVI00UAAX8434472064,GSVI,UAAX84344720
CBXS00XDWU7706388415,CBXS,XDWU77063884
XHML00DOZJ5603189653,XHML,DOZJ56031896
SAOQ00LWKT2436470610,SAOQ,LWKT24364706
UXBR00GFKQ6718186912,UXBR,GFKQ67181869
WEFG00FSQS0756299845,WEFG,FSQS07562998
RZDP00UNVD9491223880,RZDP,UNVD94912238
BVKL00IUJH3090837904,BVKL,IUJH30908379
XYGG00SCQM4139638449,XYGG,SCQM41396384
XNLD00HMSP6100520269,XNLD,HMSP61005202
NFPH00SFEK5958780462,NFPH,SFEK59587804
SFWU00LLXF1106820358,SFWU,LLXF11068203
UIOG00OVWV6681092847,UIOG,OVWV66810928
TPBU00MYKL2656817142,TPBU,MYKL26568171
PLMH00JWTT8606768105,PLMH,JWTT86067681
JWUR00MCAW4707284211,JWUR,MCAW47072842
TKUB00MILK8675529693,TKUB,MILK86755296
JKGF00XRSZ0934507516,JKGF,XRSZ09345075
LTDW00GQEX0345537680,LTDW,GQEX03455376
AKTB00NBJA8583942933,AKTB,NBJA85839429
VAQB00HKGG1805787043,VAQB,HKGG18057870
QGQZ00ENIY9547058579,QGQZ,ENIY95470585
FVGC00UARK8634650982,FVGC,UARK86346509
TWQB00PMHR1329352662,TWQB,PMHR13293526
NRHC00BDQF7292356526,NRHC,BDQF72923565
RVQG00HPKN7160234083,RVQG,HPKN71602340
WSFZ00JQJX1793842157,WSFZ,JQJX17938421
OYBL00ZTAN4869734691,OYBL,ZTAN48697346
FIRA00BUCS8417226610,FIRA,BUCS84172266
BMUX00ZTFV4024452527,BMUX,ZTFV40244525
KNSY00PDSX6589688583,KNSY,PDSX65896885
FKHU00UGSG2082976580,FKHU,UGSG20829765
FPID00RUNQ3962191381,FPID,RUNQ39621913
YMEK00MHRS8155287713,YMEK,MHRS81552877
XCWW00KPZI4268044938,XCWW,KPZI42680449
DBEW00PSZD4432418858,DBEW,PSZD44324188
OKCB00FGOK4700312869,OKCB,FGOK47003128
EOHP00QDBO8176586120,EOHP,QDBO81765861
SMJM00RAQY2252332366,SMJM,RAQY22523323
OFUI00USMG0245348072,OFUI,USMG02453480
AZAK00FTGA2434046743,AZAK,FTGA24340467
WIET00BLPC0530277852,WIET,BLPC05302778
JRYH00JLTF9027777328,JRYH,JLTF90277773
CHHT00EXYX3617807220,CHHT,EXYX36178072
UJSO00VPVT6745237638,UJSO,VPVT67452376
AYOE00ZVRV8209963107,AYOE,ZVRV82099631
KERO00QCWH0051282980,KERO,QCWH00512829
CZSD00ZFST1666084752,CZSD,ZFST16660847
LARH00JCJV3826129659,LARH,JCJV38261296
EJLI00JISK4371726986,EJLI,JISK43717269
BRNE00BTHK6620179715,BRNE,BTHK66201797
NMHB00PMKK7076828280,NMHB,PMKK70768282
GLVG00LYCB4962404074,GLVG,LYCB49624040
OBCP00JRRO6253801362,OBCP,JRRO62538013
XCOY00HNZQ4090601434,XCOY,HNZQ40906014
CTTH00HLTM6555561969,CTTH,HLTM65555619
ICTK00XPQQ8295974389,ICTK,XPQQ82959743
FHGZ00FDGO9319733669,FHGZ,FDGO93197336
GGJF00MLIQ9050978470,GGJF,MLIQ90509784
BOFL00HQGQ8429078531,BOFL,HQGQ84290785
HKMR00XCTR0957648009,HKMR,XCTR09576480
CKQJ00CALS9286034032,CKQJ,CALS92860340
WETZ00MRRY2014453246,WETZ,MRRY20144532
YQEN00UZXQ5933610540,YQEN,UZXQ59336105
WXTQ00MAWV0973039548,WXTQ,MAWV09730395
MVCQ00LGQT2883209195,MVCQ,LGQT28832091
DZAJ00WAOR1281430818,DZAJ,WAOR12814308
KOTI00TEBO3969202564,KOTI,TEBO39692025
TJVY00PMVP2435057432,TJVY,PMVP24350574
HPUT00QEUY6507455469,HPUT,QEUY65074554
UZQX00GKVD7252512211,UZQX,GKVD72525122
DTAA00STIA9783782417,DTAA,STIA97837824
YXJX00RTUH2648967931,YXJX,RTUH26489679
APLU00PAGQ8775631096,APLU,PAGQ87756310
KNQM00RAVR7735891837,KNQM,RAVR77358918
XBRR00XUMS1088540762,XBRR,XUMS10885407
UNLX00KCSH2314150246,UNLX,KCSH23141502
MZKT00FICU4238308802,MZKT,FICU42383088
PZJY00RYXX7661017510,PZJY,RYXX76610175
XGMP00EAPC6013348378,XGMP,EAPC60133483
HGGZ00EBIY8091384333,HGGZ,EBIY80913843
TRJN00NVSI6597838489,TRJN,NVSI65978384
OMCT00HKTK0499737750,OMCT,HKTK04997377
ZLOB00NGWU6322949756,ZLOB,NGWU63229497
FSZI00SFVF8513047603,FSZI,SFVF85130476
PTSY00DNHE7983548827,PTSY,DNHE79835488
YOJZ00WBSP2946773459,YOJZ,WBSP29467734
IJWN00GUKV4588623647,IJWN,GUKV45886236
INKZ00VIFT9798542489,INKZ,VIFT97985424
OAPB00AZIQ7628049732,OAPB,AZIQ76280497
IZTQ00ZFZA3674135590,IZTQ,ZFZA36741355
PJYR00CQAR6918559685,PJYR,CQAR69185596
HCHA00BDWJ8874587149,HCHA,BDWJ88745871
XSSZ00RHOE6078884102,XSSZ,RHOE60788841
GELY00AHVD9173330531,GELY,AHVD91733305
OKEJ00JGCA6256754028,OKEJ,JGCA62567540
UPVI00ZKMV1054763960,UPVI,ZKMV10547639
MDHB00ECGO6575804638,MDHB,ECGO65758046
DNVP00NKFK6171910064,DNVP,NKFK61719100
KGGY00DDOY1998374947,KGGY,DDOY19983749
JZCX00ELPQ4999648254,JZCX,ELPQ49996482
WSPP00PNZS7576562441,WSPP,PNZS75765624
OOTZ00LRKA6929325119,OOTZ,LRKA69293251
ICWD00SYWA6826300109,ICWD,SYWA68263001
TIXU00YYAF6992690589,TIXU,YYAF69926905
BYPE00HYYU2543319349,BYPE,HYYU25433193
NJJE00CCWT3431572411,NJJE,CCWT34315724
JBJO00TXLX9195797338,JBJO,TXLX91957973
AMRU00JEZF7131290994,AMRU,JEZF71312909
QWVJ00RUVF8119748698,QWVJ,RUVF81197486
QGRS00KPPL9656876066,QGRS,KPPL96568760
QPKE00BQRJ2243215009,QPKE,BQRJ22432150
YTBI00EUOK8331255167,YTBI,EUOK83312551
RNVS00SYRM7647268252,RNVS,SYRM76472682
TSCQ00AZZD7560848554,TSCQ,AZZD75608485
HVGX00NZNC0704658334,HVGX,NZNC07046583
RGLA00BZDO7163121082,RGLA,BZDO71631210
HJAT00YEMP7153663683,HJAT,YEMP71536636
AXHL00TNPZ1607109914,AXHL,TNPZ16071099
HSEQ00NPEB6322495659,HSEQ,NPEB63224956
SHOX00DLRF3862680904,SHOX,DLRF38626809
GDWX00NTYI2512074048,GDWX,NTYI25120740
YMAC00XITU0069634117,YMAC,XITU00696341
WLZM00XGAG3359620016,WLZM,XGAG33596200
JURH00AWYO9442916677,JURH,AWYO94429166
SJNE00RVHU6390075188,SJNE,RVHU63900751
ZTBT00TBXL8669128967,ZTBT,TBXL86691289
CUGB00YQIN1200245092,CUGB,YQIN12002450
FJZF00RXSO3626108647,FJZF,RXSO36261086
OBQV00BQEI2652973111,OBQV,BQEI26529731
JCKX00OJOR2954399125,JCKX,OJOR29543991
FAXD00JBLC5458043545,FAXD,JBLC54580435
VBPJ00UNUW8927015971,VBPJ,UNUW89270159
NZOA00IOLY5422556009,NZOA,IOLY54225560
ZTGB00CBJK0405326860,ZTGB,CBJK04053268
RJLQ00IMQV7812744441,RJLQ,IMQV78127444
AEPR00NMBH6093736158,AEPR,NMBH60937361
XRRK00AFUJ0995016972,XRRK,AFUJ09950169
XUIV00MYUO2271208738,XUIV,MYUO22712087
ATWW00VYTB9805741850,ATWW,VYTB98057418
MTJO00VQHC1730430506,MTJO,VQHC17304305
BACA00BWGP0201325610,BACA,BWGP02013256
QHJN00RAIS3493618368,QHJN,RAIS34936183
DTNL00EVGA9597210605,DTNL,EVGA95972106
HXBJ00QRDQ7750406188,HXBJ,QRDQ77504061
UUKN00EHLV1476762439,UUKN,EHLV14767624
LWSM00CUHO7755998346,LWSM,CUHO77559983
MIRV00WWBT3790490875,MIRV,WWBT37904908
DOHI00SFFY5676147969,DOHI,SFFY56761479
ZMAK00LKAG4364555507,ZMAK,LKAG43645555
YBUA00WJYD3494000087,YBUA,WJYD34940000
LLAF00NGMI6150132935,LLAF,NGMI61501329
OPLQ00KHJD4067175526,OPLQ,KHJD40671755
PFJG00TKWA1171776827,PFJG,TKWA11717768
NKWB00URPG4811665869,NKWB,URPG48116658
LCAZ00XHKZ6161253249,LCAZ,XHKZ61612532
FDBW00SNKC6570680809,FDBW,SNKC65706808
TERK00ERXU3773016473,TERK,ERXU37730164
IGMU00YMEB1082545716,IGMU,YMEB10825457
APOJ00ZZOO9265039973,APOJ,ZZOO92650399
MQMA00JYAC4814577321,MQMA,JYAC48145773
WCXL00FCSF7379977381,WCXL,FCSF73799773
CJAE00AZIV5074671392,CJAE,AZIV50746713
FXYE00CZJV3916955269,FXYE,CZJV39169552
BJCD00OXAL8575574428,BJCD,OXAL85755744
IYTV00HBML5165297369,IYTV,HBML51652973
XLSD00MTOJ2165870645,XLSD,MTOJ21658706
GMCW00FCRS5504382322,GMCW,FCRS55043823
QKKA00QHWD3743100077,QKKA,QHWD37431000
JVMJ00AYEN2674898888,JVMJ,AYEN26748988
QYMA00OZDT7142247779,QYMA,OZDT71422477
CRIX00LXYN7356112392,CRIX,LXYN73561123
DYJC00UEMY8856261922,DYJC,UEMY88562619
UNBT00VUCA5719092698,UNBT,VUCA57190926
UGOH00PAVC6831830434,UGOH,PAVC68318304
FSJK00NQHS3841058846,FSJK,NQHS38410588
RLTN00FURY5474845510,RLTN,FURY54748455
TJXL00RGBB7606307915,TJXL,RGBB76063079
XHJJ00HOSN8413568937,XHJJ,HOSN84135689
BSHH00BLSR7495010365,BSHH,BLSR74950103
WDKJ00WIFV3452246936,WDKJ,WIFV34522469
NMKG00YOFL0331430111,NMKG,YOFL03314301
IYXU00MUZB8780089911,IYXU,MUZB87800899
RORE00VVHQ6744740448,RORE,VVHQ67447404
MEZX00ANTB5286906317,MEZX,ANTB52869063
ZZAX00VOOJ5258326976,ZZAX,VOOJ52583269
HCLE00OTDD8908162315,HCLE,OTDD89081623
PPRL00BMCS2797166646,PPRL,BMCS27971666
EFZP00EDBF4410437497,EFZP,EDBF44104374
MTHP00NGQD9513786185,MTHP,NGQD95137861
CDCW00XECB8280865019,CDCW,XECB82808650
UFRK00EGEJ8249582213,UFRK,EGEJ82495822
TCQV00IEMY2988748748,TCQV,IEMY29887487
AXSE00RTGH2713869648,AXSE,RTGH27138696
GPRS00SCEZ6836664681,GPRS,SCEZ68366646
UXEA00QOQI8802694666,UXEA,QOQI88026946
OGCV00PEFU1006958749,OGCV,PEFU10069587
KCNM00TTWT6032166580,KCNM,TTWT60321665
USKI00CNRI3173288732,USKI,CNRI31732887
RGYV00DERY0553070319,RGYV,DERY05530703
MDUM00ZZUD6892143921,MDUM,ZZUD68921439
HKFI00KFGD7582187739,HKFI,KFGD75821877
DWUI00MKKD7052975145,DWUI,MKKD70529751
CXOZ00UMQH2917415936,CXOZ,UMQH29174159
ECFS00CIBL1075816964,ECFS,CIBL10758169
YXMS00ECCI2679708527,YXMS,ECCI26797085
KOYL00NNQS7101700642,KOYL,NNQS71017006
JNWU00QEOW7775102660,JNWU,QEOW77751026
RVFQ00KBYV6303812429,RVFQ,KBYV63038124
XWWO00NYBX7196324929,XWWO,NYBX71963249
NHNR00LAGV8071852330,NHNR,LAGV80718523
MLMT00ADUJ2439089802,MLMT,ADUJ24390898
ARGN00WGLC1918876933,ARGN,WGLC19188769
UZVL00UAMB7599571412,UZVL,UAMB75995714
EICQ00MHUP5774098680,EICQ,MHUP57740986
NEHK00GIWE0233312623,NEHK,GIWE02333126
VEMH00LIME6619271478,VEMH,LIME66192714
GLBX00KMRP0989749165,GLBX,KMRP09897491
ISXJ00SWWS7459606887,ISXJ,SWWS74596068
ZPEB00DBJH1269353049,ZPEB,DBJH12693530
JAVT00CGEH2878951675,JAVT,CGEH28789516
OIJS00LRKF4222128059,OIJS,LRKF42221280
NGAB00VWRA6282416961,NGAB,VWRA62824169
BYGQ00WZRX3264022098,BYGQ,WZRX32640220
JKGA00QRWZ2034006025,JKGA,QRWZ20340060
WIIQ00AWGQ0938418779,WIIQ,AWGQ09384187
DWWN00NGXE6374491870,DWWN,NGXE63744918
IKEV00LRSZ6105993012,IKEV,LRSZ61059930
BKCU00GTXL9772435591,BKCU,GTXL97724355
MYUE00ZABX5076020791,MYUE,ZABX50760207
YEWB00WHHO6118158616,YEWB,WHHO61181586
DDLK00YBYT9324140561,DDLK,YBYT93241405
IIWN00NUIH8894911138,IIWN,NUIH88949111
HVBL00UOEB4886037140,HVBL,UOEB48860371
XIYI00LBFP3451185935,XIYI,LBFP34511859
JPRT00IEJA1472742544,JPRT,IEJA14727425
EHRT00LBCU3474312907,EHRT,LBCU34743129
STBS00JBRX4263682432,STBS,JBRX42636824
KBQE00HSRN6393515718,KBQE,HSRN63935157
LTZV00DREQ8590326510,LTZV,DREQ85903265
HZKT00KQBV0099743375,HZKT,KQBV00997433
DKCI00VZWU2620366843,DKCI,VZWU26203668
MMTU00LWFR1995593575,MMTU,LWFR19955935
MUZV00FRAI3728146970,MUZV,FRAI37281469
GMAE00WDWJ6878371086,GMAE,WDWJ68783710
JGEL00JZVB4785651980,JGEL,JZVB47856519
XYHT00EEKL8017701011,XYHT,EEKL80177010
MZYK00ISKZ3103734735,MZYK,ISKZ31037347
CYBN00SALC0964431472,CYBN,SALC09644314
HPDJ00RQJW7718684031,HPDJ,RQJW77186840
OXHV00TJUU9498048093,OXHV,TJUU94980480
KMSQ00MNCR7571837011,KMSQ,MNCR75718370
MQXU00ERUO4325422788,MQXU,ERUO43254227
GVYI00BWIZ5393207774,GVYI,BWIZ53932077
OSWC00KJNB7763266265,OSWC,KJNB77632662
VHZS00TOII5758723145,VHZS,TOII57587231
RNXO00BPMJ0926128006,RNXO,BPMJ09261280
VXHT00PQWI4216118348,VXHT,PQWI42161183
YCXH00NIKE8385806136,YCXH,NIKE83858061
OYWB00KNMS1315619215,OYWB,KNMS13156192
OLIZ00NNKO6497810821,OLIZ,NNKO64978108
DWPM00WLIH2716079765,DWPM,WLIH27160797
WICX00EALQ9987051767,WICX,EALQ99870517
KTTA00BIEY4710730110,KTTA,BIEY47107301
XZYY00COKV0890089295,XZYY,COKV08900892
HXQM00NPXV6686398934,HXQM,NPXV66863989
ECZJ00KKTX4478094784,ECZJ,KKTX44780947
DBJI00OUSO6623418662,DBJI,OUSO66234186
HJOU00YEQS4239750127,HJOU,YEQS42397501
WYVT00DVWG7955217336,WYVT,DVWG79552173
KLPU00TNBJ5567129535,KLPU,TNBJ55671295
BPGA00LUNH4297544964,BPGA,LUNH42975449
WUQK00SMFG9462483482,WUQK,SMFG94624834
NABG00AIYE9331331443,NABG,AIYE93313314
RROT00SCZK6083629597,RROT,SCZK60836295
XKVC00NCCQ8810278791,XKVC,NCCQ88102787
MOYW00JRHF7841972308,MOYW,JRHF78419723
OPSW00GNSM0298051548,OPSW,GNSM02980515
EACL00RPQD6133780161,EACL,RPQD61337801
LMPJ00CSIU3259020855,LMPJ,CSIU32590208
FGYJ00NOWC4705702258,FGYJ,NOWC47057022
NFBC00RLHQ3272878510,NFBC,RLHQ32728785
TZTG00KYNS2452013414,TZTG,KYNS24520134
QDNH00UVLM0354693486,QDNH,UVLM03546934
DZWJ00ZYFX1196031136,DZWJ,ZYFX11960311
NXMP00SKHT1005860553,NXMP,SKHT10058605
ATNK00KGAS6236442009,ATNK,KGAS62364420
DZLZ00CKEZ8364724340,DZLZ,CKEZ83647243
YZCS00EJJT4262488183,YZCS,EJJT42624881
OAGN00EGXP7096897315,OAGN,EGXP70968973
VAKM00PPVR3299755351,VAKM,PPVR32997553
GYOR00YVTN1466408448,GYOR,YVTN14664084
HOAL00ISTS6160150069,HOAL,ISTS61601500
NZQY00UMFO2301945825,NZQY,UMFO23019458
YEVR00IUNN6035155083,YEVR,IUNN60351550
PVYT00SSNY3653730839,PVYT,SSNY36537308
CLTW00PUZI1394451133,CLTW,PUZI13944511
OYCN00FEHV8364471989,OYCN,FEHV83644719
TRJU00XTJJ9267659948,TRJU,XTJJ92676599
BOLE00BPNN3738727631,BOLE,BPNN37387276
RGEQ00VIZT6622385697,RGEQ,VIZT66223856
AGSG00RWNB0214878283,AGSG,RWNB02148782
KMBM00BJSS8715957914,KMBM,BJSS87159579
YLUV00CPQI6023944830,YLUV,CPQI60239448
QHFO00EAUR3683816541,QHFO,EAUR36838165
ILGO00PGXI4218930611,ILGO,PGXI42189306
MMRI00ZPGA4943232436,MMRI,ZPGA49432324
TRMO00GPRB9765502914,TRMO,GPRB97655029
FNUK00LBWK9080975160,FNUK,LBWK90809751
AAND00POOK2720663741,AAND,POOK27206637
KTRS00TDZI2643762780,KTRS,TDZI26437627
GLVW00QZJG6625285073,GLVW,QZJG66252850
FIYK00IRUF4777552755,FIYK,IRUF47775527
EVLG00GUPG3469347544,EVLG,GUPG34693475
FJUK00BTQP9955828075,FJUK,BTQP99558280
MFOI00AHRF5616440114,MFOI,AHRF56164401
YVEC00DBKE0478793633,YVEC,DBKE04787936
IEBY00WNZS1852226718,IEBY,WNZS18522267
PPNS00ZSVH6471906780,PPNS,ZSVH64719067
RQWI00GBCR9374155895,RQWI,GBCR93741558
OMYT00PFLT6136122718,OMYT,PFLT61361227
XJTA00MUKW0455627512,XJTA,MUKW04556275
YOMV00HJRU0631356536,YOMV,HJRU06313565
QYOD00ZHZT4649481221,QYOD,ZHZT46494812
ZABI00SCDG7762608182,ZABI,SCDG77626081
BNPR00YPXA4117176203,BNPR,YPXA41171762
CZXH00EALE3404881827,CZXH,EALE34048818
YHHQ00FJZE8711031744,YHHQ,FJZE87110317
DZHQ00KMAB4956695861,DZHQ,KMAB49566958
IUSX00UXRM0163075602,IUSX,UXRM01630756
GMTA00XJRR1791639456,GMTA,XJRR17916394
JGAY00NBTI5402888908,JGAY,NBTI54028889
AQHJ00HFZY1501921786,AQHJ,HFZY15019217
SDFW00PXPS1280406792,SDFW,PXPS12804067
LFPV00CDNU1543888874,LFPV,CDNU15438888
VKKA00RJTF8468003756,VKKA,RJTF84680037
QAXP00WEGQ7442976759,QAXP,WEGQ74429767
BZOZ00WZKH8110879888,BZOZ,WZKH81108798
JHCZ00VMQL0841117605,JHCZ,VMQL08411176
IYCK00FWMW7654089410,IYCK,FWMW76540894
NTMZ00DEJN2983047388,NTMZ,DEJN29830473
DKQK00VYUG0866757730,DKQK,VYUG08667577
ZMMZ00QSEF3232525397,ZMMZ,QSEF32325253
UIHG00SVMF7133845826,UIHG,SVMF71338458
UXVD00VMJJ7614995952,UXVD,VMJJ76149959
AMZV00MXZE3345160648,AMZV,MXZE33451606
UCJK00VDGL2398093890,UCJK,VDGL23980938
ITDJ00SGFF7658988976,ITDJ,SGFF76589889
DYVR00XZPF5975078418,DYVR,XZPF59750784
VGNC00DMLR4903872634,VGNC,DMLR49038726
NPSF00VNOC5680306227,NPSF,VNOC56803062
DQJB00YSSO7346775440,DQJB,YSSO73467754
XRPS00STAO5836947651,XRPS,STAO58369476
KHQI00ACLF4985670008,KHQI,ACLF49856700
QQGF00QZTF5685318402,QQGF,QZTF56853184
TGWE00SOAN6233695184,TGWE,SOAN62336951
AEVH00SUVV1998228254,AEVH,SUVV19982282
SLBL00IGDD1972127920,SLBL,IGDD19721279
HSUZ00JOCG7947607635,HSUZ,JOCG79476076
OUIU00PSXS0965185259,OUIU,PSXS09651852
FPFS00YXNF8044783149,FPFS,YXNF80447831
SFTK00ALOG9392725497,SFTK,ALOG93927254
XCLK00FQNQ3777715046,XCLK,FQNQ37777150
GYQY00FFXN1499497383,GYQY,FFXN14994973
WJQF00AXQT6500522282,WJQF,AXQT65005222
GOXT00JMDH9583436512,GOXT,JMDH95834365
WANC00HZMV6731971215,WANC,HZMV67319712
DHFZ00KRFX3717704214,DHFZ,KRFX37177042
PVKN00JETK7302143970,PVKN,JETK73021439
VIQG00PHKU1371326026,VIQG,PHKU13713260
RFNJ00RYEU3278525926,RFNJ,RYEU32785259
ZLQK00CEUJ3241188211,ZLQK,CEUJ32411882
WQWB00DLLI7677871793,WQWB,DLLI76778717
HPAK00FZMW7552869440,HPAK,FZMW75528694
IMHJ00TBCB8182988509,IMHJ,TBCB81829885
OCPO00QAJI1646534608,OCPO,QAJI16465346
JSDV00FMNU8320092064,JSDV,FMNU83200920
DEVZ00MGJH9490257047,DEVZ,MGJH94902570
HFDB00NONM4191634865,HFDB,NONM41916348
ZJIY00OEOV1815941839,ZJIY,OEOV18159418
COMZ00OTXD3546151302,COMZ,OTXD35461513
NOER00DFJO9332438846,NOER,DFJO93324388
KKXI00IUWZ1775866303,KKXI,IUWZ17758663
TZWG00WZVE3016669519,TZWG,WZVE30166695
CXHI00OUNI8496150174,CXHI,OUNI84961501
UUQM00DUDE5373626127,UUQM,DUDE53736261
LCZW00ZEUO0896647660,LCZW,ZEUO08966476
NJFV00CAPD8500060548,NJFV,CAPD85000605
NXJB00FLSE6235834189,NXJB,FLSE62358341
IOMY00VKRS5122026959,IOMY,VKRS51220269
MRVJ00ZIOO1518436847,MRVJ,ZIOO15184368
EOGB00FKZA4931796023,EOGB,FKZA49317960
HACM00PPQQ8386191941,HACM,PPQQ83861919
KNRW00OTJT7339849366,KNRW,OTJT73398493
CIMI00WBZP0269419722,CIMI,WBZP02694197
KWCX00AFDJ1965537875,KWCX,AFDJ19655378
NLJL00TSYQ1396153323,NLJL,TSYQ13961533
RDQP00ZWHC5482348930,RDQP,ZWHC54823489
PWDU00JDBI4317394276,PWDU,JDBI43173942
HLLI00BVSE1631017258,HLLI,BVSE16310172
UVCR00GWNV8385177495,UVCR,GWNV83851774
XCVC00DEZN3008750321,XCVC,DEZN30087503
ZIXF00DCTM3199536579,ZIXF,DCTM31995365
VSHC00BYWV0820056166,VSHC,BYWV08200561
BHLN00VQHW5260780807,BHLN,VQHW52607808
ZQUD00OEJX0835589695,ZQUD,OEJX08355896
OAJX00KAVG1015076925,OAJX,KAVG10150769
UNLI00CLCZ2295707892,UNLI,CLCZ22957078
NSQV00BZME7331193983,NSQV,BZME73311939
DAGH00IHHB6959277134,DAGH,IHHB69592771
XFOG00ZYMB1309395802,XFOG,ZYMB13093958
IFZT00ARMP0101787503,IFZT,ARMP01017875
PWFS00CWFF4198092767,PWFS,CWFF41980927
ABOD00KOLB0258252127,ABOD,KOLB02582521
KPSZ00WYAZ7150079119,KPSZ,WYAZ71500791
HGDX00ZWRI7553235203,HGDX,ZWRI75532352
TGSQ00RKLJ8115437292,TGSQ,RKLJ81154372
MCCF00OPDD6135822887,MCCF,OPDD61358228
HSAT00PFYN1919350757,HSAT,PFYN19193507
YULG00VOBF1118343004,YULG,VOBF11183430
LNWH00LPME7311417387,LNWH,LPME73114173
OJKP00IBWV9013453304,OJKP,IBWV90134533
YROJ00THLU4649913151,YROJ,THLU46499131
KBQA00OQFF1994590245,KBQA,OQFF19945902
QFWS00ZPKW3270581813,QFWS,ZPKW32705818
VJOF00WWWD3341078567,VJOF,WWWD33410785
FOLD00CPBE1806403393,FOLD,CPBE18064033
CCJD00UTVX6813014758,CCJD,UTVX68130147
ARZV00QNCK1472062796,ARZV,QNCK14720627
QTGL00FYJJ9626483680,QTGL,FYJJ96264836
TCJR00IIRW5510004764,TCJR,IIRW55100047
FQHZ00TNKZ9699717468,FQHZ,TNKZ96997174
FARQ00SJGJ9633436062,FARQ,SJGJ96334360
GTQS00LJFQ6213076110,GTQS,LJFQ62130761
LCHV00DYUO7150134406,LCHV,DYUO71501344
JBGO00NWIA7142938354,JBGO,NWIA71429383
EMBZ00TPML9886482714,EMBZ,TPML98864827
ADXZ00XFST8224758093,ADXZ,XFST82247580
AVNK00WUMP0887974865,AVNK,WUMP08879748
PPFZ00NEEC4773331962,PPFZ,NEEC47733319
MVHG00BIQP8380133095,MVHG,BIQP83801330
ESOP00GSOS6723068821,ESOP,GSOS67230688
BMZG00VMBR3740287532,BMZG,VMBR37402875
ZWYK00QZPK1855188587,ZWYK,QZPK18551885
TCGN00AURP2043784151,TCGN,AURP20437841
CPDP00VNAC5168222670,CPDP,VNAC51682226
VCLR00WRDU4495875410,VCLR,WRDU44958754
FAEY00WQEE4692950243,FAEY,WQEE46929502
LJHO00QPZI5353769767,LJHO,QPZI53537697
YQKD00BQHY2632180353,YQKD,BQHY26321803
VEYV00EOCK3785448070,VEYV,EOCK37854480
UUBX00QBPZ9158259109,UUBX,QBPZ91582591
VKAE00HFFU6826284361,VKAE,HFFU68262843
LFTY00ECXN8023678253,LFTY,ECXN80236782
GABM00WKGX9302552052,GABM,WKGX93025520
MQNN00OFJM6521554071,MQNN,OFJM65215540
LPJQ00TJAD8685725695,LPJQ,TJAD86857256
KWCX00ZYNO2212984483,KWCX,ZYNO22129844
LIEJ00FMCY5504349439,LIEJ,FMCY55043494
GLXZ00DVKI8577372553,GLXZ,DVKI85773725
MJDT00TTBW0720018962,MJDT,TTBW07200189
LDKI00QGGG4552083207,LDKI,QGGG45520832
VOMM00OCNJ6969761076,VOMM,OCNJ69697610
ATQS00ODDU4742149126,ATQS,ODDU47421491
TKJX00KGTB8355881623,TKJX,KGTB83558816
VQSI00MYGK6935763864,VQSI,MYGK69357638
ELSN00HZAW7892883158,ELSN,HZAW78928831
RGZM00ERLX5576109625,RGZM,ERLX55761096
TGAJ00QVMJ7582460027,TGAJ,QVMJ75824600
VLOD00OWQQ0465682987,VLOD,OWQQ04656829
VDYR00OVTL3986262834,VDYR,OVTL39862628
PEWU00IUAO4150465216,PEWU,IUAO41504652
IMYW00EGRA3596916436,IMYW,EGRA35969164
RASM00BQYG9695286676,RASM,BQYG96952866
TCYP00FRTS5492500011,TCYP,FRTS54925000
URCR00OZDX4445255792,URCR,OZDX44452557
LBCF00HAHF0609080047,LBCF,HAHF06090800
MOLW00AMVT2579162283,MOLW,AMVT25791622
BTBY00ISJB1443322897,BTBY,ISJB14433228
ZIYG00MSUL3079796625,ZIYG,MSUL30797966
DJTR00LHEO7207252612,DJTR,LHEO72072526
VFIH00SERF2432702191,VFIH,SERF24327021
DBUE00LGVZ3006204431,DBUE,LGVZ30062044
NQAC00EHIO1131336541,NQAC,EHIO11313365
HULV00PTIS8632733676,HULV,PTIS86327336
CVFQ00VLMZ7084730180,CVFQ,VLMZ70847301
GMSJ00ZSCK7000748642,GMSJ,ZSCK70007486
MONV00GTMQ5360316769,MONV,GTMQ53603167
IZYA00QIWY1638166922,IZYA,QIWY16381669
WYVQ00PERZ8162777437,WYVQ,PERZ81627774
CVPY00CGHM4178655229,CVPY,CGHM41786552
OHVD00LEJW5383463372,OHVD,LEJW53834633
LPAV00BKKJ4336862938,LPAV,BKKJ43368629
XMSC00TOEL0316236949,XMSC,TOEL03162369
BAFX00AAME7337410459,BAFX,AAME73374104
NZHB00UWRW3331413221,NZHB,UWRW33314132
PBLF00MNJS9860944267,PBLF,MNJS98609442
WVUV00NRCD1185118602,WVUV,NRCD11851186
SJJT00UNOP5579673567,SJJT,UNOP55796735
EJXY00IGYI5152984824,EJXY,IGYI51529848
SIZC00EBJV1933194352,SIZC,EBJV19331943
ZXQZ00KMIY3616324125,ZXQZ,KMIY36163241
PNVD00NTEA9220958191,PNVD,NTEA92209581
PBSQ00SLQH0589844426,PBSQ,SLQH05898444
UOIM00UCDS5778339867,UOIM,UCDS57783398
BQHZ00RQJG2233560056,BQHZ,RQJG22335600
CULL00HYAM7266335092,CULL,HYAM72663350
TRJJ00YUOC1314151549,TRJJ,YUOC13141515
HTXP00QCFS7293418242,HTXP,QCFS72934182
OXAS00ERMQ1737741129,OXAS,ERMQ17377411
HWGY00OQCP4069020967,HWGY,OQCP40690209
CFVK00EFPZ0954811335,CFVK,EFPZ09548113
CXNE00GDHM2278219308,CXNE,GDHM22782193
RDDE00WEPM3738107172,RDDE,WEPM37381071
LHHQ00WIEH2256587059,LHHQ,WIEH22565870
KMRN00NNAJ3307720983,KMRN,NNAJ33077209
ZAGK00ONPH8548917542,ZAGK,ONPH85489175
HVYR00PCPF3457145138,HVYR,PCPF34571451
DGFC00TNOG7813723259,DGFC,TNOG78137232
WQCL00XUBZ7885929469,WQCL,XUBZ78859294
CNCQ00HBPB8462223780,CNCQ,HBPB84622237
URAD00RCGO7238413831,URAD,RCGO72384138
SCGD00CSGA4603886421,SCGD,CSGA46038864
AWCC00YVDS0172661691,AWCC,YVDS01726616
VAYF00GHLP1976210716,VAYF,GHLP19762107
IDWL00RSZT3398770575,IDWL,RSZT33987705
PGVW00WBWF9900769925,PGVW,WBWF99007699
HJJM00XYOR0986445065,HJJM,XYOR09864450
GIQM00TEFU2887089827,GIQM,TEFU28870898
TJSN00ANUO8119743995,TJSN,ANUO81197439
YCWA00WFQE9656699585,YCWA,WFQE96566995
UXUD00ZNOS7826263507,UXUD,ZNOS78262635
EARM00YJBP3209610484,EARM,YJBP32096104
ANLL00OOUK0873038004,ANLL,OOUK08730380
HWQR00SPBF7508248917,HWQR,SPBF75082489
XZNT00BITX5602289530,XZNT,BITX56022895
GCQN00UEQP3684750713,GCQN,UEQP36847507
FJWK00HILX8011348537,FJWK,HILX80113485
WAQU00YJUK2495003066,WAQU,YJUK24950030
JKYC00FXFD1063582570,JKYC,FXFD10635825
JWKJ00MERN1245558133,JWKJ,MERN12455581
JEXZ00SWWT4898890303,JEXZ,SWWT48988903
QUMW00HIYV8038790306,QUMW,HIYV80387903
EWDR00KFQO4567240695,EWDR,KFQO45672406
OGUN00XNGT5797817591,OGUN,XNGT57978175
BKOS00LURK8976793214,BKOS,LURK89767932
YAJT00GEQW8131214659,YAJT,GEQW81312146
CFIH00JTYJ4801411733,CFIH,JTYJ48014117
TPQY00NVKA8089502804,TPQY,NVKA80895028
ONHU00MGAK3842980778,ONHU,MGAK38429807
JVGL00SUVA4351533851,JVGL,SUVA43515338
QHBP00XSTP3904937627,QHBP,XSTP39049376
DFYT00VXKY5188900670,DFYT,VXKY51889006
UFIH00VGGH6398819758,UFIH,VGGH63988197
CRLK00WTNY0820400732,CRLK,WTNY08204007
ZJIV00JJVQ9748146195,ZJIV,JJVQ97481461
ASNB00CULJ6347094651,ASNB,CULJ63470946
FPLQ00PZOS9349484514,FPLQ,PZOS93494845
GXCY00VPKY1734861756,GXCY,VPKY17348617
OJDW00QHFG4874787428,OJDW,QHFG48747874
NSUR00KRLY1331839044,NSUR,KRLY13318390
IYMJ00UWIO7662063362,IYMJ,UWIO76620633
WEFV00KITL5128692988,WEFV,KITL51286929
UGTI00XIAP7718833134,UGTI,XIAP77188331
RJOG00TVZS9559373746,RJOG,TVZS95593737
BVJE00KYJC9301139383,BVJE,KYJC93011393
YVET00WVKS9398956416,YVET,WVKS93989564
ICGE00LTIS9144730642,ICGE,LTIS91447306
PXHK00NCLJ7568168861,PXHK,NCLJ75681688
ALJM00EOQE4278000951,ALJM,EOQE42780009
WJMY00DJVC9007578314,WJMY,DJVC90075783
OLAO00UASY0756290688,OLAO,UASY07562906
OQLW00ACDI7981861795,OQLW,ACDI79818617
ZSRY00ZLHT3471337581,ZSRY,ZLHT34713375
VGBH00XNRQ0884662348,VGBH,XNRQ08846623
HISF00IPBH0460523770,HISF,IPBH04605237
VWPP00WDDG9166891566,VWPP,WDDG91668915
LHVD00GRSO3910212478,LHVD,GRSO39102124
CRHE00XAYB4402153788,CRHE,XAYB44021537
IFMP00XEEU1634651475,IFMP,XEEU16346514
DHLM00TPLW1477282409,DHLM,TPLW14772824
VLLF00WARW3932153036,VLLF,WARW39321530
EZGG00RTYK2156522292,EZGG,RTYK21565222
USNV00ZULK2149494278,USNV,ZULK21494942
CSKW00HCHY8842170696,CSKW,HCHY88421706
CJUQ00TNAN1347032822,CJUQ,TNAN13470328
UGFG00OKVA3044790312,UGFG,OKVA30447903
NGDV00DLFZ8125064584,NGDV,DLFZ81250645
PJZA00WZQQ2614557950,PJZA,WZQQ26145579
MRSU00VYEU3976807993,MRSU,VYEU39768079
EIEN00BKGF6045408398,EIEN,BKGF60454083
DAAD00AWPU9053360737,DAAD,AWPU90533607
UOCK00COUU6900449566,UOCK,COUU69004495
BUIZ00FRWD9008115870,BUIZ,FRWD90081158
CWPN00WDDL8927205832,CWPN,WDDL89272058
QGPZ00XCYM7399222493,QGPZ,XCYM73992224
PLRZ00FYUP1009871678,PLRZ,FYUP10098716
BBLM00TNYK7902561898,BBLM,TNYK79025618
HKVX00FIMT2249881426,HKVX,FIMT22498814
ZVYW00HWPJ1419756328,ZVYW,HWPJ14197563
OWTK00NTWS1229788978,OWTK,NTWS12297889
EPGH00XSBZ5322867487,EPGH,XSBZ53228674
EATP00FKYH8674755482,EATP,FKYH86747554
FXDJ00UWZB4259876036,FXDJ,UWZB42598760
TWGE00IRDM1571292647,TWGE,IRDM15712926
QPRN00QSXX8150333772,QPRN,QSXX81503337
YWAM00GNKI1994525453,YWAM,GNKI19945254
CQWT00CUFW2908765485,CQWT,CUFW29087654
PBQU00NZGR3597949174,PBQU,NZGR35979491
LEYL00OBJE0709779234,LEYL,OBJE07097792
XCLE00DAAP2692541295,XCLE,DAAP26925412
GFPM00FYSG5895559180,GFPM,FYSG58955591
ITQR00KZQG2839537883,ITQR,KZQG28395378
JTSS00YIJK0888202496,JTSS,YIJK08882024
KTDT00FQTS0749518334,KTDT,FQTS07495183
FHBP00WQGG2188628405,FHBP,WQGG21886284
GBVO00SHVZ9402122069,GBVO,SHVZ94021220
COCB00RQVF4103357266,COCB,RQVF41033572
JVSB00EBBA4920261445,JVSB,EBBA49202614
OETX00HMFJ0301552435,OETX,HMFJ03015524
QSTW00BWFG1139339706,QSTW,BWFG11393397
DDPC00XAIO2916419205,DDPC,XAIO29164192
EYWV00AZPE3077123065,EYWV,AZPE30771230
SUFP00EAAE4813559675,SUFP,EAAE48135596
YKOH00HZQW7535742707,YKOH,HZQW75357427
DULD00SYNP2042033282,DULD,SYNP20420332
MYMG00HMQN6708194475,MYMG,HMQN67081944
LJUP00EBCM9249640136,LJUP,EBCM92496401
WGDV00CFJE4168101058,WGDV,CFJE41681010
MYPJ00JFXW6602041590,MYPJ,JFXW66020415
UPJS00DAUH2150466458,UPJS,DAUH21504664
RYXW00DREB5550866193,RYXW,DREB55508661
HIJX00IBYZ0002337332,HIJX,IBYZ00023373
PJBH00QOPT9188903453,PJBH,QOPT91889034
UTUQ00VXDC0908691547,UTUQ,VXDC09086915
YNXX00CXVN2222000313,YNXX,CXVN22220003
OTXD00DWEF2925157612,OTXD,DWEF29251576
FEOX00JWDC3649224582,FEOX,JWDC36492245
TLYJ00REMD1426832328,TLYJ,REMD14268323
YJJL00HTXD4422613583,YJJL,HTXD44226135
FCVV00DTDK0543662754,FCVV,DTDK05436627
PRDC00ZTZD2673460353,PRDC,ZTZD26734603
VJMI00KTLN9709099582,VJMI,KTLN97090995
TYZS00OHSR8598434502,TYZS,OHSR85984345
UNKY00GZFB1372508412,UNKY,GZFB13725084
CBUN00TWCR9691372605,CBUN,TWCR96913726
QNGC00UOKZ4829015067,QNGC,UOKZ48290150
KJIW00SLKN0375363704,KJIW,SLKN03753637
VTMA00OYZV4131811211,VTMA,OYZV41318112
LCMS00UUCZ7182977734,LCMS,UUCZ71829777
SVVW00WYCP0139920286,SVVW,WYCP01399202
PCMZ00XSDA9660456067,PCMZ,XSDA96604560
HLPL00UECU6599816070,HLPL,UECU65998160
NZZK00OVZI7669453227,NZZK,OVZI76694532
LISY00GBGT4298526040,LISY,GBGT42985260
YIRY00WAWD3214415459,YIRY,WAWD32144154
DTQR00TLHI8521252852,DTQR,TLHI85212528
GREH00KQEO0804687196,GREH,KQEO08046871
TRWU00JHCP6364991958,TRWU,JHCP63649919
DNWK00KJVB7012958581,DNWK,KJVB70129585
ZHRB00IMSE4103232251,ZHRB,IMSE41032322
JQEK00SPZN5260381582,JQEK,SPZN52603815
GZPX00RPPR4472882344,GZPX,RPPR44728823
DUJK00HLIV6099591484,DUJK,HLIV60995914
ZJEN00PCQH9711690119,ZJEN,PCQH97116901
LSRH00VMRE9841792085,LSRH,VMRE98417920
ASQX00KVTT3540547269,ASQX,KVTT35405472
YHNJ00QUIX2174763456,YHNJ,QUIX21747634
LUGL00LDOY2137437496,LUGL,LDOY21374374
GUDZ00RJLC7032149392,GUDZ,RJLC70321493
AYOW00LZQR7005701972,AYOW,LZQR70057019
QMRJ00GJGU3694014181,QMRJ,GJGU36940141
MIZT00LDTT5677322127,MIZT,LDTT56773221
NECE00HZQZ7597378543,NECE,HZQZ75973785
OAIY00TMZN0834076341,OAIY,TMZN08340763
FLWA00NJLF5923245803,FLWA,NJLF59232458
GPYK00MBLG0909683729,GPYK,MBLG09096837
MANM00IDMQ6261162468,MANM,IDMQ62611624
KZMK00NPMC7166859266,KZMK,NPMC71668592
CYBF00PUPK8073716954,CYBF,PUPK80737169
FRUV00YMTI1842149745,FRUV,YMTI18421497
SDYH00WSWS3985574612,SDYH,WSWS39855746
WTCW00KRSV1153721158,WTCW,KRSV11537211
TUVC00IUKL3802578355,TUVC,IUKL38025783
BEGO00QZIM2862155463,BEGO,QZIM28621554
IKUH00RGPQ5001613158,IKUH,RGPQ50016131
PEGM00ZLRF8889089329,PEGM,ZLRF88890893
APMJ00LJZE5603114848,APMJ,LJZE56031148
IWMJ00OUFA4541059077,IWMJ,OUFA45410590
XYCG00XODM9931540554,XYCG,XODM99315405
ZDSS00IHUF0715459938,ZDSS,IHUF07154599
VUUI00QESD9189372732,VUUI,QESD91893727
ZZZP00CVYJ3793588636,ZZZP,CVYJ37935886
HKPE00MMHJ8803567195,HKPE,MMHJ88035671
JIZO00QQDZ5775321289,JIZO,QQDZ57753212
BGSK00GRPP6560870224,BGSK,GRPP65608702
KHJW00HCKV6584485625,KHJW,HCKV65844856
RRCF00WZAA7767138748,RRCF,WZAA77671387
EJLE00EVTM1589117918,EJLE,EVTM15891179
JNEW00ESKC3697848341,JNEW,ESKC36978483
HMOE00JGVU2982818077,HMOE,JGVU29828180
VVEM00VFKX8170955436,VVEM,VFKX81709554
UVEF00SCTT5576396189,UVEF,SCTT55763961
JKLP00VKPU7959179166,JKLP,VKPU79591791
VUXV00HKXJ8064029978,VUXV,HKXJ80640299
BYAZ00OLYK4623513909,BYAZ,OLYK46235139
TTCQ00MGPT4149780990,TTCQ,MGPT41497809
RHFI00GAKF3727635140,RHFI,GAKF37276351
VUBS00LJGD6323573403,VUBS,LJGD63235734
THUO00FKQB9493949819,THUO,FKQB94939498
KTLP00JTTQ2568477734,KTLP,JTTQ25684777
MTSK00POQN6915055521,MTSK,POQN69150555
FPUC00KNGO4837111843,FPUC,KNGO48371118
NYKF00SYWM9640799624,NYKF,SYWM96407996
OCBO00NHGB5439427714,OCBO,NHGB54394277
EPLZ00PMSS9992346639,EPLZ,PMSS99923466
YKLM00JIMQ0259875344,YKLM,JIMQ02598753
AUWQ00XKST7786104417,AUWQ,XKST77861044
CPIV00ODTT2838123760,CPIV,ODTT28381237
MYRF00HTRN3822758670,MYRF,HTRN38227586
JLZH00VGGP5920291448,JLZH,VGGP59202914
TCHD00JSOO3020295534,TCHD,JSOO30202955
DXAG00GWLP0443851490,DXAG,GWLP04438514
AJEL00BMUQ7229525339,AJEL,BMUQ72295253
IDAX00VEYO2256125103,IDAX,VEYO22561251
VLXT00KYAJ3602311545,VLXT,KYAJ36023115
NGWN00UUPL3601734807,NGWN,UUPL36017348
CYFL00WBPF3975884625,CYFL,WBPF39758846
OIHZ00SREY1455794009,OIHZ,SREY14557940
XQJN00LDAY0691843217,XQJN,LDAY06918432
QGZK00LPII8455069195,QGZK,LPII84550691
DGAS00FCDU3430753020,DGAS,FCDU34307530
CZRU00FXBC2975212637,CZRU,FXBC29752126
VGDY00AJXL1077795751,VGDY,AJXL10777957
WJCE00GLGJ9096101175,WJCE,GLGJ90961011
QEZB00JSBG7387962357,QEZB,JSBG73879623
DFOH00SIMH2879433808,DFOH,SIMH28794338
XWBA00ILHZ8867879189,XWBA,ILHZ88678791
HYJH00ROAG1100492838,HYJH,ROAG11004928
MKTQ00EXLC2858962539,MKTQ,EXLC28589625
PWGX00BPUK9603626626,PWGX,BPUK96036266
HYMJ00SGYQ6269360456,HYMJ,SGYQ62693604
BGPK00CBKH5032617346,BGPK,CBKH50326173
GMOE00YWJT3297279339,GMOE,YWJT32972793
STHP00ZEDQ9967719378,STHP,ZEDQ99677193
XXOI00GBWL9662333627,XXOI,GBWL96623336
QLPS00VHTF9319500653,QLPS,VHTF93195006
GUUK00KVUQ9294426665,GUUK,KVUQ92944266
CEXD00ZQEO2250423391,CEXD,ZQEO22504233
LASL00UBEI1370307365,LASL,UBEI13703073
NAMH00IUAT4755169382,NAMH,IUAT47551693
IWMS00UCBN7599743754,IWMS,UCBN75997437
ONJJ00XQYH5149646769,ONJJ,XQYH51496467
DDBO00YYEX2592257848,DDBO,YYEX25922578
UKKF00TGDZ9796198669,UKKF,TGDZ97961986
BUHL00OTDW4094637338,BUHL,OTDW40946373
EMPV00NAIJ1134609457,EMPV,NAIJ11346094
BNBW00GGBH0068161858,BNBW,GGBH00681618
OGOT00UPEY9400961584,OGOT,UPEY94009615
NAXP00XBGA7352866285,NAXP,XBGA73528662
GJIB00BHJE8205536239,GJIB,BHJE82055362
LCGM00CZIX4898077429,LCGM,CZIX48980774
ZHEK00GWCS3174474863,ZHEK,GWCS31744748
JVBA00BVOX4508576548,JVBA,BVOX45085765
FWXJ00TBAK9238467003,FWXJ,TBAK92384670
NQBO00SKAK0066312651,NQBO,SKAK00663126
SHYY00WYTD7639314445,SHYY,WYTD76393144
WUHF00BOCK9380063395,WUHF,BOCK93800633
SOQW00SUXX6460179412,SOQW,SUXX64601794
BGJM00HNIZ6957433667,BGJM,HNIZ69574336
RVTN00LPXO7552066669,RVTN,LPXO75520666
UNBY00ISKK7151309965,UNBY,ISKK71513099
IQNR00VALR4957167362,IQNR,VALR49571673
OIJN00TOSL2093753393,OIJN,TOSL20937533
BPAY00BLGM5360185481,BPAY,BLGM53601854
CSGB00VQUN8837446320,CSGB,VQUN88374463
MAGC00APTS3620732963,MAGC,APTS36207329
BCCA00WNDJ1474089142,BCCA,WNDJ14740891
ETME00NERJ5630427084,ETME,NERJ56304270
WRJA00QVPU8801796673,WRJA,QVPU88017966
TVUC00NNWZ5467927594,TVUC,NNWZ54679275
ILNS00PHYP8838534231,ILNS,PHYP88385342
UYSN00XUYF3463095360,UYSN,XUYF34630953
XWQN00IIFQ8131059193,XWQN,IIFQ81310591
OAOC00XFJV7086841791,OAOC,XFJV70868417
RCIW00ZKGM5794419230,RCIW,ZKGM57944192
PEZB00PGXS6533405029,PEZB,PGXS65334050
HQEL00OFDF0898596093,HQEL,OFDF08985960
UILD00OEFU7228160003,UILD,OEFU72281600
MEGX00GICR4280022792,MEGX,GICR42800227
JYJL00XRKE5062107545,JYJL,XRKE50621075
VRDX00VBTV3893160631,VRDX,VBTV38931606
JCPU00TVHO9033626905,JCPU,TVHO90336269
YBUX00DTSZ9555940625,YBUX,DTSZ95559406
AYUO00VERS8940326284,AYUO,VERS89403262
ZFVY00IRFC0400297136,ZFVY,IRFC04002971
SKJA00ZKPM7104779829,SKJA,ZKPM71047798
WCQN00JMWX1913436954,WCQN,JMWX19134369
TWBU00OGXX3848611171,TWBU,OGXX38486111
ILSX00WOSM1636097628,ILSX,WOSM16360976
HCVN00BUFF5287800796,HCVN,BUFF52878007
WYHJ00HLHR3846187747,WYHJ,HLHR38461877
VBAF00OIQU1253067922,VBAF,OIQU12530679
TVHP00EXKU6318319277,TVHP,EXKU63183192
JVNL00CPHU5672265992,JVNL,CPHU56722659
ILSK00HWGI5288690848,ILSK,HWGI52886908
BCBW00IBYO5033677952,BCBW,IBYO50336779
EVAB00INUY7678613411,EVAB,INUY76786134
JEWV00IIEC0974621654,JEWV,IIEC09746216
NTUT00FVKF7620106335,NTUT,FVKF76201063
PDYY00SZVE2499460357,PDYY,SZVE24994603
PXYO00SCSS4951690207,PXYO,SCSS49516902
YHMK00FIXB6806598377,YHMK,FIXB68065983
IGVB00MQTV3628944090,IGVB,MQTV36289440
WZXJ00QWND9396599752,WZXJ,QWND93965997
RXCI00QUKV0881255015,RXCI,QUKV08812550
WVKC00MBYI7593048347,WVKC,MBYI75930483
YHLG00GIRH0360905085,YHLG,GIRH03609050
DDFR00CBKG8014674911,DDFR,CBKG80146749
RERD00BEFT2612265945,RERD,BEFT26122659
ELIO00PBVU3654675642,ELIO,PBVU36546756
TSUA00AOTA7211632939,TSUA,AOTA72116329
WRWF00ZGVU4391167993,WRWF,ZGVU43911679
PMHO00GDUP6535229126,PMHO,GDUP65352291
WUPX00TBEK0490110197,WUPX,TBEK04901101
FTRD00OCSA7884968560,FTRD,OCSA78849685
NGHJ00RISK1991973568,NGHJ,RISK19919735
IPRV00QSVA9366388646,IPRV,QSVA93663886
ARXZ00EUKW1893604151,ARXZ,EUKW18936041
OMUZ00WNGC8456132521,OMUZ,WNGC84561325
TFZX00NGMJ3934692762,TFZX,NGMJ39346927
PPEG00LPXO2290607162,PPEG,LPXO22906071
MSTJ00CBJN8984010550,MSTJ,CBJN89840105
FLHL00RXSP2370354026,FLHL,RXSP23703540
XPMJ00NOUO5959600340,XPMJ,NOUO59596003
TPXZ00LUVR6742078036,TPXZ,LUVR67420780
EAGO00QHYY3611449487,EAGO,QHYY36114494
TQVF00RNYE0296780030,TQVF,RNYE02967800
ONNP00IRXU0326461395,ONNP,IRXU03264613
TKLG00ZHPP5808027644,TKLG,ZHPP58080276
WWNT00OTGY1482738380,WWNT,OTGY14827383
UOZF00EAQA3974320248,UOZF,EAQA39743202
PRTA00MDUK5684619565,PRTA,MDUK56846195
VGDK00SSPN0447405480,VGDK,SSPN04474054
IGGD00JKQR5131056517,IGGD,JKQR51310565
YOFF00ARRT8731699704,YOFF,ARRT87316997
PLEL00HWNH6340322412,PLEL,HWNH63403224
IUKN00DMGC5770610991,IUKN,DMGC57706109
GDUA00AJLR8600452751,GDUA,AJLR86004527
MNVJ00DDCQ3072361430,MNVJ,DDCQ30723614
WBOI00HLRX4637690049,WBOI,HLRX46376900
RGIF00RLYR8534641727,RGIF,RLYR85346417
MQIF00QWKX5622283238,MQIF,QWKX56222832
UIGT00QYZT0581687822,UIGT,QYZT05816878
KWEA00TNEC7009500074,KWEA,TNEC70095000
WMOW00NKLI2938848960,WMOW,NKLI29388489
EHYZ00TOIB9425913871,EHYZ,TOIB94259138
XFIA00ROTK3709681219,XFIA,ROTK37096812
HSZM00RQLB0433354630,HSZM,RQLB04333546
EXVK00UTVM1613910916,EXVK,UTVM16139109
SVFN00OBXC3348349353,SVFN,OBXC33483493
KSOX00HZEC8660739253,KSOX,HZEC86607392
MJZR00ULES1245188703,MJZR,ULES12451887
VLGU00MZRS4402711555,VLGU,MZRS44027115
RTNO00FMVD3747588677,RTNO,FMVD37475886
GKIQ00OPGA9228441865,GKIQ,OPGA92284418
SYZG00YHCF4293097482,SYZG,YHCF42930974
JZBN00ZAGC1540792774,JZBN,ZAGC15407927
SGCL00ELVH8085590278,SGCL,ELVH80855902
OPSU00EOPP0155055532,OPSU,EOPP01550555
GSBD00EYSS7047108930,GSBD,EYSS70471089
PKOI00UBOA5649991031,PKOI,UBOA56499910
IHNY00PFTM0288492488,IHNY,PFTM02884924
CSGR00RJBE8458897678,CSGR,RJBE84588976
QZYO00NXRA2760280414,QZYO,NXRA27602804
ERKY00GPQF7811189718,ERKY,GPQF78111897
GWPS00DGJS9527760946,GWPS,DGJS95277609
VWTU00CJNY1628932759,VWTU,CJNY16289327
CKTK00MVKP9075636632,CKTK,MVKP90756366
CKRZ00CWGX4184608648,CKRZ,CWGX41846086
IJUH00LKTA9004018568,IJUH,LKTA90040185
GDDW00AYUF2543611833,GDDW,AYUF25436118
PZJD00KMFT1410925731,PZJD,KMFT14109257
KUOF00XNRO4832061814,KUOF,XNRO48320618
TQXJ00QVDY2603676173,TQXJ,QVDY26036761
KZNQ00BDWQ4603962536,KZNQ,BDWQ46039625
